unit_id,unit_name,bv2
5513,'Mech Hole,0
5514,'Mech Trap,0
2,AA Jump Infantry,98
3,AA Mechanized infantry,85
5,AC/2 Carrier,403
4,AC/2 Carrier (LB-X),536
5588,AC/2 Carrier (Primitive),351
6,Achileus Light Battle Armor (WoB) (Sqd4),150
8472,Achileus Light Battle Armor (WoB) (Sqd5),202
8837,Achileus Light Battle Armor (WoB) (Sqd6),259
7,Achileus Light Battle Armor [David] (Sqd4),189
8473,Achileus Light Battle Armor [David] (Sqd5),255
8838,Achileus Light Battle Armor [David] (Sqd6),327
8,Achileus Light Battle Armor [Flamer] (Sqd4),173
8474,Achileus Light Battle Armor [Flamer] (Sqd5),233
8839,Achileus Light Battle Armor [Flamer] (Sqd6),300
9,Achileus Light Battle Armor [Laser] (Sqd4),205
8475,Achileus Light Battle Armor [Laser] (Sqd5),276
8840,Achileus Light Battle Armor [Laser] (Sqd6),355
10,Achileus Light Battle Armor [MG] (Sqd4),173
8476,Achileus Light Battle Armor [MG] (Sqd5),233
8841,Achileus Light Battle Armor [MG] (Sqd6),300
11,Achileus Light Battle Armor [TAG] (Sqd4),133
8477,Achileus Light Battle Armor [TAG] (Sqd5),179
8842,Achileus Light Battle Armor [TAG] (Sqd6),230
3667,Achilles (2582),0
3668,Achilles (3055),0
601,Ad Hoc Clan Foot Infantry,129
3669,Adelante Passenger/Cargo Train,0
3670,Aegis Heavy Cruiser (2372),0
3671,Aegis Heavy Cruiser (2582),153005
3672,Aegis Heavy Cruiser (Clan),0
7388,Aegis Point Defense Suit (Sqd4),179
8829,Aegis Point Defense Suit (Sqd5),242
9192,Aegis Point Defense Suit (Sqd6),311
12,Aerial Beast Infantry,43
3673,Aerie PA(L) (Salvage) (Sqd4),27
8600,Aerie PA(L) (Salvage) (Sqd5),37
8964,Aerie PA(L) (Salvage) (Sqd6),47
3674,Aerie PA(L) (Sqd4),27
8601,Aerie PA(L) (Sqd5),37
8965,Aerie PA(L) (Sqd6),47
14,Aeron Strike VTOL,875
13,Aeron Strike VTOL (BAP),775
15,Aeshna Heavy Drone Fighter,2032
3675,Aeshna Heavy Drone Fighter (Original),0
3676,Aesir Assault DropShip,0
6249,Aesir Medium AA Vehicle,768
6250,Aesir Medium AA Vehicle (HAG),1505
3677,Afreet Medium Battle Armor (Hell's Horses) (Sqd4),164
8602,Afreet Medium Battle Armor (Hell's Horses) (Sqd5),221
8966,Afreet Medium Battle Armor (Hell's Horses) (Sqd6),285
16,Afreet Medium Battle Armor (Interdictor) (Sqd4),189
8478,Afreet Medium Battle Armor (Interdictor) (Sqd5),255
8843,Afreet Medium Battle Armor (Interdictor) (Sqd6),327
3678,Afreet Medium Battle Armor (Jade Falcon) (Sqd4),326
8603,Afreet Medium Battle Armor (Jade Falcon) (Sqd5),439
8967,Afreet Medium Battle Armor (Jade Falcon) (Sqd6),565
3679,Afreet Medium Battle Armor (Sqd4),217
8604,Afreet Medium Battle Armor (Sqd5),292
8968,Afreet Medium Battle Armor (Sqd6),376
3680,Agamemnon Heavy Cruiser,162059
6459,Agrotera AGT-1A,1578
8365,"Agrotera AGT-UA ""Ariel""",2199
17,Ahab AHB-443,1738
3681,Ahab AHB-443b,1889
18,Ahab AHB-643,1537
19,Ahab AHB-MD,1876
20,Ahab AHB-X,1818
3682,Ahab Whaler,0
5579,Ailette Rescue PA(L) (Sqd4),28
8708,Ailette Rescue PA(L) (Sqd5),38
9072,Ailette Rescue PA(L) (Sqd6),49
3683,Ailette Zero-G Engineering Exoskeleton (Sqd4),20
8605,Ailette Zero-G Engineering Exoskeleton (Sqd5),27
8969,Ailette Zero-G Engineering Exoskeleton (Sqd6),35
3684,Air Car,0
5375,AirRescue VTOL,0
3685,Aithon Assault Transport,1666
3686,Aithon Assault Transport 2,0
21,Ajax Assault Tank (Sealed),1551
3688,Ajax Assault Tank A,2042
3689,Ajax Assault Tank B,1706
5740,Ajax Assault Tank C,1883
5741,Ajax Assault Tank D,1507
3690,Ajax Assault Tank Prime,1789
3691,Akuma AKU-1X,1959
3692,Akuma AKU-1XJ,2203
5713,Akuma AKU-2X,2122
22,Akuma AKU-2XC,2134
5714,Akuma AKU-2XK,2170
5622,Alacorn Heavy Tank Mk. I,1080
5623,Alacorn Heavy Tank Mk. II,1017
23,Alacorn Heavy Tank Mk. III,1432
24,Alacorn Heavy Tank Mk. IV,1400
8151,Alacorn Heavy Tank Mk. V,0
25,Alacorn Heavy Tank Mk. VI,1850
26,Alacorn Heavy Tank Mk. VII,2163
27,Albatross ALB-3U,1668
28,Albatross ALB-3Ur,1902
29,Albatross ALB-4U,1907
9510,Albatross ALB-4Ur,1893
9511,Albatross ALB-5U,1885
9509,Albatross ALB-5W,2370
30,Albatross ALB-5W (Dantalion),2296
9507,Albatross ALB-6U,2162
9508,"Albatross C ""Sooty Albatross""",2885
3694,Alfar AL-A1,1447
3693,"Alfar AL-D1 ""Dökkálfar""",0
3695,Alliance Station,0
8441,Alpha Wolf A,3359
8442,Alpha Wolf B,2672
8443,Alpha Wolf C,2535
8440,Alpha Wolf Prime,2966
8239,Amarok,3185
8240,Amarok 2,3351
8241,Amarok 3,2675
6428,Amazon Battle Armor [MRR] (Sqd4),328
8743,Amazon Battle Armor [MRR] (Sqd5),441
9106,Amazon Battle Armor [MRR] (Sqd6),566
6429,Amazon Battle Armor [PPC] (Sqd4),288
8744,Amazon Battle Armor [PPC] (Sqd5),388
9107,Amazon Battle Armor [PPC] (Sqd6),498
3696,Ammon,2202
5753,Ammon 2,2628
3697,Ammon XR,2549
3698,Anastaska Maro Freighter,0
6245,Anat APC,308
3699,Andryusha-class Bombardment Frigate,0
31,Angerona Scout Suit (Recon) (Sqd4),170
8479,Angerona Scout Suit (Recon) (Sqd5),229
8844,Angerona Scout Suit (Recon) (Sqd6),295
32,Angerona Scout Suit (Sqd4),238
8480,Angerona Scout Suit (Sqd5),320
8845,Angerona Scout Suit (Sqd6),411
33,Anhur (P-Stealth),1035
35,Anhur Transport,720
34,Anhur Transport (BA),637
3700,Annihilator ANH-1A,1434
36,Annihilator ANH-1E,1625
37,Annihilator ANH-1G,2274
38,Annihilator ANH-1X,1926
39,Annihilator ANH-2A,1595
40,Annihilator ANH-2AX,2553
41,Annihilator ANH-3A,1712
42,Annihilator ANH-4A,1726
8386,Annihilator ANH-5W,2595
43,Annihilator C,2520
44,"Annihilator C ""Gausszilla""",2455
45,Annihilator C 2,2722
3701,Antares Series AS-17 C3ISR Satellite,0
5463,Anti-'Mech Jump Infantry,158
46,Anti-Infantry Unit,168
6338,Antlion LK-3D,859
3702,Anubis ABS-3L,951
5562,Anubis ABS-3MC,1074
3703,Anubis ABS-3R,970
3704,Anubis ABS-3T,1150
5656,Anubis ABS-4C,833
6453,Anubis ABS-5Y,1042
6454,Anubis ABS-5Z,1066
48,Anvil ANV-3M,1441
49,Anvil ANV-3R,1496
50,Anvil ANV-5M,1687
51,Anvil ANV-5Q,1336
52,Anvil ANV-6M,1366
53,Anvil ANV-8M,1690
6510,Anzu ZU-G60,1486
6511,Anzu ZU-J70,1680
3705,Apocalypse World Rover,0
54,Apollo APL-1M,1207
55,Apollo APL-1R,1148
56,Apollo APL-2S,1283
57,Apollo APL-3T,1240
3706,Apollo APL-4M,1302
7414,Apostle Self-Propelled Artillery,387
3708,Apple-Churchill Surveillance VTOL,0
3707,Apple-Churchill Surveillance VTOL (Personnel),0
58,Aquagladius AQS-3,834
59,Aquagladius AQS-4,1486
8108,Aquagladius AQS-5 MAM,1946
3709,Aquarius Escort,2263
3710,Aquarius Escort M1,2568
3711,Aquarius Escort W1,2698
3712,Aqueduct Liquid Carrier,0
6518,Aquila AQA-1M,1489
3713,Aquilla Transport JumpShip,957
5798,Araña ARA-S-1 MilitiaMech,1092
62,Arbalest,1029
60,Arbalest 2,1098
61,Arbalest 3,921
3714,Arbiter ARB-001 SecurityMech,507
3715,Arbiter ARB-001r SecurityMech,0
3716,Arcadia (3066),10965
5762,Arcadia (3080),13403
3717,Arcas,2484
3718,Arcas 2,2835
5686,Arcas 3,2305
64,Archangel C-ANG-O (Berith),2060
65,Archangel C-ANG-O Invictus,2237
66,Archangel C-ANG-OA Dominus,2134
67,Archangel C-ANG-OB Infernus,2069
68,Archangel C-ANG-OC Comminus,2014
69,Archangel C-ANG-OD Luminos,2105
70,Archangel C-ANG-OE Eminus,2097
71,Archangel C-ANG-OS Caelestis,2026
72,Archer (Wolf),2365
3721,Archer ARC-1A,1269
73,Archer ARC-2K,1356
74,Archer ARC-2R,1477
8274,Archer ARC-2R (Ismail),0
3722,Archer ARC-2R (Rubinsky),1411
75,Archer ARC-2Rb,1705
76,Archer ARC-2S,1393
77,Archer ARC-2W,1338
78,Archer ARC-4M,1705
8275,Archer ARC-4M (Ismail),0
7730,Archer ARC-4M2,1742
7598,Archer ARC-5CS,1609
79,Archer ARC-5R,1674
80,Archer ARC-5S,1353
81,Archer ARC-5W,1337
82,Archer ARC-6S,1694
83,Archer ARC-6W,1405
7731,Archer ARC-7C,2408
84,Archer ARC-7L,1881
85,Archer ARC-7S,1658
86,Archer ARC-8M,1759
87,Archer ARC-9K,1391
6875,Archer ARC-9KC,1361
88,Archer ARC-9M,1811
7732,Archer ARC-9R,1668
89,Archer ARC-9W,1774
5523,Archer Artillery Bunker,0
90,Archer C,1811
8387,Archer C 2,2167
91,Arctic Fox AF1,983
92,Arctic Fox AF1A,858
93,Arctic Fox AF1B,735
94,Arctic Fox AF1C,948
95,Arctic Fox AF1D,744
96,Arctic Fox AF1E,1094
97,Arctic Fox AF1F,891
98,Arctic Fox AF1U,821
99,Arctic Wolf,1330
100,Arctic Wolf 2,1511
101,Arctic Wolf A,1587
8155,Arctic Wolf II (Lana),0
104,Arctic Wolf II A,1645
105,Arctic Wolf II B,1678
106,Arctic Wolf II C,1913
107,Arctic Wolf II Prime,2111
102,Arctic Wolf J,1786
103,Arctic Wolf Prime,1641
6685,Ares ARS-V1 Zeus,3247
6686,Ares ARS-V1A Hera,2944
6687,Ares ARS-V1B Hades,2839
6688,Ares ARS-V1C Aphrodite,2903
6689,Ares ARS-V1D Hephaestus,2960
9500,Ares ARS-V1E Apollo,2986
5805,Ares Assault Craft Mk. III,0
7940,Ares Assault Craft Mk. VI,0
3727,Ares Assault Craft Mk. VII,0
3726,Ares Attack Craft Mk. IX,0
5804,Ares Close Assault Landing Craft Mk. II,0
5592,Ares Landing Craft Mk. I,0
109,Ares Medium Tank,1151
108,Ares Medium Tank (Plasma),1201
7617,Argo,1063
3728,Argo Submersible Carrier,0
3729,Argus AGS-2D,1566
3730,Argus AGS-4D,1638
5683,Argus AGS-5D,2065
5684,Argus AGS-6F,1524
110,Argus AGS-8DX,1598
6252,Arion,849
111,Armored Personnel Carrier (Hover LRM),193
112,Armored Personnel Carrier (Hover MG),114
113,Armored Personnel Carrier (Hover Primitive),41
3731,Armored Personnel Carrier (Hover Sensors),78
114,Armored Personnel Carrier (Hover SRM),131
115,Armored Personnel Carrier (Hover),102
116,Armored Personnel Carrier (Tracked LRM),208
117,Armored Personnel Carrier (Tracked MG),157
118,Armored Personnel Carrier (Tracked Primitive),61
119,Armored Personnel Carrier (Tracked SRM),168
120,Armored Personnel Carrier (Tracked),142
121,Armored Personnel Carrier (Wheeled LRM),194
122,Armored Personnel Carrier (Wheeled MG),172
123,Armored Personnel Carrier (Wheeled Primitive),57
124,Armored Personnel Carrier (Wheeled SRM),176
125,Armored Personnel Carrier (Wheeled),157
6446,Arrow IV Assault Vehicle,1404
3735,Arrow IV Carrier,0
7410,Asher Hover Scout,386
3736,"Ashigaru Freighter ""Ash Barge""",0
5466,Assassin,22
3737,"Assassin ""Servitor""",1019
126,Assassin ASN-101,757
9395,Assassin ASN-109,1158
127,Assassin ASN-21,749
128,Assassin ASN-23,740
129,Assassin ASN-30,925
3738,Assassin ASN-30 (Alice),1507
130,Assassin ASN-99,1116
132,Assault Commando,52
5765,Assault Triumph (3082),7673
133,Asshur Artillery Spotter,930
135,Asshur Fast Reconnaissance Vehicle,952
134,Asshur Fast Reconnaissance Vehicle (Proto AC),333
9223,Assuan Armored Bike,0
3742,Astrolux StarYacht LC-100,0
3743,Asura Medium Battle Armor (Anti-Infantry) (Sqd4),200
8606,Asura Medium Battle Armor (Anti-Infantry) (Sqd5),270
8970,Asura Medium Battle Armor (Anti-Infantry) (Sqd6),347
3745,Asura Medium Battle Armor (Sqd4),297
8608,Asura Medium Battle Armor (Sqd5),400
8972,Asura Medium Battle Armor (Sqd6),514
3744,Asura Medium Battle Armor (SRM) (Sqd4),211
8607,Asura Medium Battle Armor (SRM) (Sqd5),298
8971,Asura Medium Battle Armor (SRM) (Sqd6),383
6993,Athena,107892
137,Athena Combat Vehicle,1855
136,Athena Combat Vehicle (HAG),2444
3747,Athena Combat Vehicle XR,1427
3748,Atlantia Luxury Yacht,0
5564,Atlas AS7-00 (Jurn),2058
7433,Atlas AS7-A,1787
138,Atlas AS7-C,2163
139,Atlas AS7-CM,2036
140,Atlas AS7-D,1897
141,Atlas AS7-D (Danielle),1976
142,Atlas AS7-D-DC,1858
143,Atlas AS7-Dr,2101
144,Atlas AS7-K,2175
3749,Atlas AS7-K-DC,2158
145,Atlas AS7-K2,2160
5541,Atlas AS7-K2 (Jedra),1971
146,Atlas AS7-K3,2346
6832,Atlas AS7-K4,2153
147,Atlas AS7-RS,1849
148,Atlas AS7-S,1929
8291,Atlas AS7-S (Hanssen),0
149,Atlas AS7-S2,2378
5461,Atlas AS7-S3,2378
8437,Atlas AS7-S3-DC,2276
8436,Atlas AS7-S4,2568
150,Atlas AS7-WGS (Samsonov),1884
151,Atlas AS8-D,2432
8435,Atlas AS8-K,2668
8434,Atlas AS8-KE,2658
8433,Atlas AS8-S,2789
3750,Atlas C,2340
8431,Atlas C 2,2736
8432,Atlas C 3,2606
152,Atlas II AS7-D-H,2169
7398,Atlas II AS7-D-H (Devlin),2491
7310,Atlas II AS7-D-H (Kerensky),2777
153,Atlas II AS7-D-H2,2340
7618,Atlas II AS7-D-HT,2205
8459,Atlas II AS7-DK-H,2599
6359,Atlas III AS7-D2,2890
6358,Atlas III AS7-D3,2564
8148,Atlaua Costal Cutter,0
3751,Atreus Battleship,0
154,Augustus MBT A3,676
3756,Aurora,3262
3752,Aurora (Armor Carrier),3262
3753,Aurora (Cargo),3262
7336,Aurora (Combined Arms),3262
3754,Aurora (CV),3262
3755,Aurora (GunShip),7319
7337,Aurora (Tanker),3262
7338,Aurora (Vehicle),3262
8302,Auxiliary Defense Tank ADT-1,192
8303,Auxiliary Defense Tank ADT-2,0
6396,Avalanche AVL-1O,1540
6397,Avalanche AVL-1OA,1484
6398,Avalanche AVL-1OB,1529
6399,Avalanche AVL-1OC,1341
6400,Avalanche AVL-1ON,1873
6401,Avalanche AVL-1OR,2043
3758,Avalonmax-class Freighter,0
155,Avar A,2151
156,Avar B,2142
157,Avar C,1747
158,Avar D,1765
3762,Avar E,1438
159,Avar Prime,2068
160,Avatar AV1-O,1395
161,Avatar AV1-OA,1481
162,Avatar AV1-OB,1496
7634,Avatar AV1-OBLO,1550
163,Avatar AV1-OC,1406
164,Avatar AV1-OD,1475
165,Avatar AV1-OE,1563
166,Avatar AV1-OF,1667
167,Avatar AV1-OG,1775
168,Avatar AV1-OH,1604
169,Avatar AV1-OI,1606
6874,Avatar AV1-OJ,2223
170,Avatar AV1-OR,1833
171,Avatar AV1-OU,1359
3764,Avatar Heavy Cruiser,0
3765,Avenger (2816),0
3766,Avenger (3048),0
7423,Awesome (Jeff X. Mink),2166
172,Awesome AWS-10KM,1961
7397,Awesome AWS-10KM (Cameron),2466
7501,Awesome AWS-11H,2036
173,Awesome AWS-11M,1801
7349,Awesome AWS-11R,1878
7977,Awesome AWS-11V,1855
174,Awesome AWS-8Q,1605
3767,Awesome AWS-8Q (Barton),0
7311,Awesome AWS-8Q (Buck),1787
3768,Awesome AWS-8Q (Smith),2166
175,Awesome AWS-8R,1470
176,Awesome AWS-8T,1593
177,Awesome AWS-8V,1510
178,Awesome AWS-9M,1812
5594,Awesome AWS-9Ma,1836
179,Awesome AWS-9Q,1875
3770,Awesome AWS-9Q (Klatt),1805
8470,Awesome C,2737
182,Axel Heavy Tank IIC,1612
183,Axel Heavy Tank IIC (XL),2003
180,Axel Heavy Tank Mk 1,931
181,Axel Heavy Tank Mk 2,902
184,Axman AXM-1N,1374
185,Axman AXM-2N,1458
186,Axman AXM-3S,1649
187,Axman AXM-3Sr,1734
188,Axman AXM-4D,1222
7790,Axman AXM-5N,2575
3771,Axman AXM-6T,1830
3772,Axman AXM-6X,2132
189,Baboon (Howler),645
190,Baboon (Howler) 2,757
191,"Baboon (Howler) 3 ""Devil""",1277
7568,Baboon (Howler) 4,506
7569,Baboon (Howler) 5,1363
7570,Baboon (Howler) 6,550
5516,Backstab Bunker,0
192,Badger (C) Tracked Transport A,492
193,Badger (C) Tracked Transport B,540
194,Badger (C) Tracked Transport C,537
195,Badger (C) Tracked Transport D,506
196,Badger (C) Tracked Transport E,474
197,Badger (C) Tracked Transport F,441
198,Badger (C) Tracked Transport H,516
199,Badger (C) Tracked Transport Prime,602
3774,"Badger Tracked Transport ""Booze Cruiser""",0
200,Badger Tracked Transport A,437
201,Badger Tracked Transport B,431
202,Badger Tracked Transport C,450
203,Badger Tracked Transport D,540
204,Badger Tracked Transport E,434
205,Badger Tracked Transport F,399
206,Badger Tracked Transport G,474
207,Badger Tracked Transport Prime,549
3777,Bailey Armored Car,0
6975,Bakeneko BKN-1K,2022
210,Balac Strike VTOL,1271
6750,Balac Strike VTOL (Hybrid),797
208,Balac Strike VTOL (LRM),1278
209,Balac Strike VTOL (Spotter),934
3778,Baleena Passenger Submarine,0
8135,Baleena Passenger Submarine IIC,0
211,Balius A,2201
212,Balius B,2029
213,Balius C,2103
214,Balius D,2417
6883,Balius E,2156
215,Balius Prime,2157
216,Balius U,2014
6330,Ballista Artillery Trailer,1461
6775,Ballista Self-Propelled Artillery Tank,531
217,Bandersnatch BNDR-01A,1478
3780,Bandersnatch BNDR-01A (Horus),1587
218,Bandersnatch BNDR-01Ar,1522
219,Bandersnatch BNDR-01B,1630
220,Bandit (C) Hovercraft A,1145
221,Bandit (C) Hovercraft B,1162
222,Bandit (C) Hovercraft C,1231
223,Bandit (C) Hovercraft D,1093
224,Bandit (C) Hovercraft E,1063
225,Bandit (C) Hovercraft F,1119
226,Bandit (C) Hovercraft G,915
227,Bandit (C) Hovercraft H,1209
228,Bandit (C) Hovercraft Prime,1054
229,"Bandit Hovercraft ""Warthog""",872
230,Bandit Hovercraft A,902
231,Bandit Hovercraft B,753
232,Bandit Hovercraft C,792
233,Bandit Hovercraft D,827
234,Bandit Hovercraft E,839
235,Bandit Hovercraft F,887
236,Bandit Hovercraft G,837
237,Bandit Hovercraft H,708
238,Bandit Hovercraft I,914
3783,Bandit Hovercraft Mk. II,770
239,Bandit Hovercraft Prime,929
7424,Banshee (John Bauer),1853
5855,Banshee Aerospace Fighter BSE-X2,0
3784,Banshee BNC-11X,2030
8246,Banshee BNC-12S,2562
3785,Banshee BNC-1E,1458
240,Banshee BNC-3E,1422
8281,Banshee BNC-3E (El Guapo),0
241,Banshee BNC-3M,1595
242,Banshee BNC-3MC,1487
243,Banshee BNC-3Mr,1801
244,Banshee BNC-3Q,1394
245,Banshee BNC-3S,1751
246,Banshee BNC-3S (Reinesblatt),1678
247,Banshee BNC-5S,2065
3786,Banshee BNC-5S (Sawyer),2094
3787,Banshee BNC-5S (Vandergriff),1853
248,Banshee BNC-6S,1889
249,Banshee BNC-7S,2126
250,Banshee BNC-8S,2408
3788,Banshee BNC-9S,2496
6844,Banshee BNC-9S2,2426
251,Banzai BNZ-X,2647
6496,Bardiche Heavy Strike Tank,1305
6497,Bardiche Heavy Strike Tank (Minesweeper),1198
8049,Bardiche Heavy Strike Tank C,1291
252,Barghest BGS-1T,1787
253,Barghest BGS-2T,1794
254,Barghest BGS-3T,1900
3790,Barghest BGS-4T,1734
3791,Barghest BGS-4X,1667
255,Barghest BGS-7S,1526
3792,Baron Destroyer,27692
3832,Baronet Passenger VTOL,0
3793,Barouche Military Transport,424
256,Bashkir A,763
257,Bashkir B,697
258,Bashkir C,1069
259,Bashkir D,1009
3795,Bashkir E,877
260,Bashkir Prime,1108
5833,Bashkir Z,1151
3797,Basilisk,319
3796,Basilisk (Quad),258
5835,Basilisk (Quad) B,218
3798,Basilisk 2,237
3799,Basilisk 3,306
3800,Bastion System Defense Station,0
261,Battle Cobra A,1466
262,Battle Cobra B,1892
263,Battle Cobra BTL-C-2O,944
264,Battle Cobra BTL-C-2OA,1113
265,Battle Cobra BTL-C-2OB,895
266,Battle Cobra BTL-C-2OC,726
267,Battle Cobra BTL-C-2OD,1221
268,Battle Cobra BTL-C-2OE,840
269,Battle Cobra BTL-C-2OF,1300
9492,Battle Cobra BTL-C-2OG,1217
9493,Battle Cobra BTL-C-2OH,1305
9494,Battle Cobra BTL-C-2OI,1019
9495,Battle Cobra BTL-C-2OJ,1269
270,Battle Cobra C,1484
271,Battle Cobra F,1507
8390,Battle Cobra G,1593
272,Battle Cobra H,1592
8391,Battle Cobra I,1385
8392,Battle Cobra J,1272
273,Battle Cobra Prime,1487
8389,Battle Cobra T,1666
274,Battle Cobra X,1492
275,Battle Hawk BH-K305,771
276,Battle Hawk BH-K306,926
3802,Battle Taxi NL-42,0
5610,Battle Taxi NL-43,0
5584,BattleAxe BKX-1X,1079
277,BattleAxe BKX-7K,1329
278,BattleAxe BKX-7NC,1252
279,BattleAxe BKX-8D,1592
280,BattleMaster BLR-10S,1927
281,BattleMaster BLR-10S2,1927
282,BattleMaster BLR-1D,1522
283,BattleMaster BLR-1G,1519
284,BattleMaster BLR-1G (Red Corsair),2745
288,BattleMaster BLR-1G-DC,1494
285,BattleMaster BLR-1Gb,1825
286,BattleMaster BLR-1Gbc,1825
287,BattleMaster BLR-1Gc,1577
5867,BattleMaster BLR-1Gd,0
5877,"BattleMaster BLR-1GHE ""HellSlinger""",0
289,BattleMaster BLR-1S,1507
290,BattleMaster BLR-2C,1563
291,BattleMaster BLR-3M,1679
3805,BattleMaster BLR-3M (Rogers),1818
3806,BattleMaster BLR-3M-DC,1627
292,BattleMaster BLR-3S,1441
293,BattleMaster BLR-4L,1890
294,BattleMaster BLR-4S,2018
295,BattleMaster BLR-4S (Calvin II),2274
296,BattleMaster BLR-4S (Calvin),2029
297,BattleMaster BLR-5M,1766
7476,BattleMaster BLR-6C,1557
7475,BattleMaster BLR-6G,1960
7978,BattleMaster BLR-6M,1958
9404,BattleMaster BLR-6R,2181
298,BattleMaster BLR-6X,1966
299,BattleMaster BLR-CM,1883
300,BattleMaster BLR-K3,1851
301,BattleMaster BLR-K4,2232
302,BattleMaster BLR-M3,1674
303,BattleMaster C,3025
7979,BattleMaster C 2,2538
7477,BattleMaster C 3,2532
7835,BattleMech Landing Craft,2437
304,BattleMech Recovery Vehicle,90
305,Batu A,1975
306,Batu B,2651
307,Batu C,2109
308,Batu D,2435
6963,Batu E,1602
309,Batu Prime,2495
3809,Batu Z,3143
3810,Bayamo Hoverbike,0
312,Beagle Hover Scout,335
310,Beagle Hover Scout (C3i),266
7330,Beagle Hover Scout (LRRP),219
311,Beagle Hover Scout (Sealed),249
313,Beagle Hover Scout (TAG),295
314,Bear Cub,1052
315,Bear Cub 2,988
316,Bear Cub 3,1086
317,Beast Mounted Infantry,79
9224,Beast Riot Car,0
3812,Behemoth,0
3811,Behemoth (2658),0
318,Behemoth (Stone Rhino),3001
319,Behemoth (Stone Rhino) 2,3107
320,Behemoth (Stone Rhino) 3,3072
3814,Behemoth (Stone Rhino) 4,2601
3815,Behemoth (Stone Rhino) 5,2157
3816,Behemoth (Stone Rhino) 6,2981
7448,Behemoth (Stone Rhino) 7,2916
7449,Behemoth (Stone Rhino) 8,2804
8301,Behemoth BHN-6H,1703
324,Behemoth Heavy Tank,1173
321,Behemoth Heavy Tank (Armor),1406
9457,Behemoth Heavy Tank (Davion),1662
322,Behemoth Heavy Tank (Flamer),1130
9458,Behemoth Heavy Tank (Kurita Upgrade),1789
323,Behemoth Heavy Tank (Kurita),1336
9459,Behemoth Heavy Tank (Liao),1324
9460,Behemoth Heavy Tank (Refit),1246
6447,Behemoth II Heavy Tank,1903
6448,Behemoth II Heavy Tank (Support),1781
3817,Bellerophon BEL-1X,957
326,Bellona Hover Tank,1018
325,Bellona Hover Tank (Laser),1262
8036,Bellona Hover Tank (XL),1603
327,Beowulf BEO-12,1319
328,Beowulf BEO-14,1287
5548,Beowulf BEO-X-7A,1473
3818,Beowulf IIC,2048
7294,Beowulf IIC PR,1992
329,Berserker BRZ-A3,2117
330,Berserker BRZ-B3,2020
331,Berserker BRZ-C3,2354
6831,Berserker BRZ-D4,2659
332,Bishamon BSN-3K,1374
333,Bishamon BSN-4K,1105
334,Bishamon BSN-5KC,1443
6545,Bishop Transport VTOL,199
5593,Black Eagle,0
3821,Black Hawk (Nova) (Phelan 2),0
3822,Black Hawk (Nova) (Phelan),0
335,Black Hawk (Nova) A,2422
336,Black Hawk (Nova) B,1543
337,Black Hawk (Nova) C,1515
338,Black Hawk (Nova) D,1450
339,Black Hawk (Nova) E,2078
340,Black Hawk (Nova) F,1976
8165,Black Hawk (Nova) G,1822
341,Black Hawk (Nova) H,1832
6909,Black Hawk (Nova) I,2224
8166,Black Hawk (Nova) J,2295
8167,Black Hawk (Nova) K,1932
8168,Black Hawk (Nova) L,2177
342,Black Hawk (Nova) Prime,2663
8169,Black Hawk (Nova) R,1597
343,Black Hawk (Nova) S,2056
8164,Black Hawk (Nova) T,1579
344,Black Hawk (Nova) U,1413
6910,Black Hawk (Nova) X,2761
6554,Black Hawk (Standard),2183
6555,Black Hawk (Standard) 2,2161
6556,Black Hawk (Standard) 3,2317
345,Black Hawk-KU BHKU-O,1731
346,Black Hawk-KU BHKU-O (Albert),2377
347,Black Hawk-KU BHKU-OA,1770
348,Black Hawk-KU BHKU-OB,1303
349,Black Hawk-KU BHKU-OC,1597
350,Black Hawk-KU BHKU-OD,1539
351,Black Hawk-KU BHKU-OE,1982
352,Black Hawk-KU BHKU-OF,1759
6890,Black Hawk-KU BHKU-OG,1719
3825,Black Hawk-KU BHKU-OR,2193
353,Black Hawk-KU BHKU-OU,1687
354,Black Hawk-KU BHKU-OX,1941
355,Black Knight BL-10-KNT (Ross),2103
356,Black Knight BL-12-KNT,1840
7791,Black Knight BL-18-KNT,2585
358,Black Knight BL-6-KNT,1551
359,Black Knight BL-6-KNT (Ian),1830
3826,Black Knight BL-6-RR,1954
357,Black Knight BL-6b-KNT,1627
360,Black Knight BL-7-KNT,1443
361,Black Knight BL-7-KNT-L,1409
362,Black Knight BL-9-KNT,1678
5783,Black Knight BL-X-KNT “Red Reaper”,1858
6347,Black Knight BLK-NT-2Y,1847
6348,Black Knight BLK-NT-3A,1707
6349,Black Knight BLK-NT-3B,1911
6350,Black Knight BLK-NT-4D,2280
6351,Black Knight BLK-NT-5H,2423
363,Black Lanner A,2308
364,Black Lanner B,1961
365,Black Lanner C,2523
366,Black Lanner D,1809
367,Black Lanner E,2331
8185,Black Lanner F,2154
8186,Black Lanner G,1929
368,Black Lanner H,1928
8187,Black Lanner I,1803
8188,Black Lanner J,2022
369,Black Lanner Prime,2268
8184,Black Lanner T,2040
370,Black Lanner X,1672
3828,Black Lion Battlecruiser (2691),227332
6983,Black Lion Battlecruiser (Block I),119805
3829,Black Lion Battlecruiser (Clan),0
371,Black Watch BKW-7R,1998
372,Black Watch BKW-9R,2144
6239,Black Wolf Battle Armor [ERSPL] (Sqd4),348
8727,Black Wolf Battle Armor [ERSPL] (Sqd5),468
6240,Black Wolf Battle Armor [Heavy Flamer] (Sqd4),289
8728,Black Wolf Battle Armor [Heavy Flamer] (Sqd5),389
6241,Black Wolf Battle Armor [Heavy Mortar] (Sqd4),294
8729,Black Wolf Battle Armor [Heavy Mortar] (Sqd5),396
6243,Black Wolf Battle Armor [LB-X] (Sqd4),303
8731,Black Wolf Battle Armor [LB-X] (Sqd5),407
6242,Black Wolf Battle Armor [Plasma] (Sqd4),280
8730,Black Wolf Battle Armor [Plasma] (Sqd5),377
373,Blackjack BJ-1,949
374,Blackjack BJ-1DB,1015
375,Blackjack BJ-1DC,917
376,Blackjack BJ-1X,964
377,Blackjack BJ-2,1148
6914,Blackjack BJ-2r,1136
388,Blackjack BJ-3,1271
3831,Blackjack BJ-3X,0
389,Blackjack BJ-4,1063
7499,Blackjack BJ-5,1165
378,Blackjack BJ2-O,1201
379,Blackjack BJ2-OA,1318
380,Blackjack BJ2-OB,1323
381,Blackjack BJ2-OC,1189
382,Blackjack BJ2-OD,1375
383,Blackjack BJ2-OE,1260
384,Blackjack BJ2-OF,1405
6908,Blackjack BJ2-OG,1448
385,Blackjack BJ2-OR,2010
386,Blackjack BJ2-OU,1223
387,Blackjack BJ2-OX,1320
8388,Blackjack C,1639
390,BlackWasp Mk. 30,1200
6929,Blade BLD-7R,1227
391,Blade BLD-XL,1314
7345,Blade BLD-XR,1101
392,Blade BLD-XS,944
393,Blade BLD-XX,1064
394,Blitzkrieg BTZ-3F,1273
395,Blitzkrieg BTZ-4F,1740
398,Blizzard Hover Transport,277
396,"Blizzard Hover Transport ""Black Blizzard""",464
397,Blizzard Hover Transport (SRM),264
3836,Blood Kite,2776
3837,Blood Kite 2,3122
408,Blood Reaper,2665
407,Blood Reaper 2,2521
9576,Blood Reaper 3,2837
3838,Bloodhound B1-HND,1248
3839,Bloodhound B2-HND,1363
5671,Bloodhound B3-HND,1005
3840,Blue Flame BLF-21,1256
5672,Blue Flame BLF-40,1195
4104,Blue Nova Convertible,0
3841,Bluehawk Combat Support Fighter MSF-42,0
3842,Bluestreak Monocycle DB-6000,0
409,Boeing Jump Bomber,64
3843,Boggart,538
5635,Boggart 2,497
3844,Bokkusu Support Trailer,0
410,Bolla Stealth Tank (RotS) A,1059
411,Bolla Stealth Tank (RotS) B,961
412,Bolla Stealth Tank (RotS) C,1068
6791,Bolla Stealth Tank (RotS) D,877
413,Bolla Stealth Tank (RotS) Prime,1243
414,Bolla Stealth Tank Comminus,1005
415,Bolla Stealth Tank Dominus,908
416,Bolla Stealth Tank Infernus,1076
417,Bolla Stealth Tank Invictus,968
418,Bombard BMB-010,850
419,Bombard BMB-013,1019
7980,Bombard BMB-016,1247
420,Bombard BMB-1X,1652
421,Bombardier BMB-05A,1440
422,Bombardier BMB-10D,1340
423,Bombardier BMB-12D,1480
424,Bombardier BMB-14C,1549
425,Bombardier BMB-14K,1249
3847,Bombduster Truck,0
3848,Bonaventure Corvette,0
3854,Boomerang Spotter Plane,0
3849,Boomerang Spotter Plane (Chameleon),0
3850,Boomerang Spotter Plane (Dragonfly),0
3851,Boomerang Spotter Plane (Hyperion),0
3852,Boomerang Spotter Plane (Quick Dart),0
3853,Boomerang Spotter Plane (Shuriken),0
3855,Boomerang Spotter Plane (Warbler),0
7352,Boreas A,1221
7353,Boreas B,1331
7354,Boreas C,1502
9218,Boreas Cavalry Hovercraft A,0
9219,Boreas Cavalry Hovercraft B,0
9217,Boreas Cavalry Hovercraft Prime,0
7355,Boreas D,1394
7351,Boreas Prime,1583
3857,Bowman,2308
3858,Bowman 2,2567
5690,Bowman 3,2767
5691,Bowman 4,1854
426,Brahma BRM-5A,1572
427,Brahma BRM-5B,1730
7981,Brahma BRM-6T,1642
428,Bridge-builder Engineers,42
3859,Brigand LDT-1,771
7312,Brigand LDT-5,762
3860,Brigand LDT-X1,937
3861,Brigand LDT-X2,764
5653,Brigand LDT-X3,695
5654,Brigand LDT-X4,1038
7313,Brigand LDT-XPR1,723
7314,Brigand LDT-XPR2,956
7315,Brigand LDT-XPR3,752
7316,Brigand LDT-XPR4,739
7317,Brigand LDT-XPR5,743
5857,Bright Star Auto Scout,0
3863,Broadsword,0
9399,Browning Mobile Headquarters,365
9386,Browning Mobile Headquarters (Half-Track),377
430,Bruin,2630
429,Bruin 2,2200
3866,Brunel Dump Truck,0
3864,Brunel Dump Truck (AC),0
3865,Brunel Dump Truck (LRM),0
435,Brutus Assault Tank,1115
431,Brutus Assault Tank (HPPC),1186
432,Brutus Assault Tank (LRM),1248
433,Brutus Assault Tank (PPC 2),979
434,Brutus Assault Tank (PPC),1208
3868,Buccaneer,0
7143,Buccaneer (Rezak),0
436,Buccaneer BCN-3R,1434
437,Buccaneer BCN-5W,1393
8379,"Buccaneer BCN-6PX ""Pan""",1490
438,Buccaneer BCN-6W,1121
5777,Buffalo BFFL Drone Bomb,270
3819,Buffalo BFFL Hovertruck,0
441,Bulldog Medium Tank,605
439,Bulldog Medium Tank (AC2),556
6792,Bulldog Medium Tank (Cell),861
9256,Bulldog Medium Tank (Chemical),999
9255,Bulldog Medium Tank (ERLL),842
9257,Bulldog Medium Tank (LB-X),855
440,Bulldog Medium Tank (LRM),748
9258,Bulldog Medium Tank (Plasma),977
4827,Bulldog Medium Truck,0
3875,Bullet Suicide Drone,104
3876,Bullfrog V/STOL Fighter,0
6498,Bulwark Assault Vehicle,1737
6499,Bulwark Assault Vehicle (Original),1681
6234,Buraq Fast Battle Armor (Hunter-Killer) (Sqd4),168
8723,Buraq Fast Battle Armor (Hunter-Killer) (Sqd5),226
9086,Buraq Fast Battle Armor (Hunter-Killer) (Sqd6),290
6233,Buraq Fast Battle Armor (Sqd4),199
8722,Buraq Fast Battle Armor (Sqd5),268
9085,Buraq Fast Battle Armor (Sqd6),345
6235,Buraq Fast Battle Armor (Support) (Sqd4),330
8724,Buraq Fast Battle Armor (Support) (Sqd5),444
9087,Buraq Fast Battle Armor (Support) (Sqd6),571
445,Burke Defense Tank,815
443,Burke Defense Tank (HPPC),875
444,Burke Defense Tank (Royal),1105
7328,Burke II Superheavy Tank,1222
4381,Burro Heavy Support Truck,0
4382,Burro II Super Heavy Cargo Truck,247
3878,Burrock,2230
5694,Burrock 2,2864
7874,Burrower DTM-1 MiningMech,482
7875,Burrower DTM-1M MiningMech MOD,556
3879,Bus S-7A,0
3880,Bus S-7AC,0
446,"Bus S7-P ""Scarab""",412
447,Bushwacker BSW-L1,1513
448,Bushwacker BSW-S2,1293
449,Bushwacker BSW-S2r,1339
450,Bushwacker BSW-X1,1223
3881,Bushwacker BSW-X1 (Black),0
451,Bushwacker BSW-X2,1193
7454,Bushwacker BSW-X4,1751
452,Buster BC XV HaulerMech,222
453,Buster BC XV-M HaulerMech MOD / BC XV (AC),443
454,Buster BC XV-M-B HaulerMech MOD / BC XV (PPC),475
7178,Buster BC XV-M-C HaulerMech MOD,726
7179,Buster BC XV-M-W HaulerMech MOD,713
7220,Buster BC XXI HaulerMech,228
7865,Buster BC XXI-M HaulerMech MOD,504
7739,Butcherbird (Ion Sparrow) A,501
7740,Butcherbird (Ion Sparrow) B,626
7741,Butcherbird (Ion Sparrow) C,889
7742,Butcherbird (Ion Sparrow) D,1121
7738,Butcherbird (Ion Sparrow) Prime,885
9342,Buzzard Hover Tank,780
5477,Büffel Engineering Support Vehicle VII,365
5475,Büffel Engineering Support Vehicle VII (Cargo),343
5476,Büffel Engineering Support Vehicle VII (Reverse),365
5478,Büffel Engineering Support Vehicle VIII,339
6550,Cadaver CVR-A1,962
6551,Cadaver CVR-T1,1288
6520,Caerleon,1885
455,Caesar CES-3R,1578
3883,"Caesar CES-3R ""Archangel""",2098
3884,"Caesar CES-3R ""Gertrude""",1833
456,Caesar CES-3S,1909
457,Caesar CES-4R,2024
458,Caesar CES-4S,1739
7982,Caesar CES-5D,3123
9321,Caesar CES-5R,2192
6457,Calliope CAL-1MAF,1125
8368,"Calliope CAL-1MAFW ""Snow White""",1668
9437,Callisto Battle Armor A [Bearhunter] (Sqd4),256
9438,Callisto Battle Armor A [Bearhunter] (Sqd5),315
9439,Callisto Battle Armor A [Bearhunter] (Sqd6),380
9440,Callisto Battle Armor A [ER Laser] (Sqd4),280
9441,Callisto Battle Armor A [ER Laser] (Sqd5),347
9442,Callisto Battle Armor A [ER Laser] (Sqd6),422
9443,Callisto Battle Armor A [HMG] (Sqd4),272
9444,Callisto Battle Armor A [HMG] (Sqd5),337
9445,Callisto Battle Armor A [HMG] (Sqd6),408
9446,Callisto Battle Armor B [MRR] (Sqd4),383
9447,Callisto Battle Armor B [MRR] (Sqd5),510
9448,Callisto Battle Armor B [MRR] (Sqd6),651
9449,Callisto Battle Armor B [SRM] (Sqd4),404
9450,Callisto Battle Armor B [SRM] (Sqd5),533
9451,Callisto Battle Armor B [SRM] (Sqd6),676
3890,Cameron Battlecruiser (2688),0
3891,Cameron Battlecruiser (Clan),0
3892,Cameroon,0
459,Canis,2498
460,Canis 2,2822
7146,"Capital Drone M-5 “Caspar""",95051
7148,"Capital Drone M-5C ""Caspar""",100128
5624,Caravan Heavy Transport,0
461,Carbine CON-1 ConstructionMech,198
462,Carbine CON-1 ConstructionMech (RL),296
3894,Carbine CON-7 ConstructionMech,198
7161,Carbine CON-7M ConstructionMech MOD,306
3895,Carbine CON-8 ConstructionMech,185
7162,Carbine CON-8H HaulerMech,177
7163,Carbine CON-9 ConstructionMech,246
7851,Carbine CON-9M (Karenna),280
7164,Carbine CON-9M ConstructionMech MOD,289
7165,Carbine CON-9M-B ConstructionMech MOD,293
8098,Carbine CON-9M-D ConstructionMech Mod,257
7849,Carbine CON-9M-J ConstructionMech MOD,271
7850,Carbine CON-9M-JB ConstructionMech MOD,302
6542,Cardinal Transport,641
6543,Cardinal Transport (RAF),582
3896,Cargoking,0
3897,Cargomaster,0
465,Carnivore Assault Tank,1997
463,Carnivore Assault Tank (HAG),2286
464,Carnivore Assault Tank (Second Line),1248
3900,Carrack Transport,0
3898,Carrack Transport (Clan),0
3899,Carrack Transport (Merchant),0
3901,Carrier,0
7776,Carrion Crow A,1622
7777,Carrion Crow B,2083
7778,Carrion Crow C,1826
7779,Carrion Crow D,1930
7775,Carrion Crow Prime,2397
6512,Carronade CRN-7M,1799
3902,Carson Destroyer,43435
5620,Carter Medical Emergency Response Vehicle,117
4833,Cascatelle Firefighting VTOL,0
3834,Cassion Payload Satellite,0
7308,Castrum Pocket Warship,67223
5795,Cataphract CTF-0X,1258
466,Cataphract CTF-1X,1316
467,Cataphract CTF-2X,1344
468,Cataphract CTF-2X (George),1311
469,Cataphract CTF-3D,1325
470,Cataphract CTF-3L,1545
471,Cataphract CTF-3LL,1664
472,Cataphract CTF-3X (Sara),1734
473,Cataphract CTF-4L,2002
474,Cataphract CTF-4X,1216
475,Cataphract CTF-5D,1742
7527,Cataphract CTF-5L,2090
9407,Cataphract CTF-5LL,2322
476,Cataphract CTF-5MOC (Naomi),2028
7365,"Catapult ""Butterbee 2""",0
477,Catapult CPLT-A1,1285
478,Catapult CPLT-C1,1399
479,"Catapult CPLT-C1 (Jenny) ""Butterbee""",1242
480,Catapult CPLT-C1b,1570
5452,Catapult CPLT-C2,1346
481,Catapult CPLT-C3,1368
482,Catapult CPLT-C4,1358
5453,Catapult CPLT-C4C,1449
483,Catapult CPLT-C5,1748
484,Catapult CPLT-C5A,1772
485,Catapult CPLT-C6,1874
486,Catapult CPLT-H2,1473
487,Catapult CPLT-K2,1319
8286,Catapult CPLT-K2 (Kasigi),1597
5454,Catapult CPLT-K2K,1716
3903,Catapult CPLT-K3,1437
488,Catapult CPLT-K4,1880
489,Catapult CPLT-K5,1457
7509,Catapult CPLT-K6,1619
6464,Catapult II CPLT-L7,2574
6465,Catapult II CPLT-L7L,1656
3905,"Cattlemaster CTL-3R ""Herder"" IndustrialMech",228
3906,"Cattlemaster CTL-3R2 ""Hunter"" IndustrialMech",245
7158,Cattlemaster CTL-3R3 SecurityMech,358
5862,Cauldron-Born (Ebon Jaguar) (Samantha),2372
490,Cauldron-Born (Ebon Jaguar) A,2429
491,Cauldron-Born (Ebon Jaguar) B,2535
492,Cauldron-Born (Ebon Jaguar) C,1831
493,Cauldron-Born (Ebon Jaguar) D,2228
494,Cauldron-Born (Ebon Jaguar) E,2391
8210,Cauldron-Born (Ebon Jaguar) F,2681
8211,Cauldron-Born (Ebon Jaguar) G,2849
495,Cauldron-Born (Ebon Jaguar) H,2359
496,Cauldron-Born (Ebon Jaguar) Prime,1952
8209,Cauldron-Born (Ebon Jaguar) T,2219
497,Cauldron-Born (Ebon Jaguar) U,2593
498,Cauldron-Born (Ebon Jaguar) X,2435
499,Cavalier Battle Armor [Flamer] (Sqd4),199
8481,Cavalier Battle Armor [Flamer] (Sqd5),268
8846,Cavalier Battle Armor [Flamer] (Sqd6),344
500,Cavalier Battle Armor [Laser] (Sqd4),231
8482,Cavalier Battle Armor [Laser] (Sqd5),311
8847,Cavalier Battle Armor [Laser] (Sqd6),400
501,Cavalier Battle Armor [MG] (Sqd4),199
8483,Cavalier Battle Armor [MG] (Sqd5),268
9534,Cavalier Battle Armor [MG] (Sqd6),344
502,Cavalier Battle Armor [SRM] (Sqd4),219
8484,Cavalier Battle Armor [SRM] (Sqd5),295
8848,Cavalier Battle Armor [SRM] (Sqd6),379
9506,Cavalier II Battle Armor [Flamer] (Sqd4),229
9513,Cavalier II Battle Armor [Flamer] (Sqd5),308
9514,Cavalier II Battle Armor [Flamer] (Sqd6),396
8018,Cavalier II Battle Armor [MRR] (Sqd4),357
9515,Cavalier II Battle Armor [MRR] (Sqd5),481
9516,Cavalier II Battle Armor [MRR] (Sqd6),618
8019,Cavalier II Battle Armor [PPC] (Sqd4),293
9517,Cavalier II Battle Armor [PPC] (Sqd5),395
9518,Cavalier II Battle Armor [PPC] (Sqd6),507
8020,Cavalier II Battle Armor [SRM] (Sqd4),252
9519,Cavalier II Battle Armor [SRM] (Sqd5),339
9520,Cavalier II Battle Armor [SRM] (Sqd6),436
506,Cavalry Attack Helicopter,503
9465,Cavalry Attack Helicopter (BA),604
503,Cavalry Attack Helicopter (Infantry),605
3909,Cavalry Attack Helicopter (Infiltrator),446
504,Cavalry Attack Helicopter (LRM),487
505,Cavalry Attack Helicopter (SRM),509
507,Cavalry Attack Helicopter (TAG),495
3910,Cavalry Attack Helicopter (Two Crewman),0
508,Cavalry Attack Helicopter Cadence Rain,568
6954,Cave Lion,3044
7881,Cazador,921
3911,Cecerops,86
3912,Cecerops 2,109
3913,Cecerops 3,105
3914,Cecerops 4,82
8031,Cecerops 5,87
5553,Celerity CLR-02-X-D,157
6671,Celerity CLR-03-O,187
6704,Celerity CLR-03-OA,275
6705,Celerity CLR-03-OB,339
6706,Celerity CLR-03-OC,202
6707,Celerity CLR-03-OD,304
6708,Celerity CLR-03-OE,919
8366,"Celerity CLR-03-OMM ""Rajah""",278
6709,Celerity CLR-04-R,384
6710,Celerity CLR-05-X,225
8136,CellCo Ranger C,0
3915,CellCo Ranger UPU-3000,0
3916,CellCo Ranger UPU-3000 (Armored Car),0
3917,CellCo Ranger UPU-3000 (MHQ),0
509,Centaur,192
510,Centaur 2,154
511,Centaur 3,238
512,Centaur 4,228
6651,Centaur Battle Armor (Sqd4),269
8781,Centaur Battle Armor (Sqd5),362
5628,Centaur Z,179
514,Centipede Scout Car,271
513,Centipede Scout Car (SRM),431
515,Centipede Scout Car (TAG),327
3918,Centipede Scout Car (Wheeled Fusion),0
3919,Centipede Scout Car (Wheeled ICE),0
3920,Centipede Scout Car Commando,455
3921,Centurion CN10-B,1243
7725,Centurion CN10-D,1260
7696,Centurion CN10-J,1257
7695,Centurion CN10-W,1112
6340,Centurion CN11-O,1236
6341,Centurion CN11-OA,1398
6342,Centurion CN11-OB,1430
6343,Centurion CN11-OC,1628
6344,Centurion CN11-OD,1177
6345,Centurion CN11-OE,1515
516,Centurion CN9-A,945
517,Centurion CN9-AH,945
518,Centurion CN9-AL,1057
519,Centurion CN9-Ar,1226
520,Centurion CN9-D,1130
521,Centurion CN9-D3,1324
5448,Centurion CN9-D3D,1373
5449,Centurion CN9-D4D,1369
522,Centurion CN9-D5,1738
523,Centurion CN9-D9,1638
524,Centurion CN9-Da,1035
3922,Centurion CN9-H,848
7866,Centurion CN9-H2,799
7867,Centurion CN9-H2H MilitiaMech,919
7868,Centurion CN9-H3 MilitiaMech,962
525,"Centurion CN9-YLW ""Yen-lo-wang""",957
3923,"Centurion CN9-YLW2 ""Yen-lo-wang""",1415
7404,"Centurion CN9-YLW3 ""Yen-lo-wang""",1815
3924,Centurion CNT-1A,568
3925,Centurion CNT-1D,701
3926,Centurion CNT-2D,757
3927,Centurion CNT-3S,822
3929,Cephalus A,809
5638,Cephalus B,785
5639,Cephalus C,1209
5640,Cephalus D,1450
5641,Cephalus E,1284
3930,Cephalus Prime,1038
5642,Cephalus U,878
526,Cerberus MR-5M,2057
527,Cerberus MR-6B,2128
7983,Cerberus MR-7K,2182
528,Cerberus MR-V2,2001
529,Cerberus MR-V3,2094
3931,"Ceres-85 Delivery Vehicle C-85A ""Sprinter""",0
3932,"Ceres-85 Delivery Vehicle C-85B ""Sprinter""",0
3934,Cestus (Allard-Liao),0
532,Cestus CTS-6X,1424
533,Cestus CTS-6Y,1701
7681,Cestus CTS-6Y-EC,1783
534,Cestus CTS-6Z,1560
535,Cestus CTS-7A,1519
3935,Chaeronea,1233
3936,Chaeronea 2,1384
3937,Chaeronea 3,1450
5744,Chaeronea 4,988
7151,Chaffee BT1 ServiceMech,212
537,Chalchiuhtotolin Support Tank,1057
536,Chalchiuhtotolin Support Tank (Bombast Laser),912
3938,Chalchiuhtotolin Support Tank (Chemical Laser),1177
6756,Chalchiuhtotolin Support Tank (XL),1498
3939,Challenger MBT Mk. XV,1724
538,Challenger MBT X,1710
539,Challenger MBT XI,1830
540,Challenger MBT XII,1851
541,Challenger MBT XIVs,1512
542,Challenger MBT XVc,1894
543,Chameleon CLN-7V,1042
5601,"Chameleon CLN-7VQ ""Q-'Mech""",2105
544,Chameleon CLN-7W,1243
545,Chameleon CLN-7Z,1527
9267,Chameleon CLN-8V,1426
9268,Chameleon CLN-9V,1276
546,Chameleon TRC-4B,999
9405,Chameleon TRC-4C,999
547,Champion C,2191
548,Champion CHP-1N,1233
3940,Champion CHP-1N (Irin),0
549,Champion CHP-1N2,1233
550,Champion CHP-1Nb,1632
6765,Champion CHP-1Nb2,0
551,Champion CHP-2N,1116
552,Champion CHP-3N,1400
553,Champion CHP-3P,1503
5847,Champion LAM CPN-1X1,0
558,Chaparral Missile Artillery Tank,812
554,Chaparral Missile Artillery Tank (CASE),814
555,Chaparral Missile Artillery Tank (ERML),847
556,Chaparral Missile Artillery Tank (MG),801
557,Chaparral Missile Artillery Tank (SRM),832
9397,Charger C,2756
559,Charger CGR-1A1,981
560,Charger CGR-1A5,1468
561,Charger CGR-1A9,1397
562,Charger CGR-1L,980
563,Charger CGR-1X1,2009
564,Charger CGR-2A2,1109
565,Charger CGR-3K,1656
566,Charger CGR-3Kr,2092
567,Charger CGR-C,1592
568,Charger CGR-KMZ,1781
569,Charger CGR-SA5,2105
570,"Charger CGR-SB ""Challenger""",1604
3945,Chariot High-Speed Medevac,0
571,Cheetah F-10,448
572,Cheetah F-11,563
573,Cheetah F-11-R,197
574,Cheetah F-11-RR,448
575,Cheetah F-12-S,299
576,Cheetah F-13,1047
577,Cheetah F-14-S,305
5856,Cheetah II F-12A,154
8011,Cheetah IIC,1339
578,Cheetah OF-17,352
3946,Cheetah OF-17A-R,290
3947,CherryPicker CK-3 AgroMech,0
582,Chevalier Light Tank,668
579,Chevalier Light Tank (BAP),583
580,Chevalier Light Tank (MML),671
581,Chevalier Light Tank (Speed),613
3948,Chi-ha CCV,0
7187,Chi-ha ICV,132
7188,Chi-ha ICV (Original),115
3950,Chimera CMA-1S,1173
5667,Chimera CMA-2K,1528
3951,Chimera CMA-C,1182
583,Chippewa CHP-W10,1820
584,Chippewa CHP-W5,1520
585,Chippewa CHP-W5b,2051
586,Chippewa CHP-W7,1613
3952,Chippewa CHP-W7 (Manfred),2109
587,Chippewa CHP-W7T,2159
588,Chippewa CHP-W8,1662
589,Chippewa CHP-X-P (Gladstone),1882
590,Chippewa IIC,3431
7670,Chippewa IIC 2,2914
3953,Chrysaor,174
3954,Chrysaor 2,177
591,Cicada CDA-2A,659
592,Cicada CDA-2B,626
593,Cicada CDA-3C,771
594,Cicada CDA-3F,1329
595,Cicada CDA-3G,1270
596,Cicada CDA-3M,812
597,Cicada CDA-3MA,1158
598,Cicada CDA-3P,1502
9376,Cicada CDA-4A,1097
6380,Cizin Hover Tank,1762
6381,Cizin Hover Tank (Support),1932
599,Clan Anti-Infantry,56
600,Clan Assault Infantry,271
602,Clan Foot Point (Advanced) (Flamer),100
604,Clan Foot Point (Advanced) (LRM),126
605,Clan Foot Point (Advanced) (MG),114
606,"Clan Foot Point (Advanced) (Rifle, Ballistic)",118
603,"Clan Foot Point (Advanced) (Rifle, Energy)",114
607,Clan Foot Point (Advanced) (SRM),122
9588,Clan Foot Point (Basic) (Flamer),54
9589,Clan Foot Point (Basic) (LRM),89
9590,Clan Foot Point (Basic) (MG),89
9591,"Clan Foot Point (Basic) (Rifle, Ballistic)",80
9592,"Clan Foot Point (Basic) (Rifle, Energy)",76
9593,Clan Foot Point (Basic) (SRM),84
608,Clan Heavy Foot Infantry,68
609,Clan Heavy Jump Infantry,327
7387,Clan Interface Armor (Sqd4),37
8828,Clan Interface Armor (Sqd5),50
9191,Clan Interface Armor (Sqd6),65
610,Clan Jump Point (Advanced) (Flamer),96
612,Clan Jump Point (Advanced) (LRM),95
613,Clan Jump Point (Advanced) (MG),112
614,"Clan Jump Point (Advanced) (Rifle, Ballistic)",121
611,"Clan Jump Point (Advanced) (Rifle, Energy)",116
615,Clan Jump Point (Advanced) (SRM),121
9594,Clan Jump Point (Basic) (Flamer),60
9595,Clan Jump Point (Basic) (LRM),67
9596,Clan Jump Point (Basic) (MG),75
9597,"Clan Jump Point (Basic) (Rifle, Ballistic)",81
9598,"Clan Jump Point (Basic) (Rifle, Energy)",76
9599,Clan Jump Point (Basic) (SRM),84
616,Clan Mechanized Hover Point (Advanced) (Flamer),60
618,Clan Mechanized Hover Point (Advanced) (LRM),56
619,Clan Mechanized Hover Point (Advanced) (MG),68
620,"Clan Mechanized Hover Point (Advanced) (Rifle, Ballistic)",73
617,"Clan Mechanized Hover Point (Advanced) (Rifle, Energy)",70
621,Clan Mechanized Hover Point (Advanced) (SRM),54
622,Clan Mechanized Infantry,103
623,Clan Mechanized Tracked Point (Advanced) (Flamer),94
625,Clan Mechanized Tracked Point (Advanced) (LRM),92
626,Clan Mechanized Tracked Point (Advanced) (MG),105
627,"Clan Mechanized Tracked Point (Advanced) (Rifle, Ballistic)",102
624,"Clan Mechanized Tracked Point (Advanced) (Rifle, Energy)",99
628,Clan Mechanized Tracked Point (Advanced) (SRM),111
9617,Clan Mechanized Tracked Point (Basic) (Flamer),57
9616,Clan Mechanized Tracked Point (Basic) (LRM),62
9615,Clan Mechanized Tracked Point (Basic) (MG),67
9614,"Clan Mechanized Tracked Point (Basic) (Rifle, Ballistic)",65
9612,"Clan Mechanized Tracked Point (Basic) (Rifle, Energy)",65
9613,Clan Mechanized Tracked Point (Basic) (SRM),74
629,Clan Mechanized Wheeled Point (Advanced) (Flamer),67
631,Clan Mechanized Wheeled Point (Advanced) (LRM),61
632,Clan Mechanized Wheeled Point (Advanced) (MG),74
633,"Clan Mechanized Wheeled Point (Advanced) (Rifle, Ballistic)",75
630,"Clan Mechanized Wheeled Point (Advanced) (Rifle, Energy)",73
634,Clan Mechanized Wheeled Point (Advanced) (SRM),79
9618,Clan Mechanized Wheeled Point (Basic) (Flamer),41
9619,Clan Mechanized Wheeled Point (Basic) (LRM),41
9620,Clan Mechanized Wheeled Point (Basic) (MG),48
9621,"Clan Mechanized Wheeled Point (Basic) (Rifle, Ballistic)",49
9622,"Clan Mechanized Wheeled Point (Basic) (Rifle, Energy)",47
9623,Clan Mechanized Wheeled Point (Basic) (SRM),52
3957,"Clan Medium Battle Armor ""Rabid"" (Sqd4)",241
8611,"Clan Medium Battle Armor ""Rabid"" (Sqd5)",325
8975,"Clan Medium Battle Armor ""Rabid"" (Sqd6)",418
635,"Clan Medium Battle Armor ""Rache"" (Sqd4)",276
8485,"Clan Medium Battle Armor ""Rache"" (Sqd5)",372
8849,"Clan Medium Battle Armor ""Rache"" (Sqd6)",478
3955,"Clan Medium Battle Armor (Laser)  ""Volk"" (Sqd4)",250
8609,"Clan Medium Battle Armor (Laser)  ""Volk"" (Sqd5)",337
8973,"Clan Medium Battle Armor (Laser) ""Volk"" (Sqd6)",433
3956,"Clan Medium Battle Armor (Naval) ""Bär"" (Sqd4)",269
8610,"Clan Medium Battle Armor (Naval) ""Bär"" (Sqd5)",362
8974,"Clan Medium Battle Armor (Naval) ""Bär"" (Sqd6)",465
636,Clan Motorized Point (Advanced) (Flamer),90
638,Clan Motorized Point (Advanced) (LRM),121
639,Clan Motorized Point (Advanced) (MG),106
640,"Clan Motorized Point (Advanced) (Rifle, Ballistic)",115
637,"Clan Motorized Point (Advanced) (Rifle, Energy)",110
641,Clan Motorized Point (Advanced) (SRM),115
9600,Clan Motorized Point (Basic) (Flamer),57
9601,Clan Motorized Point (Basic) (LRM),86
9602,Clan Motorized Point (Basic) (MG),57
9603,"Clan Motorized Point (Basic) (Rifle, Ballistic)",78
9604,"Clan Motorized Point (Basic) (Rifle, Energy)",73
9605,Clan Motorized Point (Basic) (SRM),81
3662,Clan Space Marine,272
3958,Claymore,0
3960,Claymore V3,5889
643,Clint CLNT-1-2R,707
644,Clint CLNT-2-3T,770
645,Clint CLNT-2-3T (Denton),873
646,Clint CLNT-2-3U,1081
647,Clint CLNT-2-3UL,1245
648,Clint CLNT-2-4T,619
649,Clint CLNT-3-3T,901
9462,Clint CLNT-3-4T,1157
650,Clint CLNT-5U,1275
651,Clint CLNT-6S,1334
652,Clint IIC,1395
3961,Clint IIC (Original),0
653,Clint IIC 2,1890
8369,"Clint IIC 2L ""Leia""",1497
3962,Cliona Frigate,0
3963,Clipper JumpShip,0
3964,Close Assault Landing Craft Mark V,0
3965,Close Assault Landing Craft Mark VII,0
3966,Close Assault Landing Craft Mark VII (Liao),0
3967,Close Assault Landing Craft Mark VII (Steiner),0
3968,Cloud Nine Carrier Airship,0
654,Cloud Ten Carrier AirShip,1042
3969,Coanda II Personal Sports Craft,0
3970,Coanda Personal Sports Craft,0
655,Cobra CBR-02,1128
656,Cobra CBR-03,1324
659,Cobra Transport VTOL,367
657,Cobra Transport VTOL (Command),367
658,Cobra Transport VTOL (MASH),367
3971,Cobra Transport VTOL (Original),265
7189,Cobra VTOL Transport,149
7190,Cobra VTOL Transport (Fusion),165
3972,Colossus,7296
661,Colossus CL-P3,1986
662,Colossus CLS-4S,2392
663,Colossus CLS-5S,2647
3973,Colossus Mk I,7084
7415,Colt Medium Fighter,247
7428,Colt Medium Fighter (SRM),0
664,Combat Engineer,47
3759,Comet Airliner ACL-800,0
3976,Comitatus JumpShip,0
3974,Comitatus JumpShip (4HP),0
3975,Comitatus JumpShip (Cargo),0
5504,Command Post (All Eras),23
9385,Command Van,193
3977,Command Van (ICE),178
3978,Command Van (Q-Vehicle),278
665,Commando,47
666,Commando COM-1A,475
7461,Commando COM-1AK,533
667,Commando COM-1B,616
668,Commando COM-1C,458
669,Commando COM-1D,558
670,Commando COM-2D,541
671,Commando COM-2Dr,563
672,Commando COM-3A,540
673,Commando COM-4H,691
674,Commando COM-5S,557
9630,Commando COM-7A,625
675,Commando COM-7B,602
9631,Commando COM-7J,599
676,Commando COM-7S,658
677,Commando COM-7S2 (Freyr),1105
9638,"Commando COM-7T ""Blazing Inferno II""",1018
9632,Commando COM-7W,608
3979,Commando COM-7X,623
9626,Commando COM-7Y,684
9627,"Commando COM-7Y2 ""Blazing Inferno""",728
9628,Commando COM-7Z,661
9629,Commando COM-7Z2,543
6945,Commando COM-8S,775
7439,Commando COM-9S,719
678,Commando IIC,978
6985,Commonwealth (Block I),98421
6986,Commonwealth (Block II),102832
4085,Communications Satellite D40,0
3981,Concordat Frigate (2506),80754
3982,"Condor ""Dove""",0
3983,Condor (2801),0
3984,Condor (3054),0
683,Condor Heavy Hover Tank,653
679,Condor Heavy Hover Tank (Davion),592
5776,Condor Heavy Hover Tank (Fission),721
680,Condor Heavy Hover Tank (Flamer),715
9309,Condor Heavy Hover Tank (Fusion),939
9310,Condor Heavy Hover Tank (LAC),960
6757,Condor Heavy Hover Tank (Laser Upgrade),803
681,Condor Heavy Hover Tank (Laser),977
682,Condor Heavy Hover Tank (Liao),765
9308,Condor Heavy Hover Tank (Ultra),1252
685,Condor Heavy Hover Tank (Upgrade),965
684,Condor Heavy Hover Tank (Upgrade) (Laser),1197
9311,Condor Heavy Hover Tank C,804
7304,Condor Multi-Purpose Tank,811
7305,Condor Multi-Purpose Tank (Reactive),963
5850,Condor Trans-Track,0
6578,Condottiere Assault Craft,2054
3985,Conestoga Payload Satellite,0
3986,Confederate (2602),0
3987,Confederate (2703),0
3988,Confederate (Clan),0
3989,Congress Frigate (2542),0
3990,Congress Frigate (Clan),0
6987,Congress Frigate D,77655
3991,Conqueror Battlecruiser/Carrier,0
686,"Conquistador ""Blockade Runner""",31724
5838,Constable Pacification Suit [ECM] (Sqd4),123
8717,Constable Pacification Suit [ECM] (Sqd5),166
9081,Constable Pacification Suit [ECM] (Sqd6),213
5839,Constable Pacification Suit [LMG] (Sqd4),143
8718,Constable Pacification Suit [LMG] (Sqd5),193
9082,Constable Pacification Suit [LMG] (Sqd6),248
5841,Constable Pacification Suit [Sensor] (Sqd4),130
8720,Constable Pacification Suit [Sensor] (Sqd5),175
9216,Constable Pacification Suit [Sensor] (Sqd6),318
5840,Constable Pacification Suit [SRM] (Sqd4),184
8719,Constable Pacification Suit [SRM] (Sqd5),247
9083,Constable Pacification Suit [SRM] (Sqd6),318
5842,Constable Pacification Suit [TAG] (Sqd4),123
8721,Constable Pacification Suit [TAG] (Sqd5),166
9084,Constable Pacification Suit [TAG] (Sqd6),213
687,Coolant Truck (Hover),347
688,Coolant Truck (Tracked),357
689,"Coolant Truck 135-K ""Lifesaver""",321
3993,Copper CPK-19 SecurityMech,310
3994,Copper CPK-65 SecurityMech,325
7465,Copper CPK-65KM SecurityMech,339
690,Copperhead CPR-HD-002,763
691,Copperhead CPR-HD-003,1117
692,Copperhead CPR-HD-004,1151
4000,Corax C,1233
4001,Corax C 2,0
3995,Corax CRX-O,885
3997,Corax CRX-OA,716
3998,Corax CRX-OB,1054
3999,Corax CRX-OC,714
5745,Corax CRX-OD,870
5746,Corax CRX-OR,1667
4004,Cormorant Medium Cargo Craft,0
4003,Cormorant Medium Cargo Craft (Cargo),0
8137,Cormorant Medium Cargo Craft (Support),0
4006,Corona Heavy Battle Armor (Sqd4),495
8613,Corona Heavy Battle Armor (Sqd5),667
8977,Corona Heavy Battle Armor (Sqd6),857
8612,Corona Heavy Battle Armor (SRM) (Sqd5),502
4007,Corone Destroyer,37075
4008,"Corsair (Bob) ""Roswell""",1339
4009,Corsair CSR-12D,1619
693,Corsair CSR-V12,1190
694,Corsair CSR-V12b,1388
695,"Corsair CSR-V12M ""Regulus""",1121
696,Corsair CSR-V14,1330
697,Corsair CSR-V18,1602
698,Corsair CSR-V20,1112
699,Corsair CSR-X12 RIGID NIGHT,2000
4027,Cortez Series N,0
4010,Corvair Luxury Passenger Airliner,0
700,Corvis,1336
701,Corvis 2,1455
4011,Corx Mobile Tunnel Miner,0
702,Cossack C-1FC,483
703,Cossack C-SK1,465
704,Cougar A,1697
705,Cougar B,1774
706,Cougar C,1785
707,Cougar D,1309
708,Cougar E,1442
709,Cougar F,1401
710,Cougar G,1453
711,Cougar H,1323
6928,Cougar I,1738
712,Cougar Prime,1485
8325,Cougar T,1748
6951,Cougar-X,1516
6952,Cougar-X 2,1335
6953,Cougar-X 3,1410
4013,Cougar-XR,1783
713,Coyotl A,1753
7606,Coyotl B,1447
7607,Coyotl C,1851
7608,Coyotl D,1980
714,Coyotl Prime,1974
715,Crab CRB-20,1143
716,Crab CRB-27,1198
717,Crab CRB-27b,1308
5873,Crab CRB-27sl,0
718,Crab CRB-30,1509
719,Crab CRB-45,1342
7510,Crab CRB-54,1964
720,Crab CRB-C,1135
6655,Crane Heavy Transport,385
7523,Cricket RWN-01,1169
9406,Cricket RWN-02,1169
721,Crimson Hawk,1285
722,Crimson Hawk 2,1271
723,Crimson Hawk 3,1029
6944,Crimson Hawk 4,1372
4016,Crimson Langur A,2003
4017,Crimson Langur B,2210
4018,Crimson Langur C,1437
5676,Crimson Langur D,1867
5677,Crimson Langur E,2051
4019,Crimson Langur Prime,1952
3941,Crimson Streak Hover Racer,0
724,Crockett CRK-5003-0,1704
8277,Crockett CRK-5003-0 (Saddleford),0
725,Crockett CRK-5003-1,1923
726,Crockett CRK-5003-1b,2307
727,Crockett CRK-5003-3,1989
728,Crockett CRK-5004-1,1955
729,Crockett CRK-5005-1,1908
4020,Cronus CNS-3M,1339
4021,Cronus CNS-5M,1579
5680,Cronus CNS-TD9,978
730,Crossbow A,1797
731,Crossbow B,1687
732,Crossbow C,1557
733,Crossbow CRS-6B,1210
734,Crossbow CRS-6C,1204
735,Crossbow CRS-9A,1583
5583,Crossbow CRS-X,969
736,Crossbow D,1154
737,Crossbow E,1558
8236,Crossbow F,1854
8237,Crossbow G,1725
738,Crossbow H,1707
8245,Crossbow J,1839
739,Crossbow Prime,1829
8235,Crossbow T,1729
740,Crossbow U,1856
8238,Crossbow W,2051
7166,Crosscut ED-X1 LoggerMech,251
741,Crosscut ED-X2 LoggerMech,223
6973,Crosscut ED-X2 LoggerMech (RL),422
7167,Crosscut ED-X2M LoggerMech MOD / ED-X2 (Flamer),248
4024,Crosscut ED-X4 LoggerMech,223
7168,Crosscut ED-X4B DemolitionMech,224
4025,Crosscut ED-X4D DemolitionMech,225
7466,Crosscut ED-X4K LoggerMech,367
7169,Crosscut ED-X4M LoggerMech MOD,430
7852,Crosscut ED-X4M-A LoggerMech MOD,279
7853,Crosscut ED-X4M-E LoggerMech MOD,480
7854,Crosscut ED-X4M-L LoggerMech MOD,230
4026,Crosscut ED-X4X LoggerMech,230
7170,Crosscut ED-X5M LoggerMech MOD,317
7171,Crosscut ED-X5M-B DemolitionMech MOD,460
744,"Crosscut ED-XX ""Ichabod""",442
8099,Crosscut IIC SolahmaMech,571
747,Crow Scout Helicopter,288
8411,"Crow Scout Helicopter ""Dragonfly""",186
745,Crow Scout Helicopter (C3),288
746,Crow Scout Helicopter (Export),415
7734,Crucible,3108
7735,Crucible 2,3598
7736,Crucible 3,3230
4028,Crucible Station,0
4029,Crucis R-Series R-Series,0
6989,Cruiser Cruiser (2325),65658
8234,Crusader CRD-10S,2264
4030,Crusader CRD-1R,0
748,Crusader CRD-2R,1533
749,Crusader CRD-3D,1338
750,Crusader CRD-3K,1290
751,Crusader CRD-3L,1297
752,Crusader CRD-3R,1317
8280,Crusader CRD-3R (Bear),0
753,Crusader CRD-3R (Crael),1204
754,Crusader CRD-4BR,1407
755,Crusader CRD-4D,1309
756,Crusader CRD-4K,1268
757,Crusader CRD-4L,1309
758,Crusader CRD-5K,1463
759,Crusader CRD-5M,1408
760,Crusader CRD-5S,1446
8224,Crusader CRD-6D,1498
761,Crusader CRD-6M,1373
8225,Crusader CRD-6T,1890
8226,Crusader CRD-7D,1681
762,Crusader CRD-7L,1749
8227,Crusader CRD-7M,1502
8228,Crusader CRD-7M2,1434
763,Crusader CRD-7W,1221
764,Crusader CRD-8L,1701
8231,Crusader CRD-8R,1600
765,Crusader CRD-8S,1698
8232,Crusader CRD-9BR,1653
8233,Crusader CRD-9R,1612
8263,Crusader CRD-9S,1642
3942,CS535 Hover Car,0
6587,Cuchulainn Support Armor (Sqd4),621
8768,Cuchulainn Support Armor (Sqd5),836
766,Cudgel CDG-1B,1347
767,Cudgel CDG-2A,1750
768,Cudgel CDG-2B,1762
769,Cuirass CDR-1X,1301
6922,Cuirass CDR-2BC3,990
6921,Cuirass CDR-2X,1227
6361,Cutlass CUT-01D,2880
6362,Cutlass CUT-01E,2234
8357,Cyclops C,2252
770,Cyclops CP-10-HQ,1113
771,Cyclops CP-10-Q,1584
772,Cyclops CP-10-Z,1317
4031,Cyclops CP-10-Z-DC,0
773,Cyclops CP-11-A,1547
4032,Cyclops CP-11-A-DC,1507
774,Cyclops CP-11-B,2145
775,Cyclops CP-11-C,1553
776,Cyclops CP-11-C2,1534
777,Cyclops CP-11-C3,1752
778,Cyclops CP-11-G,1981
779,Cyclops CP-11-H,1525
780,Cyclops CP-12-K,1699
4033,Cyclops I Station,0
4034,Cyclops Motorbike 650,0
781,Cygnus,2583
782,Cygnus 2,3361
783,Cygnus 3,2569
6843,Cygnus 4,2570
6253,Cyllaros,1450
787,Cyrano Gunship,459
784,Cyrano Gunship (ML),645
785,Cyrano Gunship (Plasma),927
786,Cyrano Gunship (Royal),740
7329,Cyrano Gunship Fury,594
5626,Czar DropShip,0
788,Daboku DCMS-MX90-D,1290
4035,"Daedalus ""Grimjet""",0
789,Daedalus DAD-3C,1070
790,Daedalus DAD-3D,1729
791,Daedalus DAD-4A,1466
792,Daedalus DAD-4B,1431
8105,Daedalus DAD-DX,1606
4036,Daedalus GTX2,0
793,Daedalus GTX2 (Militarized),849
794,"Daedalus GTX2A ""Stevedore""",649
795,"Daedalus GTX2B ""Navvy""",663
796,Dagger DAR4-XP,1543
4038,Dagger DARO-1,1766
4040,Dagger DARO-1A,1581
4041,Dagger DARO-1B,1543
5748,Dagger DARO-1C,1325
5749,Dagger DARO-1D,1318
797,Daikyu DAI-01,1603
798,Daikyu DAI-01 (Tabitha),1804
799,Daikyu DAI-01r,1513
800,Daikyu DAI-02,1831
801,Daikyu DAI-03,1692
802,Daimyo DMO-1K,1148
803,Daimyo DMO-1K2 (al-Shahab),1332
804,Daimyo DMO-2K,1057
805,Daimyo DMO-4K,1150
806,Daimyo DMO-5K,1087
807,Daimyo HQ 67-K,583
808,Daimyo HQ 67-K2,647
8297,Daimyo HQ 67-NC,583
809,Daimyo HQ 67-R,683
4044,"Daishi (Dire Wolf) ""Lone Wolf""",0
810,"Daishi (Dire Wolf) ""Prometheus""",2900
811,"Daishi (Dire Wolf) ""Widowmaker""",3041
812,Daishi (Dire Wolf) (Hohiro),3048
813,Daishi (Dire Wolf) A,2855
814,Daishi (Dire Wolf) B,2609
815,Daishi (Dire Wolf) C,3610
816,Daishi (Dire Wolf) D,3403
6833,Daishi (Dire Wolf) E,2814
817,Daishi (Dire Wolf) H,2992
818,Daishi (Dire Wolf) Prime,2712
819,Daishi (Dire Wolf) S,2985
8133,Daishi (Dire Wolf) T,3317
820,Daishi (Dire Wolf) U,3360
821,Daishi (Dire Wolf) W,2951
4046,Daishi (Dire Wolf) X,2645
822,Danai Support Vehicle,576
5568,Danai Support Vehicle (Arrow),855
7923,Danai Support Vehicle (Original Arrow),0
823,Danais,1004
4047,Dante Frigate,0
827,Dark Crow,1594
824,Dark Crow 2,1575
825,Dark Crow 3,1681
826,Dark Crow 4,1538
8138,Darling SAR Airship,0
828,Dart DRT-3S,436
829,Dart DRT-4S,656
830,Dart DRT-6S,641
831,Dart DRT-6T,703
4048,Dart Light Cruiser,0
836,Darter Scout Car,125
4049,"Darter Scout Car ""ABC's Folly""",0
832,Darter Scout Car (BAP),136
833,Darter Scout Car (C3),125
834,Darter Scout Car (ECM),193
835,Darter Scout Car (SRM),192
4050,Darter Scout Car (SRM2),167
837,Dasher (Fire Moth) (Aletha),1388
838,Dasher (Fire Moth) A,639
839,Dasher (Fire Moth) B,1064
840,Dasher (Fire Moth) C,741
841,Dasher (Fire Moth) D,2307
842,Dasher (Fire Moth) E,822
843,Dasher (Fire Moth) F,1461
6946,Dasher (Fire Moth) G,2041
844,Dasher (Fire Moth) H,779
7578,Dasher (Fire Moth) I,1260
7579,Dasher (Fire Moth) J,1140
845,Dasher (Fire Moth) K,884
7580,Dasher (Fire Moth) M,1200
7581,Dasher (Fire Moth) P,841
846,Dasher (Fire Moth) Prime,1251
7582,Dasher (Fire Moth) R,1160
7577,Dasher (Fire Moth) T,1305
848,Dasher II,522
847,Dasher II 2,2239
6919,Dasher II 4,1749
4052,Davion Destroyer (Block I),0
4053,Davion Destroyer (Block II),0
5520,Death Gulch,0
9225,Death Trike,0
4055,Deathstalker F-77,1696
4056,Deathstalker F-77A,1866
5609,Deathstalker XF-78,0
7630,"Debbie ""The Warcrime Wagon""",43
4057,Deep Lord RCL-Z1M MilitiaMech,715
7830,Deep Lord RCL-Z1M-B MilitiaMech,773
6988,Defender,173687
4064,Defiance 'Zilla,0
4059,Defiance DFC-O,1862
4061,Defiance DFC-OA,1610
4062,Defiance DFC-OB,1274
4063,Defiance DFC-OC,1325
5751,Defiance DFC-OD,1318
849,Defiance DFN-3C,1817
850,Defiance DFN-3S,1940
851,Defiance DFN-3T,1981
852,Deimos 2,2394
853,Deimos A,2785
854,Deimos B,2965
855,Deimos C,2737
6856,Deimos D,2682
6855,Deimos E,3620
9505,Deimos H,3344
856,Deimos Prime,2188
857,Deimos S,2664
4066,Delphyne,384
4067,Delphyne 2,316
4068,Delphyne 3,400
4635,Delta Air Cruiser MA-80,0
7855,Demeter WLD-1 AgroMech,321
7856,Demeter WLD-1-M AgroMech MOD,327
858,Demolisher Heavy Tank (Arrow IV),1297
9259,Demolisher Heavy Tank (Cell),1585
859,Demolisher Heavy Tank (Clan),1563
860,Demolisher Heavy Tank (Defensive),891
861,Demolisher Heavy Tank (Gauss),1529
862,Demolisher Heavy Tank (MRM),1242
9260,Demolisher Heavy Tank (Reinforced),1434
863,Demolisher Heavy Tank Mk. I,981
864,Demolisher Heavy Tank Mk. II,981
866,Demolisher II Heavy Tank,1619
865,Demolisher II Heavy Tank (MML),1397
867,Demolisher II Heavy Tank (Thunderbolt),2336
4069,Demolisher II Heavy Tank II-X,1927
868,DemolitionMech WI-DM,380
869,DemolitionMech WI-DM2,345
7839,DemolitionMech WI-DMM MOD,444
871,Demon Medium Tank,454
6754,Demon Medium Tank (Armor),636
870,Demon Medium Tank (Rifle),386
876,Demon Tank,1094
872,Demon Tank (HGR),1314
873,Demon Tank (Horned Demon),1179
874,Demon Tank (PPC),836
875,Demon Tank (Royal),1333
5555,Demon Tank CX-2,0
9396,Dervish DV-11DK,1919
877,Dervish DV-1S,864
878,Dervish DV-6M,1146
5596,Dervish DV-6M (Mauck),0
8279,Dervish DV-6M (Turner),0
5869,Dervish DV-6Md,0
879,Dervish DV-6Mr,1347
880,Dervish DV-7D,1412
881,Dervish DV-8D,1765
882,"Dervish DV-8D2 ""Lightbringer""",1717
883,Dervish DV-9D,1518
4070,Desert Cobra VTOL,0
8078,Desert Scorpion Light Tank,554
1437,DEST Heavy Jump Infantry,111
6329,Destrier Siege Vehicle,2859
4071,Deuce-and-a-Half Truck,0
4072,Deuceman Blitz-Zweistister,0
4074,Deusenberg VIP Luxury Hovercar,0
4073,Deusenberg VIP Luxury Hovercar (Original),0
884,Deva C-DVA-O (Achillius),1595
885,Deva C-DVA-O Invictus,1584
886,Deva C-DVA-OA Dominus,1727
887,Deva C-DVA-OB Infernus,1713
888,Deva C-DVA-OC Comminus,1743
889,Deva C-DVA-OD Luminos,1711
890,Deva C-DVA-OE Eminus,1686
891,Deva C-DVA-OS Caelestis,1785
892,Deva C-DVA-OU Exanimus,1685
7984,Devastator DVS-10,2204
9377,Devastator DVS-11,3170
893,Devastator DVS-1D,1858
894,Devastator DVS-2,2481
7686,Devastator DVS-2-EC,2859
895,Devastator DVS-3,2452
896,Devastator DVS-X10 MUSE EARTH,3250
897,Devastator Heavy Tank,1037
8037,Devastator II Superheavy Tank,2245
7571,Devil,1691
900,DI Morgan Assault Tank,1390
898,DI Morgan Assault Tank (Gauss),1623
899,DI Morgan Assault Tank (LRM),1869
6595,DI Multipurpose Light VTOL,542
6596,DI Multipurpose Light VTOL (Gunship),711
6602,DI Schmitt Tank,1457
6603,DI Schmitt Tank (Targeting Computer),1625
4077,Dictator,4802
4076,Dictator (Command),4802
4078,Dig King RCL-1 MiningMech,409
7172,Dig King RCL-1M MiningMech MOD,460
4079,Dig Lord RCL-4 MiningMech,599
5542,Dig Lord RCL-4M MiningMech MOD,706
7829,Dig Lord RCL-4M-B MiningMech MOD,699
5565,Dig Lord RCL-Z1 Armed MiningMech,681
4080,Digger 500 Mining Robot 500,0
7299,Diggs Drone Control Tank,785
4464,Dillinger Police Vehicle,0
901,Diomede D-M3D-3 ConstructionMech,1228
902,Diomede D-M3D-4 DemolitionMech,1235
6823,Diomede D-M3D-M,1609
4081,Dixon Firetender Airship,0
4082,Dixon Law Enforcement Airship,0
5793,Djinn Battle Armor (Reflective) “Terrorizer” [Flamer] (Sqd4),189
8715,Djinn Battle Armor (Reflective) “Terrorizer” [Flamer] (Sqd5),254
9079,Djinn Battle Armor (Reflective) “Terrorizer” [Flamer] (Sqd6),327
5794,Djinn Battle Armor (Reflective) “Terrorizer” [Laser] (Sqd4),211
8716,Djinn Battle Armor (Reflective) “Terrorizer” [Laser] (Sqd5),297
9080,Djinn Battle Armor (Reflective) “Terrorizer” [Laser] (Sqd6),382
5792,Djinn Battle Armor (Reflective) “Terrorizer” [MG]  (Sqd4),189
8714,Djinn Battle Armor (Reflective) “Terrorizer” [MG]  (Sqd5),254
9078,Djinn Battle Armor (Reflective) “Terrorizer” [MG]  (Sqd6),327
4083,Djinn Battle Armor (Sqd4),137
8614,Djinn Battle Armor (Sqd5),184
8978,Djinn Battle Armor (Sqd6),237
4084,Djinn Battle Armor (Stealth) (Sqd4),181
8615,Djinn Battle Armor (Stealth) (Sqd5),243
8979,Djinn Battle Armor (Stealth) (Sqd6),313
903,Dola DOL-1A,911
4086,Dola DOL-1A1,950
4087,"Dola DOL-1A2 ""Yoh Ti Ts'ang""",826
6678,Doloire DLR-O,2561
6679,Doloire DLR-OA,2218
6680,Doloire DLR-OB,2836
7636,Doloire DLR-OBLO,2441
6681,Doloire DLR-OC,2242
6682,Doloire DLR-OD,3071
7434,Dominator,3018
7435,Dominator 2,2906
906,Donar Assault Helicopter,915
904,Donar Assault Helicopter (Close Support),582
905,Donar Assault Helicopter (Recon),808
8394,Doom Courser A,2139
8395,Doom Courser B,2091
8396,Doom Courser C,2147
8397,Doom Courser D,2453
8393,Doom Courser Prime,2283
4089,Dragau II Assault Interceptor,0
6819,Dragau II Assault Interceptor (3097),14573
908,Dragon DRG-1C,1215
909,Dragon DRG-1N,1125
910,Dragon DRG-2Y (Yoriyoshi),1257
911,Dragon DRG-5N,1223
912,Dragon DRG-5Nr,1252
5450,Dragon DRG-7N,1495
913,Dragon Fire DGR-3F,1855
4090,Dragon Fire DGR-3F (Searcy II),0
4091,Dragon Fire DGR-3F (Searcy),0
914,Dragon Fire DGR-4F,1900
915,Dragon Fire DGR-6FC,1858
916,Dragon Fire DGR-6FC2 (Gregory),2230
6414,Dragon II DRG-11K,1598
6415,Dragon II DRG-11R,2300
8112,Dragon's Star,0
4092,Dragonfire DG-05,1087
917,Dragonfly (Viper) A,1989
918,Dragonfly (Viper) B,1830
919,Dragonfly (Viper) C,1344
920,Dragonfly (Viper) D,1779
921,Dragonfly (Viper) E,1561
922,Dragonfly (Viper) F,1689
923,Dragonfly (Viper) G,1574
924,Dragonfly (Viper) H,1732
925,Dragonfly (Viper) I,1580
7584,Dragonfly (Viper) J,1259
7585,Dragonfly (Viper) K,1545
7586,Dragonfly (Viper) L,1417
7587,Dragonfly (Viper) M,2054
926,Dragonfly (Viper) Prime,1450
7588,Dragonfly (Viper) R,1335
7583,Dragonfly (Viper) T,1704
927,Dragonfly (Viper) U,1417
5644,Dragonfly (Viper) Z,1692
4093,Dragonfly MM-1,889
4094,Dragonfly MM-2,0
7766,Dragonstar  Assault Transport,1175
7767,Dragonstar Passenger Transport,1205
6780,Dragoon AEM-01,1669
6781,Dragoon AEM-02,0
6782,Dragoon AEM-03,0
6783,Dragoon AEM-04,0
7399,Dragoon AEM-05C,1893
9382,Dragoon Battle Armor (Advanced) (Sqd4),257
9383,Dragoon Battle Armor (Advanced) (Sqd5),346
9384,Dragoon Battle Armor (Advanced) (Sqd6),445
9379,Dragoon Battle Armor (Sqd4),167
9380,Dragoon Battle Armor (Sqd5),225
9381,Dragoon Battle Armor (Sqd6),290
4096,Drake Medium Stealth Fighter,389
928,Drake Medium Strike Fighter,452
4098,Dreadnought Battleship (2330),104949
5570,Dreadnought Mk II Land Train,1057
5571,Dreadnought Mk II Trailer Configuration #1,273
5572,Dreadnought Mk II Trailer Configuration #2,234
5573,Dreadnought Mk II Trailer Configuration #3,307
5574,Dreadnought Mk II Trailer Configuration #4,291
7605,Drift Shag,1512
932,Drillson Heavy Hover Tank,949
929,Drillson Heavy Hover Tank (ERLL),960
9472,Drillson Heavy Hover Tank (MML),910
930,Drillson Heavy Hover Tank (Sealed),870
931,Drillson Heavy Hover Tank (SRM),926
933,Drillson Heavy Hover Tank (Streak),899
9470,Drillson Heavy Hover Tank C,1295
9471,Drillson Heavy Hover Tank C 2,1516
4099,Dromedary Water Transport,341
7147,Drone M-3,16459
4100,Dropshuttle K-1,0
4101,Dropshuttle K-1C,0
7197,DroST Transport IIa (2445),1986
7199,DroST Transport IIa (2470),2429
7198,DroST Transport IIb (2445),8471
7200,DroST Transport IIb (2470),9068
4103,Du Shi Wang Battleship,0
6979,Duan Gung (Vaughn),851
934,Duan Gung D9-G10,886
935,Duan Gung D9-G9,737
6696,Duat Military Transport,16695
8139,Dugong Police Helicopter,0
9226,Dune Buggy,0
7409,Dunning Mobile Command Post,124
4105,Durendal Destroyer,0
936,Eagle EGL-1M,757
937,Eagle EGL-2M,800
938,Eagle EGL-3M,645
4106,Eagle EGL-R1,1255
4107,Eagle EGL-R10,1512
4108,Eagle EGL-R11,1527
4109,Eagle EGL-R4,1294
4110,Eagle EGL-R6,1467
939,Eagle EGL-R6b,1677
4111,Eagle EGL-R9,1458
4112,Eagle Frigate,100282
9227,Eagre Firefighting ATV,0
940,Ebony MEB-10,1020
941,Ebony MEB-11,1135
6942,Ebony MEB-12,1837
6943,Ebony MEB-13,750
942,Ebony MEB-9,1012
4113,Eckener Tanker Airship EC-1,0
943,Eidolon C-EID-001,1505
5618,Eisenfaust EFT-2,715
944,Eisenfaust EFT-4J,977
945,Eisenfaust EFT-7X,1203
946,Eisenfaust EFT-8X,1039
4114,Eisensturm EST-O,2773
4116,Eisensturm EST-OA,2636
4117,Eisensturm EST-OB,2499
4118,Eisensturm EST-OC,2155
5761,Eisensturm EST-OD,2712
4119,Eisensturm EST-R3,2773
947,Eldingar Hover Sled,1402
6758,"Eldingar Hover Sled (HMMHV) ""HumHov""",1289
948,Eldingar Hover Sled (Streak),1843
949,Elemental Battle Armor (Fire) [AP Gauss] (Sqd4),428
8486,Elemental Battle Armor (Fire) [AP Gauss] (Sqd5),576
8850,Elemental Battle Armor (Fire) [AP Gauss] (Sqd6),740
950,Elemental Battle Armor (Fire) [Flamer] (Sqd4),299
8487,Elemental Battle Armor (Fire) [Flamer] (Sqd5),403
8851,Elemental Battle Armor (Fire) [Flamer] (Sqd6),518
951,Elemental Battle Armor (Fire) [MicroPL] (Sqd4),355
8488,Elemental Battle Armor (Fire) [MicroPL] (Sqd5),479
8852,Elemental Battle Armor (Fire) [MicroPL] (Sqd6),615
9253,Elemental Battle Armor (Headhunter) (Sqd3),155
952,Elemental Battle Armor (Headhunter) (Sqd4),223
8489,Elemental Battle Armor (Headhunter) (Sqd5),300
8853,Elemental Battle Armor (Headhunter) (Sqd6),386
953,Elemental Battle Armor (Space) [Flamer] (Sqd4),216
8490,Elemental Battle Armor (Space) [Flamer] (Sqd5),291
8854,Elemental Battle Armor (Space) [Flamer] (Sqd6),374
954,Elemental Battle Armor (Space) [MG] (Sqd4),216
8491,Elemental Battle Armor (Space) [MG] (Sqd5),291
8855,Elemental Battle Armor (Space) [MG] (Sqd6),374
955,Elemental Battle Armor (Space) [MicroPL] (Sqd4),272
8492,Elemental Battle Armor (Space) [MicroPL] (Sqd5),366
8856,Elemental Battle Armor (Space) [MicroPL] (Sqd6),471
9204,Elemental Battle Armor [AP Gauss] (Sqd3),297
956,Elemental Battle Armor [AP Gauss] (Sqd4),428
8493,Elemental Battle Armor [AP Gauss] (Sqd5),577
8857,Elemental Battle Armor [AP Gauss] (Sqd6),742
9205,Elemental Battle Armor [ERMicroL] (Sqd3),219
957,Elemental Battle Armor [ERMicroL] (Sqd4),316
8494,Elemental Battle Armor [ERMicroL] (Sqd5),426
8858,Elemental Battle Armor [ERMicroL] (Sqd6),548
9206,Elemental Battle Armor [Flamer] (Sqd3),208
958,Elemental Battle Armor [Flamer] (Sqd4),300
8495,Elemental Battle Armor [Flamer] (Sqd5),404
8859,Elemental Battle Armor [Flamer] (Sqd6),520
9207,Elemental Battle Armor [HMG] (Sqd3),213
959,Elemental Battle Armor [HMG] (Sqd4),308
8496,Elemental Battle Armor [HMG] (Sqd5),415
8860,Elemental Battle Armor [HMG] (Sqd6),534
9208,Elemental Battle Armor [Laser] (Sqd3),230
960,Elemental Battle Armor [Laser] (Sqd4),332
8497,Elemental Battle Armor [Laser] (Sqd5),447
8861,Elemental Battle Armor [Laser] (Sqd6),575
9210,Elemental Battle Armor [MG] (Sqd3),208
961,Elemental Battle Armor [MG] (Sqd4),300
8498,Elemental Battle Armor [MG] (Sqd5),404
8862,Elemental Battle Armor [MG] (Sqd6),520
9209,Elemental Battle Armor [MicroPL] (Sqd3),247
962,Elemental Battle Armor [MicroPL] (Sqd4),356
8499,Elemental Battle Armor [MicroPL] (Sqd5),480
8863,Elemental Battle Armor [MicroPL] (Sqd6),617
4123,Elemental II Battle Armor (Sqd4),354
8616,Elemental II Battle Armor (Sqd5),477
8980,Elemental II Battle Armor (Sqd6),613
4124,Elemental II Battle Armor X (Sqd4),230
8617,Elemental II Battle Armor X (Sqd5),310
8981,Elemental II Battle Armor X (Sqd6),399
8456,Elemental III Battle Armor [AP Gauss] (Sqd4),396
8834,Elemental III Battle Armor [AP Gauss] (Sqd5),532
9197,Elemental III Battle Armor [AP Gauss] (Sqd6),684
8457,Elemental III Battle Armor [Flamer] (Sqd4),266
8835,Elemental III Battle Armor [Flamer] (Sqd5),357
9198,Elemental III Battle Armor [Flamer] (Sqd6),459
8458,Elemental III Battle Armor [MicroPL] (Sqd4),323
8836,Elemental III Battle Armor [MicroPL] (Sqd5),434
9199,Elemental III Battle Armor [MicroPL] (Sqd6),558
4211,Elite Series 3 Land Train (Tractor),0
4212,Elite Series 3T Land Train (Trailer),0
7186,Emperor EMP-1A,1453
963,Emperor EMP-5A,1830
964,Emperor EMP-6A,1969
965,Emperor EMP-6A (Nerran),2247
7685,Emperor EMP-6A-EC,2165
966,Emperor EMP-6D,2382
967,Emperor EMP-6L,2681
968,Emperor EMP-6M,2090
5595,Emperor EMP-6M2,0
969,"Emperor EMP-6ME ""Mercury Elite""",2004
970,Emperor EMP-6S,2065
971,Emperor EMP-7L,2179
6851,Emperor EMP-8L,2385
972,Enfield END-6J,1417
7679,Enfield END-6J-EC,1470
973,Enfield END-6Q,1248
974,Enfield END-6S,1413
975,Enfield END-6Sr,1361
976,Enforcer ENF-4R,1032
977,Enforcer ENF-4R (Daniel),1357
978,Enforcer ENF-5D,1308
979,Enforcer ENF-5D (Daniel),1738
8249,Enforcer ENF-5R,1192
980,Enforcer III ENF-6G,1858
981,Enforcer III ENF-6H,1603
982,Enforcer III ENF-6M,1460
983,Enforcer III ENF-6Ma,1275
984,Enforcer III ENF-6NAIS,1475
7985,Enforcer III ENF-6R,1694
985,Enforcer III ENF-6T,1720
986,Enforcer III ENF-7C3BS,1687
7296,Enforcer III ENF-7D,1495
987,Enforcer III ENF-7X MUSE COMPACT,1670
990,Engineering Vehicle,194
988,Engineering Vehicle (AC),423
989,Engineering Vehicle (Flamer),196
5858,Enterprise Super Carrier,0
4127,Enyo Strike Tank,1527
4126,Enyo Strike Tank (ER Pulse),1130
5732,"Enyo Strike Tank (LB-X) ""Sholef""",1527
4128,Enyo Strike Tank XR,1144
4129,Epimetheus Prime,2517
991,Epona Pursuit Tank A,1976
992,Epona Pursuit Tank B,1255
993,Epona Pursuit Tank C,1563
994,Epona Pursuit Tank D,1773
995,Epona Pursuit Tank E,1436
996,Epona Pursuit Tank Prime,1477
4131,Erinyes,67
4132,Erinyes 2,52
4133,Erinyes 3,64
9328,Eris ERS-2H,1674
8251,Eris ERS-2N,1400
8252,Eris ERS-3R,1868
4134,Escape Pod,0
4136,Essex Destroyer (2711),60935
6992,Essex Destroyer (Block I),33282
4137,Essex Destroyer (Clan),0
4139,Estevez MBT,647
4138,Estevez MBT (Anti-Aircraft),571
9390,Eurus MBT A,1986
9391,Eurus MBT B,2147
9392,Eurus MBT C,1856
9393,Eurus MBT D,1770
9389,Eurus MBT Prime,1668
4141,Excalibur (2786),0
997,Excalibur EXC-B1,1549
998,Excalibur EXC-B2,1533
999,Excalibur EXC-B2b,1715
7683,Excalibur EXC-B2b-EC,2008
1000,Excalibur EXC-C1,1637
1001,Excalibur EXC-C1 (Cernunnos),1778
1002,Excalibur EXC-CS,2174
1003,Excalibur EXC-D1,1949
4143,Exeter Excelsior Turbofan Cruiser LE,0
6410,Exhumer EXR-2X,1468
6411,Exhumer EXR-3P,1469
7840,Exo HMX-1 HaulerMech,96
7841,Exo HMX-2 HaulerMech,98
7842,Exo HMX-3 HaulerMech,107
7843,Exo HMX-3M HaulerMech,108
4145,Explorer JumpShip,0
4144,Explorer JumpShip (HPG),0
4147,Exterminator EXT-4A,1372
4148,Exterminator EXT-4C,1420
1004,Exterminator EXT-4D,1385
1005,Exterminator EXT-4Db,1694
7682,Exterminator EXT-4Db-EC,1611
7321,Exterminator EXT-4DX,1794
1006,Exterminator EXT-5E,1532
1007,Exterminator EXT-5F,1485
5551,Exterminator EXT-6CS,1592
8161,Exterminator EXT-7X,1674
1008,Eyleuka EYL-35A,1484
1009,Eyleuka EYL-45A,1387
1010,Eyleuka EYL-45B,1615
1011,Eyleuka EYL-4A,1571
6263,Eyrie,1401
1012,Fa Shih Battle Armor (Support) [King David] (Sqd4),185
8500,Fa Shih Battle Armor (Support) [King David] (Sqd5),249
8864,Fa Shih Battle Armor (Support) [King David] (Sqd6),320
1013,Fa Shih Battle Armor (Support) [Plasma] (Sqd4),225
8501,Fa Shih Battle Armor (Support) [Plasma] (Sqd5),303
8865,Fa Shih Battle Armor (Support) [Plasma] (Sqd6),390
1019,Fa Shih Battle Armor 2 [MG] (Sqd4),150
8507,Fa Shih Battle Armor 2 [MG] (Sqd5),203
8871,Fa Shih Battle Armor 2 [MG] (Sqd6),260
1014,Fa Shih Battle Armor [Flamer] (Sqd4),201
8502,Fa Shih Battle Armor [Flamer] (Sqd5),271
8866,Fa Shih Battle Armor [Flamer] (Sqd6),348
1015,Fa Shih Battle Armor [Laser] (Sqd4),233
8503,Fa Shih Battle Armor [Laser] (Sqd5),314
8867,Fa Shih Battle Armor [Laser] (Sqd6),404
1016,Fa Shih Battle Armor [LRR] (Sqd4),257
8504,Fa Shih Battle Armor [LRR] (Sqd5),346
8868,Fa Shih Battle Armor [LRR] (Sqd6),445
1017,Fa Shih Battle Armor [MG] (Sqd4),201
8505,Fa Shih Battle Armor [MG] (Sqd5),271
8869,Fa Shih Battle Armor [MG] (Sqd6),348
1018,Fa Shih Battle Armor [TAG] (Sqd4),161
8506,Fa Shih Battle Armor [TAG] (Sqd5),217
8870,Fa Shih Battle Armor [TAG] (Sqd6),279
1020,Fafnir FNR-4A (Peter),2458
4152,Fafnir FNR-5,2636
4153,Fafnir FNR-5B,2625
5719,Fafnir FNR-5WB,2449
1021,Fafnir FNR-5X,2610
5720,Fafnir FNR-6U,2234
1022,Falcon FLC-4N,610
1023,Falcon FLC-4Nb,947
1024,Falcon FLC-4Nb (Saho),774
1025,Falcon FLC-4Nb-PP,881
1026,Falcon FLC-4Nb-PP2,947
1027,Falcon FLC-4P,649
1028,Falcon FLC-5P,945
1029,Falcon FLC-6C,1290
1030,Falcon Hawk FNHK-9K,1030
1031,Falcon Hawk FNHK-9K1A,1040
1032,Falcon Hawk FNHK-9K1B,1116
4154,Falcon Hover Tank,676
1033,Falconer FLC-8R,2231
1034,Falconer FLC-9R,1979
4155,Farley Speeders,0
4156,Farragut Battleship,0
5802,Faslane Yardship,22659
1035,Fast Recon,188
4159,Feicui Aircar,0
4160,Feng Huang Cruiser,0
1036,Fennec FEC-1CM,1395
1037,Fennec FEC-3C,1551
6900,Fennec FEC-5CM,1445
4162,"Fenrir Battle Armor ""Longshot"" (Sqd4)",624
8618,"Fenrir Battle Armor ""Longshot"" (Sqd5)",840
8982,"Fenrir Battle Armor ""Longshot"" (Sqd6)",1080
1038,Fenrir Battle Armor [ERML] (Sqd4),368
8508,Fenrir Battle Armor [ERML] (Sqd5),495
8872,Fenrir Battle Armor [ERML] (Sqd6),637
1039,Fenrir Battle Armor [MG] (Sqd4),153
8509,Fenrir Battle Armor [MG] (Sqd5),206
8873,Fenrir Battle Armor [MG] (Sqd6),265
1040,Fenrir Battle Armor [Mortar] (Sqd4),185
8510,Fenrir Battle Armor [Mortar] (Sqd5),249
8874,Fenrir Battle Armor [Mortar] (Sqd6),320
1041,Fenrir Battle Armor [MPL] (Sqd4),304
8511,Fenrir Battle Armor [MPL] (Sqd5),409
8875,Fenrir Battle Armor [MPL] (Sqd6),526
1042,Fenrir Battle Armor [SL] (Sqd4),208
8512,Fenrir Battle Armor [SL] (Sqd5),280
8876,Fenrir Battle Armor [SL] (Sqd6),360
1043,Fenrir Battle Armor [SPL] (Sqd4),194
8513,Fenrir Battle Armor [SPL] (Sqd5),261
8877,Fenrir Battle Armor [SPL] (Sqd6),336
1044,Fenrir Battle Armor [SRM] (Sqd4),266
8514,Fenrir Battle Armor [SRM] (Sqd5),359
8878,Fenrir Battle Armor [SRM] (Sqd6),461
1045,Fenrir Battle Armor [VSP] (Sqd4),189
8515,Fenrir Battle Armor [VSP] (Sqd5),255
8879,Fenrir Battle Armor [VSP] (Sqd6),328
6593,Fenrir II Assault Battle Armor [AI] (Sqd4),344
8773,Fenrir II Assault Battle Armor [AI] (Sqd5),462
9136,Fenrir II Assault Battle Armor [AI] (Sqd6),592
6591,Fenrir II Assault Battle Armor [LRM] (Sqd4),464
8771,Fenrir II Assault Battle Armor [LRM] (Sqd5),624
9134,Fenrir II Assault Battle Armor [LRM] (Sqd6),802
6589,Fenrir II Assault Battle Armor [ML] (Sqd4),456
8769,Fenrir II Assault Battle Armor [ML] (Sqd5),613
9132,Fenrir II Assault Battle Armor [ML] (Sqd6),789
6590,Fenrir II Assault Battle Armor [MRR] (Sqd4),424
8770,Fenrir II Assault Battle Armor [MRR] (Sqd5),570
9133,Fenrir II Assault Battle Armor [MRR] (Sqd6),733
6592,Fenrir II Assault Battle Armor [SRM] (Sqd4),467
8772,Fenrir II Assault Battle Armor [SRM] (Sqd5),628
9135,Fenrir II Assault Battle Armor [SRM] (Sqd6),808
1046,Fenris (Ice Ferret) A,1323
1047,Fenris (Ice Ferret) B,1461
1048,Fenris (Ice Ferret) C,1211
1049,Fenris (Ice Ferret) D,1653
1050,Fenris (Ice Ferret) E,1483
7508,Fenris (Ice Ferret) F,1771
7507,Fenris (Ice Ferret) G,1196
1051,Fenris (Ice Ferret) H,1619
7506,Fenris (Ice Ferret) I,1096
7505,Fenris (Ice Ferret) J,1771
7504,Fenris (Ice Ferret) K,1769
1052,Fenris (Ice Ferret) L,1380
1053,Fenris (Ice Ferret) Prime,1678
7503,Fenris (Ice Ferret) T,1825
1054,Fenris (Ice Ferret) U,1549
1057,Fensalir Combat WiGE,1643
8038,Fensalir Combat WiGE (3132 Upgrade),1695
8039,Fensalir Combat WiGE (3137 Upgrade),1468
1055,Fensalir Combat WiGE (HAG),2356
1056,Fensalir Combat WiGE (Infantry),1379
8040,Fensalir Combat WiGE (Stealth),1751
5789,Fensalir Combat WiGE (XXL),1513
1060,Ferret Light Scout VTOL,58
5605,"Ferret Light Scout VTOL ""Fermi""",108
1058,"Ferret Light Scout VTOL (Armor) ""Wild Weasel""",103
1059,Ferret Light Scout VTOL (Cargo),17
5538,Ferret Light Scout VTOL (Sensor),0
1061,Field Gun Infantry,310
8410,Field Gun Infantry Platoon (AC/10),234
1062,Field Medic,19
4165,FIGYEL II Science Satellite,0
1063,Fire Falcon A,822
1064,Fire Falcon B,1570
1065,Fire Falcon C,1004
1066,Fire Falcon D,826
1067,Fire Falcon E,1094
1068,Fire Falcon F,1135
8180,Fire Falcon G,1269
1069,Fire Falcon H,1162
8181,Fire Falcon I,1678
8182,Fire Falcon L,1665
1070,Fire Falcon Prime,1451
8183,Fire Falcon R,846
8179,Fire Falcon T,1661
1071,Fire Scorpion,1546
5651,Fire Scorpion (Original),0
1072,Fire Scorpion 2,1749
1073,Fire Scorpion 3,1904
5521,Fire-Mission Remote Missile Launcher,0
1074,Fireball ALM-10D,957
1075,Fireball ALM-7D,385
1076,Fireball ALM-8D,574
1077,Fireball ALM-9D,527
5781,Fireball ALM-XF,612
1078,Firebee FRB-1E (WAM-B),514
1079,Firebee FRB-2E,808
1080,Firebee FRB-3E,1067
4168,Firebee WAM-A,0
7838,Firebee WI-WAM MilitiaMech,456
4170,Firebird FR-1,403
4171,Firebringer Drop Shuttle,0
1081,Firefighter,74
1082,Firefly C,1290
4172,Firefly FFL-3A,797
1083,Firefly FFL-3PP,888
1084,Firefly FFL-3PP2,873
1085,Firefly FFL-3PP3,808
1086,Firefly FFL-3SLE,876
1087,Firefly FFL-4A,831
1088,Firefly FFL-4B,870
1089,Firefly FFL-4C,806
1090,Firefly FFL-4D,897
1091,Firefly FFL-4DA,921
9394,Firefly FFL-5A,996
1092,Firestarter FS9-81X,1065
1093,Firestarter FS9-A,773
1094,Firestarter FS9-B,668
1111,Firestarter FS9-C,940
1096,Firestarter FS9-H,694
1097,Firestarter FS9-K,763
1098,"Firestarter FS9-M ""Mirage""",798
6609,Firestarter FS9-M2,751
6610,Firestarter FS9-M3,866
6611,Firestarter FS9-M4,798
9374,"Firestarter FS9-N ""Mirage II""",1660
1099,Firestarter FS9-O,1144
1100,Firestarter FS9-OA,976
1101,Firestarter FS9-OB,1070
1102,Firestarter FS9-OC,1006
1103,Firestarter FS9-OD,1322
1104,Firestarter FS9-OE,998
1105,Firestarter FS9-OF,1446
1106,Firestarter FS9-OG,1063
1107,Firestarter FS9-OH,1119
1108,Firestarter FS9-OR,1713
1109,Firestarter FS9-OU,1120
1110,Firestarter FS9-OX,1190
1095,Firestarter FS9-P,775
1112,Firestarter FS9-S,754
1113,Firestarter FS9-S1,820
5441,Firestarter FS9-S2,842
5442,Firestarter FS9-S3,908
8129,Firestorm,2330
3740,Fiver Roadster,0
3741,Fiver Traveler,0
1114,Flamberge 2,2468
1115,Flamberge 3,2346
1116,Flamberge A,2575
1117,Flamberge B,2750
1118,Flamberge C,2206
6873,Flamberge D,2357
1119,Flamberge Prime,2266
3933,Flashbang ZZ10000,0
1120,Flashfire FLS-P2,718
1121,Flashfire FLS-P4,712
1122,Flashfire FLS-P5,654
8445,Flashman FLS-10E,3349
1123,Flashman FLS-7K,1480
1124,Flashman FLS-8K,1779
1125,Flashman FLS-9B,1600
1126,Flashman FLS-9C,1779
1127,Flashman FLS-9M,1895
1128,Flashman FLS-C,1774
1134,Flatbed Truck,34
1129,Flatbed Truck (Armor),117
1130,Flatbed Truck (LRM),172
1131,Flatbed Truck (Mortar),65
1132,Flatbed Truck (RL),232
1133,Flatbed Truck (SRM),67
1135,"Flea ""Fire Ant""",332
5769,Flea FLE-14,270
1136,Flea FLE-15,430
7427,Flea FLE-16,506
1137,Flea FLE-17,510
1138,Flea FLE-19,381
1139,Flea FLE-20,791
9313,Flea FLE-21,823
1140,Flea FLE-4,432
1141,Foot Ballistic Rifle Infantry,90
1142,Foot Infantry (Portable MG),104
7002,Foot Level I  (1/2) (SRM),0
6997,Foot Level I (1/2) (Flamer),0
6999,Foot Level I (1/2) (LRM),0
7000,Foot Level I (1/2) (MG),0
7001,"Foot Level I (1/2) (Rifle, Ballistic)",0
6998,"Foot Level I (1/2) (Rifle, Energy)",0
7003,Foot Platoon (FedCom) (Flamer),0
7005,Foot Platoon (FedCom) (LRM),0
7006,Foot Platoon (FedCom) (MG),0
7007,"Foot Platoon (FedCom) (Rifle, Ballistic)",0
7004,"Foot Platoon (FedCom) (Rifle, Energy)",0
7008,Foot Platoon (FedCom) (SRM),0
1143,Foot Platoon (Flamer),74
4175,Foot Platoon (Flechette),97
7009,Foot Platoon (FS3067+) (Flamer),0
7011,Foot Platoon (FS3067+) (LRM),0
7012,Foot Platoon (FS3067+) (MG),0
7013,"Foot Platoon (FS3067+) (Rifle, Ballistic)",0
7010,"Foot Platoon (FS3067+) (Rifle, Energy)",0
7014,Foot Platoon (FS3067+) (SRM),0
7015,Foot Platoon (FW3035+) (Flamer),0
7017,Foot Platoon (FW3035+) (LRM),0
7018,Foot Platoon (FW3035+) (MG),0
7019,"Foot Platoon (FW3035+) (Rifle, Ballistic)",0
7016,"Foot Platoon (FW3035+) (Rifle, Energy)",0
7020,Foot Platoon (FW3035+) (SRM),0
4176,Foot Platoon (Gauss),0
1145,Foot Platoon (LRM),71
1146,Foot Platoon (MG),84
4177,Foot Platoon (Rifle AA),99
4178,Foot Platoon (Rifle Minelayer),0
1147,"Foot Platoon (Rifle, Ballistic)",90
1144,"Foot Platoon (Rifle, Energy)",85
1148,Foot Platoon (SRM),79
7221,"Foot Platoon, Marian (1/4) (Flamer)",0
7224,"Foot Platoon, Marian (1/4) (MG)",0
7226,"Foot Platoon, Marian (1/4) (Rifle, Ballistic)",0
7222,"Foot Platoon, Marian (1/4) (Rifle, Energy)",0
7225,"Foot Platoon, Marian (1/4) (SRM)",0
7227,"Foot Platoon, Marian 3049+ (1/4) (Flamer)",0
7223,"Foot Platoon, Marian 3049+ (1/4) (LRM)",0
7229,"Foot Platoon, Marian 3049+ (1/4) (MG)",0
7230,"Foot Platoon, Marian 3049+ (1/4) (Rifle, Ballistic)",0
7228,"Foot Platoon, Marian 3049+ (1/4) (Rifle, Energy)",0
7231,"Foot Platoon, Marian 3049+ (1/4) (SRM)",0
9281,"Foot Platoon, Taurian (Flamer)",81
9272,"Foot Platoon, Taurian (LRM)",97
9273,"Foot Platoon, Taurian (MG)",89
9270,"Foot Platoon, Taurian (Rifle, Ballistic)",97
9271,"Foot Platoon, Taurian (Rifle, Energy)",91
9274,"Foot Platoon, Taurian (SRM)",94
7160,ForestryMech ED-X3,202
5505,Fortified Command Post (Age of War),400
5506,Fortified Command Post (Clan Invasion),535
5507,Fortified Command Post (FedCom Civil War),537
5508,Fortified Command Post (Jihad),741
5501,Fortified Infantry Bunker (Age of War),105
5502,Fortified Infantry Bunker (Clan Invasion),119
5503,Fortified Infantry Outpost (FedCom Civil War),131
4179,Fortress (2613),0
4180,Fortress (3058),0
4181,Fortune Wheeled Assault Vehicle,1349
1149,Fortune Wheeled Assault Vehicle (C3M),1178
5737,Fortune Wheeled Assault Vehicle (Thunderbolt),1402
7609,Fox,2091
1151,Fox Armored Car,549
1150,Fox Armored Car (Flamer),530
6749,Fox Armored Car (Interdictor),547
1152,Fox Armored Car (VSP),543
4182,Fox CS-1,1574
4184,Foxhound Gunboat TIG-40,3452
4185,Fredasa Corvette/Raider,0
4186,Freedom Hover Jeep 1000,0
4187,Freedom Hover Jeep 900,0
1153,Frogmen,92
8414,Fujin RJN-301-F,1770
4188,Fulcrum Heavy Hover Tank (Hybrid),1543
1154,Fulcrum Heavy Hovertank,1167
1155,Fulcrum Heavy Hovertank II,1248
1156,Fulcrum Heavy Hovertank III,1185
1157,Fulcrum Heavy Hovertank X,1686
4190,Fulmar Patrol Craft,0
4189,Fulmar Patrol Craft (Original),0
4191,Fury (2638),0
4192,Fury (3056),0
1161,Fury Command Tank,1184
1158,Fury Command Tank (C3M),1336
1159,Fury Command Tank (C3S),1413
4193,Fury Command Tank (Fury II),1234
6801,Fury Command Tank (Fury III),1827
6802,Fury Command Tank (Fury IIIm),1720
4194,Fury Command Tank (Original),1184
1160,Fury Command Tank (Royal),1255
5556,Fury Command Tank CX-17,0
6309,Fusilier Battle Armor (Sqd4),348
8734,Fusilier Battle Armor (Sqd5),468
9097,Fusilier Battle Armor (Sqd6),602
6310,Fusilier Battle Armor (Upgrade) (Sqd4),382
8735,Fusilier Battle Armor (Upgrade) (Sqd5),514
9098,Fusilier Battle Armor (Upgrade) (Sqd6),660
1162,Fwltur FWL-3R SalvageMech,250
1163,Fwltur FWL-3V SalvageMech,252
7769,Gaajian System Patrol Boat (2485),3351
1165,Gabriel Reconnaissance Hovercraft,198
1164,Gabriel Reconnaissance Hovercraft (ERSL),162
1166,Gabriel Reconnaissance Hovercraft (TDF),168
1170,Galahad (Glass Spider),1825
1171,Galahad (Glass Spider) 2,2038
1172,Galahad (Glass Spider) 3,2508
8131,Galahad (Glass Spider) 4,2309
1167,Galahad GLH-1D,1307
1168,Galahad GLH-2D,1648
1169,Galahad GLH-3D,1268
6978,Galahad GLH-3D (Laodices),1549
4195,Galaport Ground Tug,0
4196,Galaport Ground Tug Trailer,0
4197,Galax Launch Systems & Satellites Starcomm SEU-193D,0
6872,Gallant GLT-10-0,1555
1173,Gallant GLT-7-0,1436
1174,Gallant GLT-8-0,1666
4200,Gallant Urban Assault Tank,1056
4198,Gallant Urban Assault Tank (Fusion),0
4199,Gallant Urban Assault Tank (Original),0
9341,Galleon Light Tank C,633
1175,Galleon Light Tank GAL-100,309
1176,Galleon Light Tank GAL-102,651
1177,Galleon Light Tank GAL-103,872
1178,Galleon Light Tank GAL-104,779
8041,Galleon Light Tank GAL-105,564
9336,Galleon Light Tank GAL-106,762
9337,Galleon Light Tank GAL-106M,601
1179,Galleon Light Tank GAL-200,345
1180,Galleon Light Tank GAL-200 (RL),443
9338,Galleon Light Tank GAL-200R,455
9339,Galleon Light Tank GAL-201,504
9340,Galleon Light Tank GAL-300,648
1181,Galleon Light Tank Maxwell,451
1182,Gallowglas GAL-1GLS,1695
1183,Gallowglas GAL-2GLS,1857
1184,Gallowglas GAL-2GLSA,1771
1185,Gallowglas GAL-3GLS,2291
1186,Gallowglas GAL-4GLS,1944
1187,Gallowglas GAL-4GLSA,2017
1188,Gallowglas WD,2094
6500,Gambit GBT-1G,777
6501,Gambit GBT-1L,796
4201,Gargantua MiningMech,0
1189,Garm GRM-01A,701
1190,Garm GRM-01A2,1078
1191,Garm GRM-01B,934
1192,Garm GRM-01C,1140
6539,Garrot Superheavy Transport,316
4202,Garuda Heavy VTOL,1484
4203,Gatekeeper Traffic Control Station,0
6621,Gauntlet GTL-1O,1846
6622,Gauntlet GTL-1OA,1420
6623,Gauntlet GTL-1OB,2076
6624,Gauntlet GTL-1OC,2048
8100,Gauss-Buster MillitiaMech,675
4204,Gazelle (2531),0
4206,Gazelle (Heavy Vehicle),0
9582,Generic Expandable Services Vehicle  (Command Post),132
9583,Generic Expandable Services Vehicle  (Field Kitchen),132
9585,Generic Expandable Services Vehicle  (MASH),132
9586,Generic Expandable Services Vehicle Trailer (Bunk),61
9587,Generic Expandable Services Vehicle Trailer (Cargo),61
4209,Gestalt D2X-G,2392
1193,Ghost GST-10,1353
8373,"Ghost GST-10A ""Aurora""",1371
1194,Ghost GST-11,1244
6907,Ghost GST-50,1114
6906,Ghost GST-90,1012
1196,Giggins APC,476
1195,Giggins APC (Fire Support),718
1203,Gladiator (Executioner) A,3112
1204,Gladiator (Executioner) B,2940
1205,Gladiator (Executioner) C,2740
1206,Gladiator (Executioner) D,2698
1207,Gladiator (Executioner) E,2988
6842,Gladiator (Executioner) F,3606
6841,Gladiator (Executioner) G,3825
1208,Gladiator (Executioner) H,3059
6840,Gladiator (Executioner) I,3339
7712,Gladiator (Executioner) J,2891
1209,Gladiator (Executioner) K,3125
7713,Gladiator (Executioner) L,3132
1210,Gladiator (Executioner) P,3052
1211,Gladiator (Executioner) Prime,2749
7714,Gladiator (Executioner) T,2558
7596,Gladiator (Executioner) TC,3363
4215,Gladiator Battle Armor S (Sqd4),47
8619,Gladiator Battle Armor S (Sqd5),63
8983,Gladiator Battle Armor S (Sqd6),81
1212,"Gladiator Exoskeleton ""The Spider"" (Sqd4)",44
8516,"Gladiator Exoskeleton ""The Spider"" (Sqd5)",60
8880,"Gladiator Exoskeleton ""The Spider"" (Sqd6)",77
4216,Gladiator Exoskeleton [Armored Glove] (Sqd4),34
8620,Gladiator Exoskeleton [Armored Glove] (Sqd5),46
8984,Gladiator Exoskeleton [Armored Glove] (Sqd6),59
7206,Gladiator Exoskeleton [Industrial Drill] (Sqd4),34
8808,Gladiator Exoskeleton [Industrial Drill] (Sqd5),46
9171,Gladiator Exoskeleton [Industrial Drill] (Sqd6),59
1198,Gladiator GLD-1R,1027
1197,Gladiator GLD-1R (Keller),1517
1199,Gladiator GLD-2R,1184
1200,Gladiator GLD-3R,1282
1201,Gladiator GLD-4R,1291
1202,Gladiator GLD-5R,1425
9539,Gladiator GLD-7R,1890
9540,Gladiator GLD-7R/SF,1748
9541,Gladiator GLD-9SF,2119
8464,Gladiator-B (Executioner-B) A,2194
8465,Gladiator-B (Executioner-B) B,3157
8466,Gladiator-B (Executioner-B) C,2979
8463,Gladiator-B (Executioner-B) Prime,2721
1213,Gladius Medium Hover Tank Mk. II,613
1214,Gladius Medium Hovertank,586
4217,Glaive Medium Tank,806
5729,Glaive Medium Tank (MFB),277
4219,Glory Heavy Fire Support Vehicle,1686
6803,Glory Heavy Fire Support Vehicle (3090 Upgrade),1980
5739,Glory Heavy Fire Support Vehicle (Arrow IV),1704
4218,Glory Heavy Fire Support Vehicle (Light Gauss),1452
8385,"Gnome Battle Armor ""Dwarf"" (Sqd4)",276
8517,Gnome Battle Armor (LRM) (Sqd5),611
9212,Gnome Battle Armor (Sqd3),299
1216,Gnome Battle Armor (Sqd4),431
8518,Gnome Battle Armor (Sqd5),580
8882,Gnome Battle Armor (Sqd6),747
8519,Gnome Battle Armor (Upgrade) [Bearhunter] (Sqd5),476
8520,Gnome Battle Armor (Upgrade) [MRR] (Sqd5),526
8521,Gnome Battle Armor (Upgrade) [Pulse Laser] (Sqd5),549
1220,Goblin II Infantry Support Vehicle,839
9564,Goblin III Infantry Support Vehicle,794
1222,Goblin Infantry Support Vehicle,790
1221,Goblin Infantry Support Vehicle (Sealed),897
1226,Goblin Medium Tank,555
1223,Goblin Medium Tank (LRM),656
1224,Goblin Medium Tank (MG),527
1225,Goblin Medium Tank (SRM),647
1227,Goblin Medium Tank X,886
4222,Golem Assault Armor (Fast Assault) (Sqd4),367
8621,Golem Assault Armor (Fast Assault) (Sqd5),494
8985,Golem Assault Armor (Fast Assault) (Sqd6),635
4223,Golem Assault Armor (Rock Golem) (Sqd4),545
8622,Golem Assault Armor (Rock Golem) (Sqd5),734
8986,Golem Assault Armor (Rock Golem) (Sqd6),944
4224,Golem Assault Armor (Sqd4),650
8623,Golem Assault Armor (Sqd5),875
8987,Golem Assault Armor (Sqd6),1125
1228,Golem Assault Armor (Support) (Sqd4),685
8522,Golem Assault Armor (Support) (Sqd5),922
8886,Golem Assault Armor (Support) (Sqd6),1185
7438,Goliath C,2222
1229,Goliath GOL-1H,1449
1230,Goliath GOL-2H,1583
1231,Goliath GOL-3L,1708
1232,Goliath GOL-3M,1537
8405,Goliath GOL-3M2,1631
1233,Goliath GOL-3S,1792
1234,Goliath GOL-4S,1912
1235,Goliath GOL-5D,1975
1236,Goliath GOL-5W,2006
1237,Goliath GOL-6H,1676
1238,Goliath GOL-6M,1742
8406,Goliath GOL-7C,1790
8407,Goliath GOL-7K,1894
8408,Goliath GOL-7R,1888
1239,Gorgon,295
1240,Gorgon 2,308
1241,Gorgon 3,285
1242,Gorgon 4,289
8032,Gorgon 5,283
8033,Gorgon 6,355
5440,"Gorilla Exoskeleton ""Falcata"" (Sqd4)",60
8705,"Gorilla Exoskeleton ""Falcata"" (Sqd5)",77
9069,"Gorilla Exoskeleton ""Falcata"" (Sqd6)",99
4225,Gorilla Exoskeleton PEX-2B (Sqd4),20
8624,Gorilla Exoskeleton PEX-2B (Sqd5),27
8988,Gorilla Exoskeleton PEX-2B (Sqd6),35
1243,Goshawk (Vapor Eagle),2368
1244,Goshawk (Vapor Eagle) 2,1989
1245,Goshawk (Vapor Eagle) 3,2466
1246,Goshawk (Vapor Eagle) 4,2069
7710,Goshawk (Vapor Eagle) 5,2572
7709,Goshawk (Vapor Eagle) 6,1959
7711,Goshawk (Vapor Eagle) 7,2876
1249,Goshawk II,1849
1247,Goshawk II 2,1767
1248,Goshawk II 3,2115
7986,Goshawk II 4,1936
7376,Goshawk II RISC,1886
7773,Gossamer Surveillance Drone,0
6537,Gossamer VTOL,1091
6538,Gossamer VTOL (XL),663
7659,Goth A,1898
7660,Goth B,1955
7661,Goth C,2062
7662,Goth D,2126
7658,Goth Prime,1993
4226,Gotha GTHA-100,1301
4227,Gotha GTHA-300,1463
4228,Gotha GTHA-400,1364
1250,Gotha GTHA-500,1436
4229,Gotha GTHA-500b,1527
1251,Gotha GTHA-600,1549
5373,Graceful Crane Air Bus,0
1252,Grand Crusader GRN-D-01,1758
8430,Grand Crusader GRN-D-01-X,1895
1253,Grand Crusader GRN-D-02,1702
8423,Grand Crusader GRN-D-02-B,1937
1254,Grand Crusader II GRN-D-03,2276
1255,Grand Crusader II GRN-D-04,2292
6889,Grand Dragon DRG-10K,1603
8446,Grand Dragon DRG-12K,2265
1256,Grand Dragon DRG-1G,1300
1257,Grand Dragon DRG-1G (Douglas),1076
1258,Grand Dragon DRG-5K,1358
1259,Grand Dragon DRG-5K (Emory),1431
4230,Grand Dragon DRG-5K-DC,1322
1260,Grand Dragon DRG-7K,1702
1261,Grand Dragon DRG-7K (Mark),1817
1262,Grand Dragon DRG-7KC,1673
1263,Grand Dragon DRG-9KC,1147
1264,Grand Dragon DRG-C,1322
1265,Grand Titan T-IT-N10M,1817
1266,Grand Titan T-IT-N11M,2053
6830,Grand Titan T-IT-N13M,2553
5604,"Grand Titan T-IT-N14R ""Vengeance""",2237
5485,Grand Titan T-IT-N16M (Al-Hawad),0
5861,Grasshopper (Reynolds),2344
4231,Grasshopper GHR-4R,0
1267,Grasshopper GHR-5H,1427
1268,Grasshopper GHR-5J,1354
4232,Grasshopper GHR-5N,1511
1269,Grasshopper GHR-6K,1597
1270,Grasshopper GHR-7K,1806
4233,"Grasshopper GHR-7K ""Gravedigger""",2084
4234,Grasshopper GHR-7P,1806
1271,Grasshopper GHR-7X,1587
7450,Grasshopper GHR-8K,1754
1272,Grasshopper GHR-C,1366
6264,Gravedigger GDR-1D,1707
1273,Gray Death Heavy Suit (Sqd4),256
8523,Gray Death Heavy Suit (Sqd5),344
8887,Gray Death Heavy Suit (Sqd6),443
6582,Gray Death Infiltrator Suit [Firedrake] (Sqd4),216
8763,Gray Death Infiltrator Suit [Firedrake] (Sqd5),291
9126,Gray Death Infiltrator Suit [Firedrake] (Sqd6),374
6586,Gray Death Infiltrator Suit [Mines] (Sqd4),232
8767,Gray Death Infiltrator Suit [Mines] (Sqd5),313
9130,Gray Death Infiltrator Suit [Mines] (Sqd6),402
6585,Gray Death Infiltrator Suit [Remote Sensors] (Sqd4),200
8766,Gray Death Infiltrator Suit [Remote Sensors] (Sqd5),270
9129,Gray Death Infiltrator Suit [Remote Sensors] (Sqd6),347
6584,Gray Death Infiltrator Suit [Sensors] (Sqd4),208
8765,Gray Death Infiltrator Suit [Sensors] (Sqd5),280
9128,Gray Death Infiltrator Suit [Sensors] (Sqd6),360
6583,Gray Death Infiltrator Suit [TAG] (Sqd4),200
8764,Gray Death Infiltrator Suit [TAG] (Sqd5),270
9127,Gray Death Infiltrator Suit [TAG] (Sqd6),347
1274,"Gray Death Scout Suit ""The Willow Wisps"" (Sqd4)",201
8524,"Gray Death Scout Suit ""The Willow Wisps"" (Sqd5)",271
8888,"Gray Death Scout Suit ""The Willow Wisps"" (Sqd6)",348
8460,Gray Death Scout Suit (Reaper) (Sqd4),180
9535,Gray Death Scout Suit (Reaper) (Sqd5),242
9536,Gray Death Scout Suit (Reaper) (Sqd6),311
1275,Gray Death Scout Suit (Sqd4),81
8525,Gray Death Scout Suit (Sqd5),109
8889,Gray Death Scout Suit (Sqd6),140
1276,Gray Death Standard Suit [Flamer] (Sqd4),193
8526,Gray Death Standard Suit [Flamer] (Sqd5),260
8890,Gray Death Standard Suit [Flamer] (Sqd6),334
1277,Gray Death Standard Suit [Laser] (Sqd4),225
8527,Gray Death Standard Suit [Laser] (Sqd5),305
8891,Gray Death Standard Suit [Laser] (Sqd6),389
1278,Gray Death Standard Suit [LRR] (Sqd4),249
8528,Gray Death Standard Suit [LRR] (Sqd5),335
8892,Gray Death Standard Suit [LRR] (Sqd6),431
1279,Gray Death Standard Suit [MG] (Sqd4),193
8529,Gray Death Standard Suit [MG] (Sqd5),260
8893,Gray Death Standard Suit [MG] (Sqd6),334
1280,Gray Death Standard Suit [SRM] (Sqd4),213
8530,Gray Death Standard Suit [SRM] (Sqd5),287
8894,Gray Death Standard Suit [SRM] (Sqd6),369
6729,Gray Death Strike Suit (Harjel) (Sqd4),285
8784,Gray Death Strike Suit (HarJel) (Sqd5),383
9147,Gray Death Strike Suit (HarJel) (Sqd6),493
4236,Gray Death Strike Suit (Prototype) (Sqd4),328
8625,Gray Death Strike Suit (Prototype) (Sqd5),443
8989,Gray Death Strike Suit (Prototype) (Sqd6),569
4237,Gray Death Strike Suit (Sqd4),268
8626,Gray Death Strike Suit (Sqd5),360
8990,Gray Death Strike Suit (Sqd6),463
1281,Great Turtle GTR-1,3152
1282,Great Turtle GTR-2,2355
1284,Great Wyrm,1331
1283,Great Wyrm (Aemelia),1772
1285,Great Wyrm 2,1667
6740,Grenadier Battle Armor (Hunter-Killer) [C3/HRR] (Sqd4),240
8795,Grenadier Battle Armor (Hunter-Killer) [C3/HRR] (Sqd5),323
9158,Grenadier Battle Armor (Hunter-Killer) [C3/HRR] (Sqd6),415
4238,Grenadier Battle Armor (Hunter-Killer) [SRM/MagShot] (Sqd4),379
8627,Grenadier Battle Armor (Hunter-Killer) [SRM/MagShot] (Sqd5),511
8991,Grenadier Battle Armor (Hunter-Killer) [SRM/MagShot] (Sqd6),656
4239,Grenadier Battle Armor (Hunter-Killer) [SRM/Narc] (Sqd4),383
8628,Grenadier Battle Armor (Hunter-Killer) [SRM/Narc] (Sqd5),515
8992,Grenadier Battle Armor (Hunter-Killer) [SRM/Narc] (Sqd6),662
6741,Grenadier Battle Armor (Hunter-Killer) [SVSP/Magshot] (Sqd4),291
8796,Grenadier Battle Armor (Hunter-Killer) [SVSP/Magshot] (Sqd5),391
9159,Grenadier Battle Armor (Hunter-Killer) [SVSP/Magshot] (Sqd6),503
6739,Grenadier Battle Armor [Heavy Flamer/Heavy Flamer] (Sqd4),260
8794,Grenadier Battle Armor [Heavy Flamer/Heavy Flamer] (Sqd5),350
9157,Grenadier Battle Armor [Heavy Flamer/Heavy Flamer] (Sqd6),450
4241,Grenadier Battle Armor [SRM/Flamer] (Sqd4),312
8629,Grenadier Battle Armor [SRM/Flamer] (Sqd5),420
8993,Grenadier Battle Armor [SRM/Flamer] (Sqd6),541
4242,Grenadier Battle Armor [SRM/LRR] (Sqd4),336
8630,Grenadier Battle Armor [SRM/LRR] (Sqd5),452
8994,Grenadier Battle Armor [SRM/LRR] (Sqd6),581
4243,Grenadier Battle Armor [SRM/MagShot] (Sqd4),346
8631,Grenadier Battle Armor [SRM/MagShot] (Sqd5),466
8995,Grenadier Battle Armor [SRM/MagShot] (Sqd6),599
4244,Grenadier Battle Armor [SRM/SL] (Sqd4),326
8632,Grenadier Battle Armor [SRM/SL] (Sqd5),439
8996,Grenadier Battle Armor [SRM/SL] (Sqd6),564
4245,Grenadier Battle Armor [SRM/TAG] (Sqd4),295
8633,Grenadier Battle Armor [SRM/TAG] (Sqd5),398
8997,Grenadier Battle Armor [SRM/TAG] (Sqd6),511
7389,Grenadier II Battle Armor A (Sqd4),377
8830,Grenadier II Battle Armor A (Sqd5),508
7391,Grenadier II Battle Armor B (Sqd4),370
8831,Grenadier II Battle Armor B (Sqd5),499
7392,Grenadier II Battle Armor C (Sqd4),382
8832,Grenadier II Battle Armor C (Sqd5),514
7393,Grenadier II Battle Armor D (Sqd4),309
8833,Grenadier II Battle Armor D (Sqd5),416
1286,Grendel (Mongrel) A,2031
1287,Grendel (Mongrel) B,1903
1288,Grendel (Mongrel) C,1465
1289,Grendel (Mongrel) D,2212
1290,Grendel (Mongrel) E,1806
1291,Grendel (Mongrel) F,1997
7459,Grendel (Mongrel) G,2209
1292,Grendel (Mongrel) H,1965
7458,Grendel (Mongrel) I,1675
7460,Grendel (Mongrel) J,1811
7457,Grendel (Mongrel) M,1744
1293,Grendel (Mongrel) Prime,2290
7456,Grendel (Mongrel) T,1936
7437,Griffin C,2131
7185,Griffin GRF-1A,1024
1294,Griffin GRF-1DS,1285
8289,Griffin GRF-1DS (Almstedt),1204
1295,"Griffin GRF-1E ""Sparky""",1449
1296,"Griffin GRF-1E2 ""Sparky 2.0""",1862
1297,Griffin GRF-1N,1272
9402,Griffin GRF-1RG,1167
1298,Griffin GRF-1S,1253
1299,Griffin GRF-2N,1606
6767,Griffin GRF-2N2,0
1300,Griffin GRF-3M,1521
7436,Griffin GRF-3N,1560
9401,Griffin GRF-3RG,1213
1301,Griffin GRF-4N,1591
1302,Griffin GRF-4R,1412
1303,Griffin GRF-5K,1390
1304,Griffin GRF-5L,1742
1305,Griffin GRF-5M,1224
1306,Griffin GRF-6CS,1695
9403,Griffin GRF-6R,1515
1307,Griffin GRF-6S,1781
1308,Griffin GRF-6S (Francine II),2249
1309,Griffin GRF-6S (Francine),1778
6899,Griffin GRF-6S2,1870
1310,Griffin IIC,1608
1311,Griffin IIC 2,1516
1312,Griffin IIC 3,1532
1313,Griffin IIC 4,1475
1314,Griffin IIC 5,1344
1315,Griffin IIC 6,1468
1316,Griffin IIC 7,1952
1317,Griffin IIC 8,1736
8159,Griffin IIC 9,1106
1318,Grigori C-GRG-O (Rufus),1422
1319,Grigori C-GRG-O (Tamiel),1426
1320,Grigori C-GRG-O Invictus,1245
1321,Grigori C-GRG-OA Dominus,1536
1322,Grigori C-GRG-OB Infernus,1408
1323,Grigori C-GRG-OC Comminus,1438
1324,Grigori C-GRG-OD Luminos,1568
1325,Grigori C-GRG-OE Eminus,1544
1326,Grigori C-GRG-OS Caelestis,1378
1327,Grigori C-GRG-OU Exanimus,1604
5550,Grim Reaper GRM-R (Einar),2121
1328,Grim Reaper GRM-R-PR29,1469
1329,Grim Reaper GRM-R-PR30,1673
1330,Grim Reaper GRM-R-PR31,1655
1331,Grim Reaper GRM-R-PR62A,1542
1332,Grizzly,2219
1333,Grizzly 2,2195
9432,Grizzly 3,2331
4250,Grommet AgroMech,0
7180,Grommet D90 MilitiaMech,836
4251,Ground Car,0
7872,Ground Pounder DVM-2 MiningMech,465
7873,Ground Pounder DVM-2M MiningMech MOD,548
8634,Groundhog Exoskeleton CEX-205  [Armored Glove] (Sqd5),50
8998,Groundhog Exoskeleton CEX-205  [Armored Glove] (Sqd6),65
4252,Groundhog Exoskeleton CEX-205 [Armored Glove] (Sqd4),37
7207,Groundhog Exoskeleton CEX-205 [Basic Manipulator] (Sqd4),37
8809,Groundhog Exoskeleton CEX-205 [Basic Manipulator] (Sqd5),50
9172,Groundhog Exoskeleton CEX-205 [Basic Manipulator] (Sqd6),65
7208,Groundhog Exoskeleton CEX-205 [Cargo Lifter] (Sqd4),37
8810,Groundhog Exoskeleton CEX-205 [Cargo Lifter] (Sqd5),50
9173,Groundhog Exoskeleton CEX-205 [Cargo Lifter] (Sqd6),65
7209,Groundhog Exoskeleton CEX-205 [Industrial Drill] (Sqd4),37
8811,Groundhog Exoskeleton CEX-205 [Industrial Drill] (Sqd5),50
9174,Groundhog Exoskeleton CEX-205 [Industrial Drill] (Sqd6),65
7210,Groundhog Exoskeleton CEX-205 [Mine Clearance] (Sqd4),37
8812,Groundhog Exoskeleton CEX-205 [Mine Clearance] (Sqd5),50
9175,Groundhog Exoskeleton CEX-205 [Mine Clearance] (Sqd6),65
7211,Groundhog Exoskeleton CEX-205 [Salvage Arm] (Sqd4),37
8813,Groundhog Exoskeleton CEX-205 [Salvage Arm] (Sqd5),50
9176,Groundhog Exoskeleton CEX-205 [Salvage Arm] (Sqd6),65
5791,"Groundhog Exoskeleton “Master Thief"" (Sqd1)",4
5066,Growler Service Utility Truck,0
9229,GTE Micro-Copter,0
7823,Guard GS-107X SecurityMech,367
4253,Guard GS-54 SecurityMech,156
1334,Guardian Fighter,159
1335,Guardian Fighter B,126
1336,Guardian Fighter C,159
1337,Guardian Fighter D,154
1338,Guillotine GLT-3N,1418
8290,Guillotine GLT-3N (Estriđsen),0
1339,Guillotine GLT-4L,1400
1340,Guillotine GLT-4P,1376
1341,Guillotine GLT-5M,1472
1342,Guillotine GLT-6WB,1672
1343,Guillotine GLT-6WB2,1635
5492,Guillotine GLT-6WB3,1741
8420,Guillotine GLT-7M,1877
1344,Guillotine GLT-8D,1891
1345,Guillotine IIC,2377
1346,Guillotine IIC 2,2721
8158,Gulf Breeze Station,0
6607,Gulltoppr OmniMonitor A,3704
6608,Gulltoppr OmniMonitor B,2938
6606,Gulltoppr OmniMonitor Prime,3228
7846,Gulon C SolahmaMech,533
7844,Gulon GLN-1A MiningMech,352
7845,Gulon GLN-1B SecurityMech,410
6528,Gun Trailer (Ambush),137
6529,Gun Trailer (Artillery/AAA),452
6532,Gun Trailer (LRM),407
6536,Gun Trailer (Mjolnir),502
6534,Gun Trailer (SC),299
6530,Gun Trailer (Siege),248
6527,Gun Trailer (Stronghold),224
6533,Gun Trailer (Thumper),265
6531,Gun Trailer (Thunderbolt),513
6535,Gun Trailer (Ultra),491
6579,Gunboat NL-45,4343
1347,Gunslinger GUN-1ERD,2286
1348,Gunslinger GUN-1ERD (Jared),1813
1349,Gunslinger GUN-2ERD,2423
1350,Gunslinger GUN-2ERDr,2371
9354,Gunslinger GUN-3ERD,2844
6332,Gunsmith CH11-NG,1465
8367,"Gunsmith CH11-NGC ""Cinderella""",1519
1351,Gurkha GUR-2G,1101
4254,Gurkha GUR-4G,908
5663,Gurkha GUR-6G,1134
5664,Gurkha GUR-8G,1241
6251,Gurzil Support Tank,1765
6266,Gyrfalcon,2367
6267,Gyrfalcon 2,2105
6268,Gyrfalcon 3,2228
6269,Gyrfalcon 4,3716
7694,Gyrfalcon 5,2151
8061,Götterdämmerung GTD-20C,2285
6629,Götterdämmerung GTD-20S,1727
8062,Götterdämmerung GTD-30S,1574
6450,Gùn GN-2O,775
6451,Gùn GN-2OA,685
6452,Gùn GN-2OB,639
4256,Gürteltier MBT,2125
4255,Gürteltier MBT (C3M),1863
1355,Ha Otoko,1873
1356,Ha Otoko 2,2348
1354,Ha Otoko 3,2206
1357,Ha Otoko HKO-1C,1288
4258,Ha Otoko HR,1547
4257,Ha Otoko HR (Refit),0
1359,Hachiman Fire Support Tank,1484
1358,Hachiman Fire Support Tank (AAA),1418
1360,Hachiwara HCA-3T,1651
1361,Hachiwara HCA-4T,1731
1362,Hachiwara HCA-4U,1791
1363,Hachiwara HCA-6P,2385
6248,Hadur Fast Support Vehicle,1667
8050,Hadur Fast Support Vehicle (LRM),2294
8051,Hadur Fast Support Vehicle (Reactive),1785
7836,Hagan Cargo Ferry,1736
1364,HALO Paratrooper,110
4259,Hamilcar,0
1365,"Hammer HMR-3C ""Claw-Hammer""",976
1366,Hammer HMR-3M,787
1367,"Hammer HMR-3P ""Pein-Hammer""",827
1368,"Hammer HMR-3S ""Slammer""",638
1369,Hammerhands HMH-3D,1381
5863,Hammerhands HMH-3D (Kessem),1413
1370,Hammerhands HMH-4D,1356
1371,Hammerhands HMH-5D,1496
1372,Hammerhands HMH-6D,2139
1373,Hammerhands HMH-6E,2204
7511,Hammerhead,1686
7193,Hammerhead HMR-HA,899
7194,Hammerhead HMR-HC,1050
1374,Hammerhead HMR-HD,1028
4261,Hammerhead HMR-HDb,1338
1375,Hammerhead HMR-HE,1254
1376,Hammerhead HMR-HF,1162
1377,Hammerhead HMR-HG,1235
1378,Hankyu (Arctic Cheetah) A,1117
1379,Hankyu (Arctic Cheetah) B,1076
1380,Hankyu (Arctic Cheetah) C,1840
1381,Hankyu (Arctic Cheetah) D,1080
1382,Hankyu (Arctic Cheetah) E,1084
6940,Hankyu (Arctic Cheetah) F,1394
1383,Hankyu (Arctic Cheetah) H,1264
8350,Hankyu (Arctic Cheetah) I,1299
8351,Hankyu (Arctic Cheetah) J,1179
1384,Hankyu (Arctic Cheetah) Prime,1334
8349,Hankyu (Arctic Cheetah) T,1429
4263,Hannibal,0
6326,Hanse MBT,1537
9244,Hantu  AIX-210 (Sqd4),44
9245,Hantu  AIX-210 (Sqd5),59
9246,Hantu  AIX-210 (Sqd6),72
1385,Harasser Laser Platform,321
1390,Harasser Missile Platform,413
1386,"Harasser Missile Platform ""Leaping Lisa""",354
1387,"Harasser Missile Platform ""Mini-Peggy""",351
1388,Harasser Missile Platform (Flamer),365
5785,Harasser Missile Platform (Fuel Cell),477
9550,Harasser Missile Platform (Heavy Ferro),519
9551,Harasser Missile Platform (iNarc),375
9552,Harasser Missile Platform (LFE),765
1389,Harasser Missile Platform (LRM),412
9553,Harasser Missile Platform (Marian),487
6751,Harasser Missile Platform (MML),427
9549,Harasser Missile Platform (Speed),509
6752,Harasser Missile Platform (Thunderbolt),541
5509,Hardened Command Fort (Age of War),906
5510,Hardened Command Fort (Clan Invasion),1420
5511,Hardened Command Fort (Jihad),1376
6254,Harpagos,1721
9230,Harpoon Parasub,0
1391,Harpy,56
1392,Harpy 2,48
1393,Harpy 3,64
1394,Harpy 4,56
9436,Harrier Heavy Hover Tank,790
9454,Harrier Heavy Hover Tank (PPC),859
9455,Harrier Heavy Hover Tank (Re-Laser),859
7831,Haruspex Military Surveillance Satellite,375
4265,Harvester Ant KIC-3 AgroMech,143
7152,Harvester Ant KIC-3M AgroMech MOD / KIC-3 (MG),127
7153,Harvester Ant KIC-3M-B AgroMech MOD / KIC-3 (LRM),214
7860,Harvester HVR-199 AgroMech,490
7861,Harvester HVR-199M AgroMech MOD,406
7862,Harvester HVR-199M-A AgroMech MOD,605
7863,Harvester HVR-199M-B AgroMech MOD,462
7864,Harvester HVR-199M-M AgroMech MOD,438
4264,Harvester HVR-99 AgroMech,339
6317,Hasek Mechanized Combat Vehicle,841
1397,Hatamoto-Chi HTM-26T,1536
1398,Hatamoto-Chi HTM-27T,1607
1399,Hatamoto-Chi HTM-27T (Daniel II),1661
1400,Hatamoto-Chi HTM-27T (Daniel),1520
8284,Hatamoto-Chi HTM-27T (Lowenbrau),0
7925,Hatamoto-Chi HTM-27T2,0
1401,Hatamoto-Chi HTM-28T,2039
5457,Hatamoto-Chi HTM-28T (Shin),2213
1402,Hatamoto-Chi HTM-28Tr,2034
9577,Hatamoto-Chi HTM-30T,2196
6419,Hatamoto-Godai HTM-30Z,1899
1403,Hatamoto-Hi HTM-27U,1627
1404,Hatamoto-Hi HTM-C,1627
1405,Hatamoto-Hi HTM-CM,1573
4266,Hatamoto-Kaeru HTM-35K,1906
1406,Hatamoto-Kaeru HTM-35X,1906
8269,Hatamoto-Kaze HTM-26V,0
1407,Hatamoto-Kaze HTM-27V,1595
7926,Hatamoto-Kaze HTM-27V2,1725
8268,Hatamoto-Ku HTM-26W,0
1408,Hatamoto-Ku HTM-27W,1563
7350,Hatamoto-Ku HTM-27W2,1699
1409,Hatamoto-Mizo HTM-27Y,1675
6418,Hatamoto-Suna HTM-30S,2086
1410,Hatchetman HCT-3F,854
1411,Hatchetman HCT-3F (Austin),962
4267,Hatchetman HCT-3G,0
5445,Hatchetman HCT-5D,1012
5446,Hatchetman HCT-5DD,1112
8438,Hatchetman HCT-5DT,1788
1412,Hatchetman HCT-5K,1070
1413,Hatchetman HCT-5S,1039
1414,Hatchetman HCT-5S (Austin),1174
1415,Hatchetman HCT-6D,1611
1416,Hatchetman HCT-6M,1274
1417,Hatchetman HCT-6S,1174
7988,Hatchetman HCT-7D,1296
7295,Hatchetman HCT-7R,1521
1418,Hatchetman HCT-7S,1243
7780,Hatchetman HCT-8S,1479
4269,Hauberk Battle Armor (Sqd4),363
8635,Hauberk Battle Armor (Sqd5),489
8999,Hauberk Battle Armor (Sqd6),629
4270,Hauberk Battle Armor Commando (Sqd4),387
8636,Hauberk Battle Armor Commando (Sqd5),520
9000,Hauberk Battle Armor Commando (Sqd6),669
1419,Hauberk Battle Armor U15 (Sqd4),483
8531,Hauberk Battle Armor U15 (Sqd5),650
8895,Hauberk Battle Armor U15 (Sqd6),835
4271,Hauberk II Battle Armor (Sqd4),325
8637,Hauberk II Battle Armor (Sqd5),438
9001,Hauberk II Battle Armor (Sqd6),563
1420,Hauptmann HA1-O,2157
1421,Hauptmann HA1-OA,2311
1422,Hauptmann HA1-OB,2208
1423,Hauptmann HA1-OC,2322
1424,Hauptmann HA1-OD,2359
1425,Hauptmann HA1-OE,2298
6839,Hauptmann HA1-OF,2484
6838,Hauptmann HA1-OM,2214
6837,Hauptmann HA1-OT,3031
6502,Havoc HVC-P6,1255
5587,Hawk Hover Tank (LTV-4),684
1427,Hawk Moth Gunship,492
5786,"Hawk Moth Gunship ""Verwandlung""",749
1426,Hawk Moth Gunship (Armor),501
1428,Hawk Moth Gunship (Thunderbolt),745
6653,Hawk Moth II Gunship,928
6697,Hawk Moth II Gunship (MML),851
6698,Hawk Moth II Gunship (Sniper),490
4273,HawkWolf HWK-3F,1349
6576,HawkWolf HWK-4F,1428
1429,Heavy BattleMech Recovery Vehicle,176
5495,Heavy Fire Base (Age of War),277
5498,Heavy Fire Base (Clan Invasion),261
5499,Heavy Fire Base (Jihad),299
5497,Heavy Fire Base (Succession Wars),0
1430,Heavy Foot LRM Infantry,124
4529,Heavy Forester HFL-1 LoggerMech,433
7871,Heavy Forester HFL-1M LoggerMech MOD,465
1435,Heavy Hover APC,188
1431,Heavy Hover APC (LRM),284
1432,Heavy Hover APC (MG),218
6759,Heavy Hover APC (Primitive LRM),0
6760,Heavy Hover APC (Primitive SRM),0
6761,Heavy Hover APC (Primitive),0
1433,Heavy Hover APC (Scout Tank),330
1434,Heavy Hover APC (SRM),271
1436,Heavy Infantry,167
1438,Heavy Jump Infantry,115
4274,Heavy Lifter HCL-1 CargoMech,667
7869,Heavy Lifter HCL-1M CargoMech MOD,915
7870,Heavy Lifter HCL-1MM MilitiaMech,991
1440,Heavy LRM Carrier,948
1439,Heavy LRM Carrier (EN Variant),1159
1441,Heavy MML Carrier,722
1442,Heavy Mountain Infantry,36
4276,Heavy NLRM Carrier,1245
7764,Heavy Riot Infantry (Foot),89
7765,Heavy Riot Infantry (Mechanized),73
1443,Heavy Strike Fighter Bat Hawk,293
1444,Heavy Strike Fighter Inseki,381
1445,Heavy Strike Fighter Inseki II,610
1446,Heavy Strike Fighter Meteor,381
1447,Heavy Strike Fighter Meteor-G,547
1448,Heavy Strike Fighter Meteor-U,716
1449,Heavy Support Infantry,95
1453,Heavy Tracked APC,206
1450,Heavy Tracked APC (LRM),276
1451,Heavy Tracked APC (MG),228
1452,Heavy Tracked APC (SRM),266
4277,Heavy Transport B1,0
9202,Heavy Transport B1 (MG),0
4279,Heavy Transport B1 (SL),0
4280,Heavy Transport B1 (SRM),0
1454,Heavy Weapons Carrier (PPC),445
1458,Heavy Wheeled APC,189
1455,Heavy Wheeled APC (LRM),265
1456,Heavy Wheeled APC (MG),213
1457,Heavy Wheeled APC (SRM),255
1459,Heavy Wheeled APC (WoB),330
4281,HeavyHauler Exoskeleton (Sqd4),6
8638,HeavyHauler Exoskeleton (Sqd5),8
9002,HeavyHauler Exoskeleton (Sqd6),10
4283,Hector HOR-1B,949
4284,Hector HOR-1C,993
4285,Hector Road Train Tractor,0
4286,Hector Road Train Trailer (Cargo),0
4287,Hector Road Train Trailer (Liquid Cargo),0
4288,Hector Road Train Trailer (Livestock Cargo),0
4289,Hector Road Train Trailer (Passenger),0
4290,Hector Road Train Trailer (Refrigerated Cargo),0
530,Hegemony Ceremonial Guard (1/4),107
4292,Heimdall Ground Monitor Tank A,2244
5742,Heimdall Ground Monitor Tank B,2254
5743,Heimdall Ground Monitor Tank C,2131
6804,Heimdall Ground Monitor Tank D,1990
4293,Heimdall Ground Monitor Tank Prime,1943
8250,Hel HL-1,1674
9251,Hel HL-2,1549
1460,Helepolis HEP-1H,1063
1461,Helepolis HEP-2H,1369
8471,Helepolis HEP-2X,0
1462,Helepolis HEP-3H,1380
1463,Helepolis HEP-4H,1366
4294,Helios HEL-2C,0
1464,Helios HEL-3D,1618
1465,Helios HEL-4A,1519
1466,Helios HEL-6X,1761
7989,Helios HEL-7L,1459
1467,Helios HEL-C,1533
4295,Hellcat HCT-213,1262
4296,Hellcat HCT-213D,1169
4297,Hellcat HCT-213R,1181
5539,Hellcat HCT-213S,1271
4299,Hellcat HCT-313,1674
1468,Hellcat II HCT-212,1212
1469,Hellcat II HCT-213B,1153
7325,Hellcat II HCT-213BC (Herman),0
1470,Hellcat II HCT-213C,1308
1471,Hellcat II HCT-214,1375
1472,Hellcat II HCT-215,1686
4300,Hellfire,2114
4301,Hellfire 2,2370
5685,Hellfire 3,2138
1473,Hellhound (Conjurer),1813
8178,Hellhound (Conjurer) (Helmer),0
1474,Hellhound (Conjurer) 2,2097
1475,Hellhound (Conjurer) 3,1764
1476,Hellhound (Conjurer) 4,2164
1477,Hellhound (Conjurer) 5,1722
9429,Hellhound (Conjurer) 6,2223
7512,Hellhound (Conjurer) 7,1845
7513,Hellhound (Conjurer) 8,2197
9409,Hellhound II (Hellcat),1801
9430,Hellhound II-P (Hellcat-P),1777
4303,Hellion A,1543
4304,Hellion B,1569
4305,Hellion C,2095
5657,Hellion D,1761
5658,Hellion E,1292
5659,Hellion F,1594
6939,Hellion G,1614
8327,Hellion P,1685
4306,Hellion Prime,1873
8326,Hellion T,1637
5673,Hellspawn HSN-10G,1188
5674,Hellspawn HSN-10SR,1411
4307,Hellspawn HSN-7D,1220
1478,Hellspawn HSN-7D2 (Halperin),1431
4308,Hellspawn HSN-8E,1341
4309,Hellspawn HSN-9F,1118
1481,Hellstar,3084
1479,Hellstar 2,3545
1480,Hellstar 3,3025
4311,Hephaestus Jump Tank,1044
4310,Hephaestus Jump Tank (Anti-Infantry),0
4313,Hephaestus Scout Tank A,768
4314,Hephaestus Scout Tank B,957
4315,Hephaestus Scout Tank C,577
5726,Hephaestus Scout Tank D,850
4316,Hephaestus Scout Tank Prime,777
4317,Hephaestus Station,0
4318,Hercules,0
1482,Hercules HRC-LS-9000,1561
1483,Hercules HRC-LS-9000 (Julius),1644
1484,Hercules HRC-LS-9001,1566
7990,Hercules HRC-LS-9003,1794
7991,Hercules HRC-LS-9004,1824
4319,Herdsman IndustrialMech,0
1485,Hermes HER-1A,601
1486,Hermes HER-1B,687
1487,Hermes HER-1S,716
1488,Hermes HER-1Sb,1112
1489,Hermes HER-3S,649
1490,Hermes HER-3S1,726
1491,Hermes HER-3S2,600
1492,Hermes HER-4K,1470
1493,Hermes HER-4M,1362
1494,Hermes HER-4S,1012
1495,Hermes HER-4WB,1042
4320,"Hermes II HER-2K ""Hermes III""",0
1496,"Hermes II HER-2M ""Mercury""",910
1497,Hermes II HER-2S,784
4321,Hermes II HER-2X,0
1498,"Hermes II HER-4K ""Hermes III""",976
1499,Hermes II HER-5C,1119
1500,"Hermes II HER-5ME ""Mercury Elite""",847
1501,Hermes II HER-5S,857
1502,Hermes II HER-5SA,924
1503,Hermes II HER-5Sr,1242
1504,Hermes II HER-6D,1106
9314,Hermes II HER-7A,1121
1505,Hermes II HER-7S,1525
7721,Hermit Crab HMC-13,731
7722,Hermit Crab HMC-14,844
7723,Hermit Crab HMC-15,742
8149,Heron Naval Support VTOL,0
4322,Hesiod Utility Vehicle,0
5621,Hessen Heavy Tank,0
1513,Hetzer Wheeled Assault Gun,574
1506,Hetzer Wheeled Assault Gun (AC10),536
9387,Hetzer Wheeled Assault Gun (Cell),900
1507,Hetzer Wheeled Assault Gun (Laser),520
1508,Hetzer Wheeled Assault Gun (LB-X),767
1509,Hetzer Wheeled Assault Gun (LRM),657
1510,Hetzer Wheeled Assault Gun (Scout),553
1511,Hetzer Wheeled Assault Gun (Sealed),775
1512,Hetzer Wheeled Assault Gun (SRM),630
9388,Hetzer Wheeled Assault Gun C,1051
7306,Hexareme HQ Hovercraft,1408
1530,Hi-Scout Drone (NapFind),11
1531,Hi-Scout Drone (PathTrak),36
1532,Hi-Scout Drone Carrier,347
5608,"Hi-Scout Drone Carrier ""Cunnington""",515
7485,Hierofalcon A,1963
7486,Hierofalcon B,1737
7487,Hierofalcon C,1983
7488,Hierofalcon D,2183
7484,Hierofalcon Prime,1878
5552,Highlander HGN-641-X-2,2185
5493,Highlander HGN-694,2369
1514,Highlander HGN-732,2227
4323,Highlander HGN-732 (Colleen),2164
7309,Highlander HGN-732 (Jorgensson),2682
1516,Highlander HGN-732b,2335
1517,Highlander HGN-733,1801
1518,Highlander HGN-733C,1857
1519,Highlander HGN-733P,1865
1520,Highlander HGN-734,2214
5526,Highlander HGN-734r,0
1521,Highlander HGN-736,2255
1522,Highlander HGN-738,2413
7733,Highlander HGN-740,2232
1524,Highlander IIC,2979
1525,Highlander IIC 2,2928
1523,Highlander IIC 3,3001
9433,Highlander IIC 4,2958
4324,Hipparch Cavalry Tank,382
7885,Hipparch Cavalry Tank (MG),0
7886,Hipparch Cavalry Tank (SRM),0
7887,Hipparch Cavalry Tank Hellhorse,0
6577,Hippogriff,231
1528,Hiryo Armored Infantry Transport,665
1529,"Hiryo Armored Infantry Transport ""Hound""",628
4325,Hiryo Armored Infantry Transport (Bloodhound),504
1526,Hiryo Armored Infantry Transport (Light PPC),686
1527,Hiryo Armored Infantry Transport (MRM),644
1533,Hitman HM-1,925
1534,Hitman HM-1r,938
1535,Hitman HM-2,861
6412,Hitotsume Kozo HKZ-1F,1998
8380,"Hitotsume Kozo HKZ-1FM ""Mulan""",1772
6413,Hitotsume Kozo HKZ-1P,1611
8141,HMRV (Hazard Materials Recovery Vehicle) Davy Crockett Launcher Trailer,0
6961,HMRV (Hazard Materials Recovery Vehicle) DeConAid Trailer,296
4739,"HMRV (Hazardous Materials Recovery Vehicle) ""Oppie"" O-65",924
4740,"HMRV (Hazardous Materials Recovery Vehicle) ""Oppie"" O-66",924
6960,HMRV (Hazardous Materials Recovery Vehicle) Salvage Bed,606
8140,Ho Ni Self-Propelled Gun Type 15,0
4326,Hobgoblin,272
5634,Hobgoblin 2,305
1536,Hollander BZK-F3,953
1537,Hollander BZK-G1,873
7992,Hollander BZK-G2,895
1538,Hollander II BZK-F5,1214
1539,Hollander II BZK-F7,1192
6333,Hollander III BZK-D1,1116
6334,Hollander III BZK-D2,1270
6335,Hollander III BZK-D3,1575
4327,Honda-Rhienmetall Motorcycle,0
4328,Hong Lung Interdiction Station,0
9220,Hoodling Sensor Hoverjeep,0
1540,Hoplite C,1736
4329,Hoplite HOP-4A,0
4330,Hoplite HOP-4B,1162
1541,Hoplite HOP-4Bb,1413
4331,Hoplite HOP-4C,986
1542,Hoplite HOP-4Cb,1377
1543,Hoplite HOP-4D,1022
1544,Hoplite HOP-4X,1880
9431,Hoplite HOP-5C,1520
1545,Hornet HNT-151,488
1546,Hornet HNT-152,475
1547,Hornet HNT-161,511
1548,Hornet HNT-171,535
7396,Hornet HNT-181,398
7343,Hornet HNT-182,505
7768,Hoshiryokou,1216
6563,Hound HD-2F,1389
1549,Hover Assault Infantry,52
4332,Hover Scout,0
8218,Hover Tank LTV-2,0
7807,Hoverbike,42
7808,Hoverbike (Laser),45
7809,Hoverbike (MG),38
9222,Hoverbike JI-002,0
9221,Hoverpod,0
1551,"Huitzilopochtli Assault Tank ""Huey""",1132
1550,"Huitzilopochtli Assault Tank ""Huey"" (AAA)",1454
8042,"Huitzilopochtli Assault Tank ""Huey"" (LRM)",1567
4335,"Huitzilopochtli Assault Tank ""Huey"" (Original)",0
8043,"Huitzilopochtli Assault Tank ""Huey"" (Streak)",1520
4336,Humming Bird VTOL,129
8353,Hunchback C,1893
1552,Hunchback HBK-4G,1041
5879,Hunchback HBK-4G (Gauss Prototype),0
1553,Hunchback HBK-4G (Hohiro),1126
1554,Hunchback HBK-4G (Shakir),968
1555,Hunchback HBK-4H,1067
1556,Hunchback HBK-4J,1143
1557,Hunchback HBK-4N,1087
1558,Hunchback HBK-4P,1138
1559,Hunchback HBK-4SP,1043
1560,Hunchback HBK-5H,1097
1561,Hunchback HBK-5M,1056
1562,Hunchback HBK-5N,1041
1563,Hunchback HBK-5P,1340
1564,Hunchback HBK-5S,1350
1565,Hunchback HBK-5SG,1577
1566,Hunchback HBK-5SS,1342
4337,Hunchback HBK-6N,1130
7993,Hunchback HBK-6P,1374
5447,Hunchback HBK-6S,1380
4338,Hunchback HBK-7R,1248
7346,Hunchback HBK-7S,1628
1567,Hunchback HBK-7X-4,1208
8374,"Hunchback HBK-LGN-Pin ""Anastasia""",1307
8375,"Hunchback HBK-LGN-Pin ""Drizella""",1544
1568,Hunchback IIC,1679
1569,Hunchback IIC 2,1869
1570,Hunchback IIC 3,1951
1571,Hunchback IIC 4,2097
8130,Hunchback IIC 5,1534
4340,Hunter JumpShip,0
4339,Hunter JumpShip (Lithium-Fusion),0
1579,Hunter Light Support Tank,648
1572,"Hunter Light Support Tank ""Assault Hunter""",670
1573,Hunter Light Support Tank (3054 Upgrade),641
1574,Hunter Light Support Tank (Ammo),675
4341,Hunter Light Support Tank (Amphibious),639
9562,Hunter Light Support Tank (Cell),939
1575,Hunter Light Support Tank (ERLL),660
1576,Hunter Light Support Tank (LPL),610
1577,Hunter Light Support Tank (LRM10),645
1578,Hunter Light Support Tank (LRM15),599
4342,Huron Warrior HUR-WO-R3L,0
1580,Huron Warrior HUR-WO-R4L,1530
1581,Huron Warrior HUR-WO-R4M,1556
1582,Huron Warrior HUR-WO-R4N,1489
1583,Huron Warrior HUR-WO-R4O,1585
5782,Huron Warrior HUR-WO-R4X,1728
7994,Huron Warrior HUR-WO-R5L,1780
4343,Hurricane,0
1584,Hurricane Conventional Fighter,92
4344,Hurricane Hovercar,0
4345,Huscarl HSCL-1-O,1811
4347,Huscarl HSCL-1-OA,2124
4348,Huscarl HSCL-1-OB,1675
4349,Huscarl HSCL-1-OC,1971
5757,Huscarl HSCL-1-OD,1748
5758,Huscarl HSCL-1-OR,2879
1585,Hussar HSR-200-D,636
1586,Hussar HSR-200-Db,934
1587,Hussar HSR-300-D,543
1588,Hussar HSR-350-D,731
1589,Hussar HSR-400-D,611
1590,Hussar HSR-500-D,977
1591,Hussar HSR-900-D,551
1592,Hussar HSR-950-D,1131
4350,Hwacha Urban Combat Vehicle HW1,570
9497,Hybrid Rifleman RFL-3N (Sneede II),2198
4920,Hybrid Rifleman RFL-3N (Sneede),1269
4352,Hydaspes,3701
1593,Hydaspes (Algar),3636
4353,Hydaspes 2,3385
4351,Hydaspes 3,2611
1594,Hydra,209
1595,Hydra 2,223
1596,Hydra 3,247
1597,Hydra 4,220
1598,Hyena HYN-4A SalvageMech,474
4354,Hyena HYN-4B SalvageMech,398
6959,Hyena HYN-KTO,933
4993,Hyperion Racer,0
4357,Ibex RV,0
4355,Ibex RV (Militarized; Gauss),0
4356,Ibex RV (Militarized; MG),0
1599,Icarus ICR-1X,700
1600,Icarus II ICR-1S,869
7995,Icarus II ICR-2R,2775
1601,Icarus II ICR-2S,986
1602,Icestorm,728
1603,Icestorm 2,868
1605,Ignis Infantry Support Tank,463
1604,Ignis Infantry Support Tank (SRM),502
1606,Imp C,3070
1607,Imp IMP-1A,2215
1608,Imp IMP-1B,2349
1609,Imp IMP-1C,2480
4358,Imp IMP-2E,1969
1610,Imp IMP-3E,1906
1611,Imp IMP-4E,2263
4359,Impavido Destroyer,83614
4360,Imperial II MiningMech,0
4361,Ina-du Swamp Skimmer,0
4363,Incubus II,1261
1613,Indra Infantry Transport,897
1612,Indra Infantry Transport (BA),728
5515,Infantry Bunker,0
7715,Inferno INF-NO,1597
7716,Inferno INF-NOA,1846
7717,Inferno INF-NOB,1658
7718,Inferno INF-NOC,1698
7719,Inferno INF-NOR,2360
1614,"Infiltrator Mk. I Battle Armor ""Waddle"" (Sqd4)",98
8532,"Infiltrator Mk. I Battle Armor ""Waddle"" (Sqd5)",132
8896,"Infiltrator Mk. I Battle Armor ""Waddle"" (Sqd6)",170
1615,Infiltrator Mk. I Battle Armor (Special Ops) (Sqd4),98
8533,Infiltrator Mk. I Battle Armor (Special Ops) (Sqd5),132
8897,Infiltrator Mk. I Battle Armor (Special Ops) (Sqd6),170
1618,"Infiltrator Mk. II Battle Armor ""Puma"" (Sqd4)",253
8536,"Infiltrator Mk. II Battle Armor ""Puma"" (Sqd5)",340
8900,"Infiltrator Mk. II Battle Armor ""Puma"" (Sqd6)",437
1616,Infiltrator Mk. II Battle Armor (Magnetic) (Sqd4),253
8534,Infiltrator Mk. II Battle Armor (Magnetic) (Sqd5),346
8898,Infiltrator Mk. II Battle Armor (Magnetic) (Sqd6),444
6730,Infiltrator Mk. II Battle Armor (Marine) (Sqd4),225
8785,Infiltrator Mk. II Battle Armor (Marine) (Sqd5),303
9148,Infiltrator Mk. II Battle Armor (Marine) (Sqd6),389
1619,Infiltrator Mk. II Battle Armor (Sensor) (Sqd4),180
8537,Infiltrator Mk. II Battle Armor (Sensor) (Sqd5),243
8901,Infiltrator Mk. II Battle Armor (Sensor) (Sqd6),312
1617,Infiltrator Mk. II Battle Armor Coral Intent (Sqd4),189
8535,Infiltrator Mk. II Battle Armor Coral Intent (Sqd5),255
8899,Infiltrator Mk. II Battle Armor Coral Intent (Sqd6),327
1620,Initiate INI-02,1036
1621,Initiate INI-04,901
7332,Inquisitor II ITW-200 SecurityMech,1186
8063,Inquisitor II ITW-205,714
4364,Inquisitor ITW-80 SecurityMech,613
7825,Inquisitor ITW-85 SecurityMech,664
4367,Interdictor Pocket WarShip,0
6821,Interdictor Pocket WarShip (3115),26950
4365,Interdictor Pocket WarShip (Anti-Ship),0
4366,Interdictor Pocket WarShip (SCC),0
7195,Intrepid Assault Craft (2331),1357
7196,Intrepid Assault Craft (2487),1410
4368,Intruder (2655),0
4369,Intruder (3056),0
4370,Intruder (Liao),0
4373,Invader JumpShip,0
4371,Invader JumpShip (Clan),0
4372,Invader JumpShip (PPC),0
8320,Iron Cheetah A,2708
8321,Iron Cheetah B,3303
8322,Iron Cheetah C,2915
8323,Iron Cheetah D,2871
8324,Iron Cheetah L,3416
8319,Iron Cheetah Prime,3155
6742,Ironhold Assault Battle Armor (Anti-Tank) (Sqd4),447
8797,Ironhold Assault Battle Armor (Anti-Tank) (Sqd5),601
9160,Ironhold Assault Battle Armor (Anti-Tank) (Sqd6),773
1622,Ironhold Assault Battle Armor (Fire) (Sqd4),562
8538,Ironhold Assault Battle Armor (Fire) (Sqd5),756
8902,Ironhold Assault Battle Armor (Fire) (Sqd6),973
1623,Ironhold Assault Battle Armor (Sqd4),398
8539,Ironhold Assault Battle Armor (Sqd5),536
8903,Ironhold Assault Battle Armor (Sqd6),689
5559,Ironsides CX-19,0
1624,Ironsides IRN-SD1,1466
4374,Ironsides IRN-SD1b,1653
7689,Ironsides IRN-SD1b-EC,1996
1625,Ironsides IRN-SD2,1388
1626,Ironsides IRN-SD3,1399
8022,"IS Standard Battle Armor ""Baka"" [LRR] (Sqd4)",191
9521,"IS Standard Battle Armor ""Baka"" [LRR] (Sqd5)",257
9522,"IS Standard Battle Armor ""Baka"" [LRR] (Sqd6)",339
8023,"IS Standard Battle Armor ""Baka"" [SL] (Sqd4)",182
9523,"IS Standard Battle Armor ""Baka"" [SL] (Sqd5)",245
9524,"IS Standard Battle Armor ""Baka"" [SL] (Sqd6)",315
8025,"IS Standard Battle Armor ""Fa Sure"" [David] (Sqd4)",219
9525,"IS Standard Battle Armor ""Fa Sure"" [David] (Sqd5)",295
9526,"IS Standard Battle Armor ""Fa Sure"" [David] (Sqd6)",379
8026,"IS Standard Battle Armor ""Fa Sure"" [MG] (Sqd4)",203
9527,"IS Standard Battle Armor ""Fa Sure"" [MG] (Sqd5)",273
9528,"IS Standard Battle Armor ""Fa Sure"" [MG] (Sqd6)",351
1627,"IS Standard Battle Armor ""Hive"" (Sqd4)",181
8540,"IS Standard Battle Armor ""Hive"" (Sqd5)",244
8904,"IS Standard Battle Armor ""Hive"" (Sqd6)",313
9467,IS Standard Battle Armor (Magnetic) (Sqd4),209
9468,IS Standard Battle Armor (Magnetic) (Sqd5),282
9469,IS Standard Battle Armor (Magnetic) (Sqd6),362
1628,IS Standard Battle Armor [Flamer] (Sqd4),199
8541,IS Standard Battle Armor [Flamer] (Sqd5),268
8905,IS Standard Battle Armor [Flamer] (Sqd6),344
1629,IS Standard Battle Armor [Laser] (Sqd4),231
8542,IS Standard Battle Armor [Laser] (Sqd5),311
8906,IS Standard Battle Armor [Laser] (Sqd6),400
1630,IS Standard Battle Armor [LRR] (Sqd4),255
8543,IS Standard Battle Armor [LRR] (Sqd5),343
8907,IS Standard Battle Armor [LRR] (Sqd6),441
1631,IS Standard Battle Armor [MG] (Sqd4),199
8544,IS Standard Battle Armor [MG] (Sqd5),268
8908,IS Standard Battle Armor [MG] (Sqd6),344
1632,IS Standard Battle Armor [SRM] (Sqd4),175
8545,IS Standard Battle Armor [SRM] (Sqd5),235
8909,IS Standard Battle Armor [SRM] (Sqd6),303
4376,Isegrim Assault DropShip,0
4378,Isesaki Roku Royal II,0
1635,Ishtar Heavy Fire Support Tank,1404
1633,Ishtar Heavy Fire Support Tank (Gauss),1616
1634,Ishtar Heavy Fire Support Tank (Original),1072
7651,Issedone A,1084
7652,Issedone B,1095
7653,Issedone C,704
7654,Issedone D,753
7650,Issedone Prime,1033
4379,Issus,1831
1636,Issus (Erika),1612
4380,Issus 2,1722
5747,Issus 3,1184
1645,J-27 Ordnance Transport,47
1643,J-27 Ordnance Transport (Armor),70
1644,J-27 Ordnance Transport (Fusion),47
1647,"J-27 Ordnance Transport K-27 ""Killjoy""",170
1646,J-27 Ordnance Transport Trailer,44
1649,J-37 Ordnance Transport,535
1648,J-37 Ordnance Transport (Original),503
1641,J. Edgar Light Hover Tank,544
5774,J. Edgar Light Hover Tank (Cell),398
9473,J. Edgar Light Hover Tank (Chemical),570
1637,J. Edgar Light Hover Tank (Flamer),459
1638,J. Edgar Light Hover Tank (ICE),433
1639,J. Edgar Light Hover Tank (Kurita),696
9474,J. Edgar Light Hover Tank (LAC),532
9475,J. Edgar Light Hover Tank (Light PPC),626
1640,J. Edgar Light Hover Tank (MG),482
1642,J. Edgar Light Hover Tank (TAG),564
9476,J. Edgar Light Hover Tank (X-Pulse),621
4383,Jabberwocky JAW-65A EngineerMech,230
1650,Jabberwocky JAW-66B EngineerMech,322
1651,Jabberwocky JAW-66C DemolitionMech,351
1652,Jabberwocky JAW-66D ConstructionMech,326
7176,Jabberwocky JAW-67 MilitiaMech,907
1653,Jackal JA-KL-1532,918
4384,Jackal JA-KL-1578,0
1654,Jackal JA-KL-1579,1269
1655,Jackal JA-KL-55,1034
6672,Jackalope JLP-BD,1395
9635,"Jackalope JLP-BD-L ""Harvey""",1028
6711,Jackalope JLP-C,1253
9636,Jackalope JLP-IC,1337
6712,Jackalope JLP-KA,1488
9634,Jackalope JLP-KB,1259
6713,"Jackalope JLP-KW ""Wolpertinger""",1334
9637,"Jackalope JLP-NH ""Tepoztēcatl""",1208
1656,Jackrabbit JKR-8T,414
1657,"Jackrabbit JKR-9R ""Joker""",614
1658,Jackrabbit JKR-9W,549
6566,Jade Hawk,2523
6567,Jade Hawk 2,2455
6568,Jade Hawk 3,2498
6564,Jade Hawk JHK-03,2160
8294,Jade Phoenix A,2739
8295,Jade Phoenix B,2998
8401,Jade Phoenix C,2854
8402,Jade Phoenix D,2986
8403,Jade Phoenix E,2734
8293,Jade Phoenix Prime,3277
1659,Jagatai A,2607
1660,Jagatai B,2758
1661,Jagatai C,2337
1662,Jagatai D,2864
4386,Jagatai E,2634
1663,Jagatai Prime,2827
4387,Jagatai X,2978
1664,Jagdpanzer II,1009
1672,JagerMech III JM6-D3,1537
1673,JagerMech III JM6-D4,1831
1665,JagerMech JM6-A,1122
4388,JagerMech JM6-B,0
1666,JagerMech JM6-DD,965
1667,JagerMech JM6-DDa,911
1668,JagerMech JM6-DG,1625
4389,JagerMech JM6-DGr,1661
1669,JagerMech JM6-H,1348
1670,JagerMech JM6-S,901
1671,JagerMech JM7-C3BS,1354
4390,JagerMech JM7-D,1500
9487,JagerMech JM7-DD,1690
4391,JagerMech JM7-F,1774
4392,JagerMech JM7-G,1275
6612,Jaguar,1791
6613,Jaguar 2,1780
7429,Javelin JVN-10A,653
1674,"Javelin JVN-10F ""Fire Javelin""",835
1675,Javelin JVN-10N,594
1676,Javelin JVN-10P,590
1677,"Javelin JVN-11A ""Fire Javelin""",1073
1678,Javelin JVN-11B,678
1679,Javelin JVN-11D,1104
5808,Javelin JVN-11D (Farrell),1155
1680,Javelin JVN-11F,827
6938,Javelin JVN-11P,680
9461,Javelin JVN-12N,795
4395,Jeep,0
4393,Jeep (MG),0
4394,Jeep (SRM),0
1681,Jengiz A,3206
1682,Jengiz B,3558
1683,Jengiz C,2246
1684,Jengiz D,2941
4397,Jengiz E,2983
6809,Jengiz F,2560
1685,Jengiz Prime,3015
4398,Jengiz X,3166
1698,Jenner IIC,1047
1699,Jenner IIC 2,1406
1700,Jenner IIC 3,788
1701,Jenner IIC 4,1052
8248,Jenner IIC 5,1440
1686,Jenner JR10-X,1269
1687,Jenner JR7-A,712
1688,Jenner JR7-C,832
1689,Jenner JR7-C2,769
1690,Jenner JR7-C3,1069
1691,Jenner JR7-C4,703
1692,Jenner JR7-D,875
8282,Jenner JR7-D (Webster),0
1693,Jenner JR7-F,1011
7796,Jenner JR7-F (Smith),1070
1694,Jenner JR7-K,889
1695,Jenner JR7-K (Grace II),787
1696,Jenner JR7-K (Grace),702
1697,Jenner JR7-K (Samuli),1001
8247,Jenner JR7-N,1233
4399,Jenny AeroSpace Fighter,0
1703,JES I Tactical Missile Carrier,752
1702,JES I Tactical Missile Carrier (3082 Upgrade),978
1705,JES II Strategic Missile Carrier,1349
1704,JES II Strategic Missile Carrier (Ammo),1362
6805,JES II Strategic Missile Carrier (Support),1209
6669,JES III Missile Carrier,1037
6700,JES III Missile Carrier (C3),1020
6701,JES III Missile Carrier (MML),947
6702,JES III Missile Carrier (Speed),1108
6703,JES III Missile Carrier (Thunderbolt),995
4401,Jet Sled,0
4400,Jet Sled (MG),0
4402,Jetta Coruna Luxury Plane 4X,0
6315,JI2A1 Attack APC,435
6316,JI2A1 Attack APC (MML),396
1707,Jinggau JN-G7L,2137
9503,Jinggau JN-G7Lr,2703
1708,Jinggau JN-G8A,2072
9502,Jinggau JN-G8Ar,2730
1709,Jinggau JN-G8BX (Rush),1337
9501,Jinggau JN-G9B,2747
1710,Jinggau JN-G9CC,1656
9504,Jinggau JN-G9CCr,2058
4408,Jonah Submarine JN-002,0
4409,Jormungand-class Bluewater Cruiser,0
1711,Joust Medium Tank BE700,1315
1712,Joust Medium Tank BE701,1077
1713,Juggernaut JG-R9T1,1719
1714,Juggernaut JG-R9T2,1916
1715,Juggernaut JG-R9T3,1959
1716,"Juggernaut JG-R9TX1 ""Leapin' Lil""",1951
6516,Juliano JLN-5A,2105
8064,Juliano JLN-5B,1937
8065,Juliano JLN-5C,2473
4410,Jumbo,1857
1717,Jump Laser Infantry,84
7022,Jump Level I (Flamer),0
7024,Jump Level I (LRM),0
7025,Jump Level I (MG),0
7021,"Jump Level I (Rifle, Ballistic)",0
7023,"Jump Level I (Rifle, Energy)",0
7026,Jump Level I (SRM),0
7029,Jump Platoon (FedCom) (Flamer),0
7031,Jump Platoon (FedCom) (LRM),0
7032,Jump Platoon (FedCom) (MG),0
7028,"Jump Platoon (FedCom) (Rifle, Ballistic)",0
7030,"Jump Platoon (FedCom) (Rifle, Energy)",0
7033,Jump Platoon (FedCom) (SRM),0
1718,Jump Platoon (Flamer),70
7035,Jump Platoon (FS3067+) (Flamer),0
7037,Jump Platoon (FS3067+) (LRM),0
7038,Jump Platoon (FS3067+) (MG),0
7034,"Jump Platoon (FS3067+) (Rifle, Ballistic)",0
7036,"Jump Platoon (FS3067+) (Rifle, Energy)",0
7039,Jump Platoon (FS3067+) (SRM),0
7041,Jump Platoon (FW3035+) (Flamer),0
7043,Jump Platoon (FW3035+) (LRM),0
7044,Jump Platoon (FW3035+) (MG),0
7040,"Jump Platoon (FW3035+) (Rifle, Ballistic)",0
7042,"Jump Platoon (FW3035+) (Rifle, Energy)",0
7045,Jump Platoon (FW3035+) (SRM),0
4411,Jump Platoon (Gauss),0
1720,Jump Platoon (LRM),70
1721,Jump Platoon (MG),81
4412,Jump Platoon (Rifle Minelayer),0
1722,"Jump Platoon (Rifle, Ballistic)",89
1719,"Jump Platoon (Rifle, Energy)",84
1723,Jump Platoon (SRM),77
7245,"Jump Platoon, Marian  (1/2) (Flamer)",0
7244,"Jump Platoon, Marian  (1/2) (Rifle, Ballistic)",0
7246,"Jump Platoon, Marian  (1/2) (Rifle, Energy)",0
7248,"Jump Platoon, Marian (1/2) (MG)",0
7249,"Jump Platoon, Marian (1/2) (SRM)",0
7251,"Jump Platoon, Marian 3049+ (1/2)  (Rifle, Energy)",0
7252,"Jump Platoon, Marian 3049+ (1/2) (Flamer)",0
7253,"Jump Platoon, Marian 3049+ (1/2) (LRM)",0
7255,"Jump Platoon, Marian 3049+ (1/2) (MG)",0
7250,"Jump Platoon, Marian 3049+ (1/2) (Rifle, Ballistic)",0
7254,"Jump Platoon, Marian 3049+ (1/2) (SRM)",0
9280,"Jump Platoon, Taurian (Flamer)",103
9276,"Jump Platoon, Taurian (LRM)",126
9277,"Jump Platoon, Taurian (MG)",115
9278,"Jump Platoon, Taurian (Rifle, Ballistic)",127
9275,"Jump Platoon, Taurian (Rifle, Energy)",120
9279,"Jump Platoon, Taurian (SRM)",122
1724,Jump Support Infantry,82
1725,Jupiter,2784
1726,Jupiter 2,3278
1727,Jupiter 3,3074
6829,Jupiter 4,2955
1728,Kabuto KBO-7A,524
1729,Kabuto KBO-7B,635
1730,Kage Light Battle Armor (DEST) (Sqd4),177
8546,Kage Light Battle Armor (DEST) (Sqd5),239
8910,Kage Light Battle Armor (DEST) (Sqd6),307
1731,Kage Light Battle Armor (Space) (Sqd4),105
8547,Kage Light Battle Armor (Space) (Sqd5),142
8911,Kage Light Battle Armor (Space) (Sqd6),182
1732,Kage Light Battle Armor (Vibro-Claw)  (Sqd4),114
8548,Kage Light Battle Armor (Vibro-Claw) (Sqd5),154
8912,Kage Light Battle Armor (Vibro-Claw) (Sqd6),198
1733,Kage Light Battle Armor [ECM] (Sqd4),113
8549,Kage Light Battle Armor [ECM] (Sqd5),153
8913,Kage Light Battle Armor [ECM] (Sqd6),196
1734,Kage Light Battle Armor [Flamer] (Sqd4),117
8550,Kage Light Battle Armor [Flamer] (Sqd5),148
8914,Kage Light Battle Armor [Flamer] (Sqd6),189
1735,Kage Light Battle Armor [Laser] (Sqd4),126
8551,Kage Light Battle Armor [Laser] (Sqd5),153
8915,Kage Light Battle Armor [Laser] (Sqd6),194
1736,Kage Light Battle Armor [MG] (Sqd4),117
8552,Kage Light Battle Armor [MG] (Sqd5),148
8916,Kage Light Battle Armor [MG] (Sqd6),189
1737,Kage Light Battle Armor [TAG] (Sqd4),105
8553,Kage Light Battle Armor [TAG] (Sqd5),142
8917,Kage Light Battle Armor [TAG] (Sqd6),182
1738,Kage Light Battle Armor C (Sqd4),133
8554,Kage Light Battle Armor C (Sqd5),179
8918,Kage Light Battle Armor C (Sqd6),230
4415,Kaleen Bay Tanker,0
4416,Kalki Cruise Missile Launcher,1036
4423,"Kallon UL-series Construction Vehicle UL-10 ""Backhoe""",0
4424,"Kallon UL-series Construction Vehicle UL-11 ""Rock Cutter""",0
4425,"Kallon UL-series Construction Vehicle UL-12 ""Chainsaw""",0
4426,"Kallon UL-series Construction Vehicle UL-14 ""Dual Bulldozer""",0
6382,Kamakiri Attack VTOL,1378
6383,"Kamakiri Attack VTOL (Gauss) ""Shi Kamakiri""",1552
9332,Kamisori Light Tank A,599
9333,Kamisori Light Tank B,487
9334,Kamisori Light Tank C,527
9331,Kamisori Light Tank Prime,536
9335,Kamisori Light Tank R,669
1739,"Kanazuchi Assault Battle Armor ""Cyclops"" (Sqd4)",630
8555,"Kanazuchi Assault Battle Armor ""Cyclops"" (Sqd5)",848
8919,"Kanazuchi Assault Battle Armor ""Cyclops"" (Sqd6)",1090
8027,Kanazuchi Assault Battle Armor (Support) (Sqd4),365
4427,Kanazuchi Assault Battle Armor (Upgrade) [Armored Glove] (Sqd4),0
1740,Kanazuchi Assault Battle Armor (Upgrade) [Battle Claw] (Sqd4),350
8556,Kanazuchi Assault Battle Armor (Upgrade) [Battle Claw] (Sqd5),471
8920,Kanazuchi Assault Battle Armor (Upgrade) [Battle Claw] (Sqd6),605
4429,Kanazuchi Assault Battle Armor [Armored Glove] (Sqd4),0
1741,Kanazuchi Assault Battle Armor [Battle Claw] (Sqd4),372
8557,Kanazuchi Assault Battle Armor [Battle Claw] (Sqd5),501
8921,Kanazuchi Assault Battle Armor [Battle Claw] (Sqd6),644
1742,Kanazuchi Assault Battle Armor [Industrial Drill] (Sqd4),372
8558,Kanazuchi Assault Battle Armor [Industrial Drill] (Sqd5),501
8922,Kanazuchi Assault Battle Armor [Industrial Drill] (Sqd6),644
1743,Kanazuchi Assault Battle Armor [Salvage Arm] (Sqd4),372
8559,Kanazuchi Assault Battle Armor [Salvage Arm] (Sqd5),501
8923,Kanazuchi Assault Battle Armor [Salvage Arm] (Sqd6),644
1745,Kanga Medium Hovertank,752
1744,Kanga Medium Hovertank (AC),744
4431,Kanga Medium Hovertank (WiGE),0
4432,Kanga Medium Hovertank KGA-3X,0
1746,Kanga-X Jump Tank,1154
1747,Karhu (Syngman),1924
1748,Karhu A,2560
1749,Karhu B,2787
1750,Karhu C,2092
1751,Karhu D,3118
6882,Karhu G,2895
1752,Karhu Prime,2488
1753,Karnov UR Gunship,221
1759,Karnov UR Transport,125
1754,Karnov UR Transport (3055 Upgrade),152
1755,Karnov UR Transport (AC),556
1756,Karnov UR Transport (Artillery),227
9561,Karnov UR Transport (BA Stealth),233
1757,Karnov UR Transport (BA),499
5787,Karnov UR Transport (Heavy Stealth),416
4434,Karnov UR Transport (Missiles),0
1758,Karnov UR Transport (Periphery),590
4435,Karnov UR Transport (Stealth),0
1760,Katana (Crockett) CRK-5003-2,1629
1761,Katana (Crockett) CRK-5003-C,1618
1762,Katana (Crockett) CRK-5003-CJ,1844
1763,Katana (Crockett) CRK-5003-CM,1554
8428,Katana (Crockett) CRK-5006-1,2363
4436,Katya Ground Assault Craft (Fuel),0
4439,Katya Ground Assault Craft C-904,0
4438,Katya Ground Assault Craft C-905,0
4437,Katya Ground Assault Craft C-906,0
6604,Kelswa Assault Tank,1632
1769,Kestrel VTOL,155
1764,Kestrel VTOL (Clan),166
1765,Kestrel VTOL (MedEvac),126
1766,Kestrel VTOL (ML),252
5775,Kestrel VTOL (Scout),175
1767,Kestrel VTOL (SL),175
1768,Kestrel VTOL (SRM),192
6675,Kheper KHP-7R,1568
4441,Kilkenny Falls Oil Tanker,0
4442,Kimagure Pursuit Cruiser,0
7324,Kimagure Pursuit Cruiser (Surprise),22644
4443,King CargoMech,0
1770,King Crab KGC-000,1906
1771,King Crab KGC-0000,1810
1772,King Crab KGC-000b,2039
8176,King Crab KGC-000b (Chrichell),0
1773,King Crab KGC-001,2221
1774,King Crab KGC-005,2264
1775,King Crab KGC-005r,2335
1776,King Crab KGC-007,2523
1777,King Crab KGC-008,2369
5494,King Crab KGC-008B,2374
6635,King Crab KGC-009,2260
8066,King Crab KGC-009C,2652
1778,King Crab KGC-010,2181
7514,King Crab KGC-011,2406
4445,King Karnov Transport KC-5,0
4446,King Karnov Transport KC-6,0
4447,King Karnov Transport KC-9,0
1779,Kingfisher A,2261
1780,Kingfisher B,2472
1781,Kingfisher C,2644
1782,Kingfisher D,2364
1783,Kingfisher E,2443
1784,Kingfisher F,2568
8261,Kingfisher G,2319
1785,Kingfisher H,2525
8262,Kingfisher I,2348
1786,Kingfisher Prime,2401
8260,Kingfisher T,2637
1787,Kingfisher X,2761
1789,Kinnol MBT,1200
1788,Kinnol MBT (PPC),1212
6796,Kinnol MBT (RAC),1671
7927,Kinnol MBT (Reactive),0
1790,Kintaro KTO-18,1187
1791,Kintaro KTO-19,1160
8285,Kintaro KTO-19 (Omar),0
1792,Kintaro KTO-19b,1265
1793,Kintaro KTO-20,1357
1794,Kintaro KTO-21,1295
1795,Kintaro KTO-C,1294
1796,Kintaro KTO-K,1571
1797,Kirghiz A,3368
1798,Kirghiz B,3935
1799,Kirghiz C,3231
1800,Kirghiz D,3649
4450,Kirghiz E,4023
1801,Kirghiz Prime,3046
6363,Kishi Battle Armor (Sqd4),197
8736,Kishi Battle Armor (Sqd5),265
9099,Kishi Battle Armor (Sqd6),341
4452,Kiso K-3N-KR3 ConstructionMech,0
1802,Kiso K-3N-KR4 ConstructionMech,946
1803,Kiso K-3N-KR5 ConstructionMech,1082
5773,Kiso K-3N-KRHQ CommandMech,940
6541,Kite Reconnaissance Vehicle,671
8052,Kite Reconnaissance Vehicle (Fusion),943
4453,Knox Armored Car,0
4454,Kobold Battle Armor [MicroGL/Flamer] (Sqd4),118
8639,Kobold Battle Armor [MicroGL/Flamer] (Sqd5),158
9003,Kobold Battle Armor [MicroGL/Flamer] (Sqd6),202
4455,Kobold Battle Armor [MicroGL/SPL] (Sqd4),125
8640,Kobold Battle Armor [MicroGL/SPL] (Sqd5),165
9004,Kobold Battle Armor [MicroGL/SPL] (Sqd6),210
4456,Kobold Battle Armor [MicroGL/TAG] (Sqd4),113
8641,Kobold Battle Armor [MicroGL/TAG] (Sqd5),153
9005,Kobold Battle Armor [MicroGL/TAG] (Sqd6),196
4457,Kobold Battle Armor [SL/Flamer] (Sqd4),182
8642,Kobold Battle Armor [SL/Flamer] (Sqd5),244
9006,Kobold Battle Armor [SL/Flamer] (Sqd6),313
4458,Kobold Battle Armor [SL/TAG] (Sqd4),177
8643,Kobold Battle Armor [SL/TAG] (Sqd5),239
9007,Kobold Battle Armor [SL/TAG] (Sqd6),307
6728,Kobold Battle Armor IIC (Sqd4),186
8783,Kobold Battle Armor IIC (Sqd5),251
9146,Kobold Battle Armor IIC (Sqd6),323
5561,Kobold Battle Armor X-C3 (Sqd4),86
8707,Kobold Battle Armor X-C3 (Sqd5),116
9071,Kobold Battle Armor X-C3 (Sqd6),149
1805,Kodiak,2927
1804,Kodiak (Cale),2535
1806,Kodiak 2,2856
1807,Kodiak 3,2615
1808,Kodiak 4,2728
1809,Kodiak 5,3067
8364,Kodiak 6,2922
6295,Kodiak II,3066
6296,Kodiak II 2,3147
8067,Kodiak II 3,2238
7672,Kokou Defense Tank,1189
7673,Kokou Defense Tank (XL),1474
1810,Komodo KIM-2,1533
1811,Komodo KIM-2A,1415
1812,Komodo KIM-2C,1533
1813,Komodo KIM-3C,1371
8352,Kontio,1912
1814,"Kopis Assault Battle Armor ""The Dark Alley"" (Sqd4)",407
8560,"Kopis Assault Battle Armor ""The Dark Alley"" (Sqd5)",548
8924,"Kopis Assault Battle Armor ""The Dark Alley"" (Sqd6)",705
6743,Kopis Assault Battle Armor (AI Mk II) (Sqd4),289
8798,Kopis Assault Battle Armor (AI Mk II) (Sqd5),389
9161,Kopis Assault Battle Armor (AI Mk II) (Sqd6),501
6744,Kopis Assault Battle Armor (AI Mk IIr) (Sqd4),330
8799,Kopis Assault Battle Armor (AI Mk IIr) (Sqd5),444
9162,Kopis Assault Battle Armor (AI Mk IIr) (Sqd6),570
1815,Kopis Assault Battle Armor (Anti-Infantry) (Sqd4),298
8561,Kopis Assault Battle Armor (Anti-Infantry) (Sqd5),401
8925,Kopis Assault Battle Armor (Anti-Infantry) (Sqd6),515
6745,Kopis Assault Battle Armor (Mortar) (Sqd4),301
6425,Koroshiya KOS-1A,2877
1816,Korvin Tank KRV-2,507
1817,Korvin Tank KRV-3,809
1818,Koryu Submarine (Civilian),87
1819,Koryu Submarine (Military),111
1820,Koschei KSC-3I,1255
1821,Koschei KSC-3L,1384
1822,Koschei KSC-4I,1516
1823,Koschei KSC-4L,1503
1824,Koschei KSC-5I,1961
1825,Koschei KSC-5MC,1764
1826,Koschei KSC-5X,1554
6881,Koschei KSC-6L,1465
1827,Koshi (Mist Lynx) A,608
1828,Koshi (Mist Lynx) B,1209
1829,Koshi (Mist Lynx) C,1320
1830,Koshi (Mist Lynx) D,842
1831,Koshi (Mist Lynx) E,997
1832,Koshi (Mist Lynx) F,1173
1833,Koshi (Mist Lynx) G,834
1834,Koshi (Mist Lynx) H,982
7557,Koshi (Mist Lynx) I,689
7558,Koshi (Mist Lynx) J,1704
7559,Koshi (Mist Lynx) K,976
7560,Koshi (Mist Lynx) L,901
7561,Koshi (Mist Lynx) M,961
7562,Koshi (Mist Lynx) N,976
1835,Koshi (Mist Lynx) P,1064
1836,Koshi (Mist Lynx) Prime,871
7556,Koshi (Mist Lynx) T,971
5643,Koshi (Mist Lynx) Z,970
6547,Koshi (Standard),760
6548,Koshi (Standard) 2,948
6549,Koshi (Standard) 3,777
1840,Koto KT-P2,631
1837,Koto KTO-2A,977
1838,Koto KTO-3A,806
1839,Koto KTO-4A,1073
1841,Kraken (Bane),1950
1842,Kraken (Bane) 2,2502
1843,Kraken (Bane) 3,2941
1844,Kraken (Bane) 4,2709
8242,Kraken (Bane) 5,2554
8243,Kraken (Bane) 6,2339
8244,Kraken (Bane) 7,3740
4463,Kraken (Bane) XR,2894
4465,Krise PA(L) (Sqd4),30
8644,Krise PA(L) (Sqd5),41
9008,Krise PA(L) (Sqd6),53
6311,Kruger Combat Car,429
6312,Kruger Combat Car (Original),336
1846,Ku Wheeled Assault Tank,1091
1845,"Ku Wheeled Assault Tank (IFV) ""Turhan II""",1042
4466,Kuan Ti,0
7667,Kublai E,2181
7668,Kublai F,2270
7669,Kublai G,2376
1849,Kuma,1952
1847,Kuma 2,2309
1848,Kuma 3,625
6888,Kuma 4,1865
1850,Kyudo KY2-D-01,748
1851,Kyudo KY2-D-02,1286
1852,Kyudo KY2-D-03,1167
4467,Kyushu Cargo Shuttle,0
4834,Lama-Deux Firefighting VTOL,0
7383,Lament LMT-2D,2044
6676,Lament LMT-2R,1999
7400,Lament LMT-2R (Manes),2297
6722,Lament LMT-3C,1874
6723,Lament LMT-3R,1888
6724,Lament LMT-4RC,2474
6540,Lamprey Transport Helicopter,478
7626,Lancelot C,1960
7627,Lancelot C 2,2571
1853,Lancelot LNC25-01,1422
5874,Lancelot LNC25-01sl,0
1854,Lancelot LNC25-01X,1659
1855,Lancelot LNC25-02,1236
1856,Lancelot LNC25-03,1360
1857,Lancelot LNC25-04,1640
1858,Lancelot LNC25-05,1365
1859,Lancelot LNC25-06,1661
1860,Lancelot LNC25-08,1162
8417,Lancelot LNC25-09,2099
4470,Lancer LX-1,0
4471,Lancer LX-2,1035
4472,Lancer LX-2A,1131
5750,Lancer LX-3,1037
4473,Landing Craft (Egret),0
4475,Landing Craft Mark V,0
4476,Landing Craft Mark VII,0
4477,Landing Craft Mark VII-C,0
4478,Lao Hu LHU-2B,1771
4479,Lao Hu LHU-3B,1497
4480,Lao Hu LHU-3C,1878
5695,Lao Hu LHU-3L,1995
5696,Lao Hu LHU-4E,2123
4481,Large Agricultural Robot,0
4482,Large Habitat,0
4483,Large Pressurized Yard,0
4484,Large Unpressurized Yard,0
1861,Laser Carrier,566
6776,LB-X Carrier,901
6778,LB-X Carrier (Ambush),0
6777,LB-X Carrier (Ultra),0
4485,League,0
6995,League Destroyer (Block I),40773
6996,League Destroyer (Block II),53315
4487,Leapfrog Exoskeleton CEX-250 (Sqd4),0
9203,Leapfrog Exoskeleton CEX-250 (Sqd5),0
9247,Leapfrog Exoskeleton CEX-250 (Sqd6),0
8114,Lee (Aerospace Carrier),0
8115,Lee (Armor Carrier),0
6785,Lee (BattleMech Carrier),14393
8116,Lee (Cargo Carrier),0
4488,Legacy LGC-01,1967
4489,Legacy LGC-02,2033
4490,Legacy LGC-03,2121
5702,Legacy LGC-04-WVR,1745
5703,Legacy LGC-05,1628
1862,Legionnaire LGN-1X,1322
1863,Legionnaire LGN-2D,1386
8296,Legionnaire LGN-2D (Raul),1520
4491,Legionnaire LGN-2F,1808
6905,Legionnaire LGN-2K,1597
1864,Legionnaire LGN-2X1 MUSE FIRE,2032
1865,Legionnaire LGN-2XA,1172
1866,Legionnaire LGN-2XU,1128
6476,Leonidas Battle Armor [David] (Sqd4),187
8751,Leonidas Battle Armor [David] (Sqd5),252
9114,Leonidas Battle Armor [David] (Sqd6),324
6478,Leonidas Battle Armor [Firedrake] (Sqd4),147
8753,Leonidas Battle Armor [Firedrake] (Sqd5),198
9116,Leonidas Battle Armor [Firedrake] (Sqd6),255
6477,Leonidas Battle Armor [MG] (Sqd4),171
8752,Leonidas Battle Armor [MG] (Sqd5),230
9115,Leonidas Battle Armor [MG] (Sqd6),296
6480,Leonidas Battle Armor [Sensor] (Sqd4),138
8755,Leonidas Battle Armor [Sensor] (Sqd5),186
9118,Leonidas Battle Armor [Sensor] (Sqd6),239
6479,Leonidas Battle Armor [TAG] (Sqd4),131
8754,Leonidas Battle Armor [TAG] (Sqd5),176
9117,Leonidas Battle Armor [TAG] (Sqd6),227
4492,"Leopard ""Pocket WarShip""",7674
4493,Leopard (2537),0
4494,Leopard (3056),0
4495,Leopard (PPC),0
4496,Leopard CV (2581),0
4497,Leopard CV (3054),0
1867,Leopard PA-Class DropShip,6220
4498,Leopard-class Submarine,0
4499,Lesseps Dump Truck,0
4500,Leviathan Heavy Transport,0
4501,Leviathan II Battleship,0
4502,Leviathan JumpShip,0
5811,Leviathan Prime,0
4503,Lewis Skimmer Bus,0
4504,Lexan Oceanic Luxury VTOL Series VI,0
4505,Lexan Oceanic Personal VTOL Series II,0
1868,Lexan Surveillance Helo,232
4506,Lexan Surveillance VTOL,232
5649,Liberator Colony Ship,0
4508,Liberator Cruiser,0
5845,Liberator LIB-4T,0
5627,Liberty JumpShip,0
7385,Lich UABM-2R,1719
4510,Life Boat,0
4511,Light Cargo Maglev,0
1869,Light SRM Carrier,578
6966,Light Strike Fighter Andurien,158
1870,Light Strike Fighter Angel,129
1871,Light Strike Fighter Angel (Upgrade),111
1872,Light Strike Fighter Comet,129
1873,Light Strike Fighter Owl,129
1874,Light Strike Fighter Owl II,191
1875,Light Strike Fighter Owl III,329
1876,"Light Strike Fighter Suzume (""Sparrow"")",116
1877,Light Thunderbolt Carrier,714
1884,Lightning Attack Hovercraft,510
1880,Lightning Attack Hovercraft (ERML),956
1881,Lightning Attack Hovercraft (ERSL),884
1882,Lightning Attack Hovercraft (RL),709
1883,Lightning Attack Hovercraft (Royal),633
5554,Lightning Attack Hovercraft CX-3,710
8170,Lightning LHN-C5,2024
4512,Lightning LTN-G14,826
4513,Lightning LTN-G15,1057
1878,Lightning LTN-G15b,1671
1879,Lightning LTN-G16-P (Branson),1021
4514,Lightning LTN-G16D,1328
4515,Lightning LTN-G16L,1376
4516,Lightning LTN-G16O,1220
4517,Lightning LTN-G16S,1633
4518,Lightning LTN-G16T,1256
4519,Lightray LGH-4W,1450
4520,Lightray LGH-4Y,1379
4521,Lightray LGH-5W,1674
1885,Lightray LGH-6W,1554
5681,Lightray LGH-7W,1352
3869,Limpet Half-Track,0
1886,Linebacker A,2264
1887,Linebacker B,2048
1888,Linebacker C,2075
1889,Linebacker D,2039
1890,Linebacker E,1846
4523,Linebacker F,1928
6880,Linebacker G,2433
1891,Linebacker H,2097
7525,Linebacker I,1853
1892,Linebacker Prime,2390
7526,Linebacker T,1851
1893,Lineholder KW1-LH2,1280
1894,Lineholder KW1-LH3,1214
1895,"Lineholder KW1-LH8 ""Linebreaker""",1330
7996,Lineholder KW2-LH10,1606
1896,Lineholder KW2-LHW,1484
4524,Lion (2595),0
4525,Lion (Clan),0
4526,Lion (Wolf's Dragoons 3005),0
4528,Lobo,1715
5668,Lobo 2,1869
5669,Lobo 3,1824
7601,Locust C,672
1914,Locust IIC,1100
8203,Locust IIC 10,1248
1915,Locust IIC 2,937
1916,Locust IIC 3,980
1917,Locust IIC 4,795
1918,Locust IIC 5,878
1919,Locust IIC 6,776
1920,Locust IIC 7,980
1921,Locust IIC 8,1119
1922,Locust IIC 9,1133
1897,Locust LCT-1E,553
1898,Locust LCT-1L,474
1899,Locust LCT-1M,424
1900,Locust LCT-1S,440
1901,Locust LCT-1V,432
1902,Locust LCT-1V2,568
1903,Locust LCT-1Vb,642
1904,Locust LCT-3D,436
1905,Locust LCT-3M,522
1906,Locust LCT-3S,483
1907,Locust LCT-3V,490
1908,Locust LCT-5M,719
6947,Locust LCT-5M2,693
6948,Locust LCT-5M3,929
8199,Locust LCT-5S,509
1909,Locust LCT-5T,520
1910,Locust LCT-5V,665
1911,Locust LCT-5W,695
1912,Locust LCT-5W2,787
1913,Locust LCT-6M,956
8200,Locust LCT-7S,706
8201,Locust LCT-7V,585
8202,Locust LCT-7V2,634
1923,Loki (Hellbringer) A,1948
1924,Loki (Hellbringer) B,1592
1925,Loki (Hellbringer) C,2076
1926,Loki (Hellbringer) D,2140
1927,Loki (Hellbringer) E,2304
5489,Loki (Hellbringer) F,1839
6879,Loki (Hellbringer) G,1943
1928,Loki (Hellbringer) H,1952
7442,Loki (Hellbringer) J,2415
7594,Loki (Hellbringer) M,2200
1929,Loki (Hellbringer) Prime,2654
7441,Loki (Hellbringer) T,2444
6278,Loki Mk II (Hel) A,2249
6279,Loki Mk II (Hel) B,1798
9571,Loki Mk II (Hel) C,2214
9572,Loki Mk II (Hel) D,2370
9574,Loki Mk II (Hel) E,2443
9575,Loki Mk II (Hel) F,2512
6277,Loki Mk II (Hel) Prime,2189
9573,Loki Mk II (Hel) T,2077
4531,Lola I Destroyer,0
4532,Lola II Destroyer,0
4533,Lola III Destroyer (2662),0
4534,Lola III Destroyer (Clan),0
4537,Long-Range Shuttlecraft KR-61,0
4538,Long-Range Shuttlecraft KR-61C,0
5619,Longbow LGB-0C,1295
8330,Longbow LGB-0H,1813
1930,Longbow LGB-0W,1337
8331,Longbow LGB-0W2,1410
8333,Longbow LGB-10C,1898
8334,Longbow LGB-10K,1791
1931,Longbow LGB-12C,1686
1932,Longbow LGB-12R,1979
1933,Longbow LGB-13C,1397
1934,Longbow LGB-13NAIS,1804
1935,Longbow LGB-14C,1421
6854,Longbow LGB-14C2,1291
8347,Longbow LGB-14Q,1828
8336,Longbow LGB-14V,1763
1936,Longbow LGB-7Q,1618
1937,Longbow LGB-7V,1816
8332,Longbow LGB-8C,1653
1938,Longbow LGB-8V,1808
4158,Longhaul Cargo Aircraft FB-335,0
1939,"Longinus Battle Armor ""Hacked"" [David] (Sqd4)",147
8562,"Longinus Battle Armor ""Hacked"" [David] (Sqd5)",198
8926,"Longinus Battle Armor ""Hacked"" [David] (Sqd6)",255
1940,"Longinus Battle Armor ""Hacked"" [MG] (Sqd4)",134
8563,"Longinus Battle Armor ""Hacked"" [MG] (Sqd5)",180
8927,"Longinus Battle Armor ""Hacked"" [MG] (Sqd6)",231
1941,Longinus Battle Armor (Magnetic) (Sqd4),247
8564,Longinus Battle Armor (Magnetic) (Sqd5),338
8928,Longinus Battle Armor (Magnetic) (Sqd6),434
1942,Longinus Battle Armor [David] (Sqd4),231
8565,Longinus Battle Armor [David] (Sqd5),311
8929,Longinus Battle Armor [David] (Sqd6),400
1943,Longinus Battle Armor [Flamer] (Sqd4),215
8566,Longinus Battle Armor [Flamer] (Sqd5),289
8930,Longinus Battle Armor [Flamer] (Sqd6),372
1944,Longinus Battle Armor [Laser] (Sqd4),247
8567,Longinus Battle Armor [Laser] (Sqd5),332
8931,Longinus Battle Armor [Laser] (Sqd6),427
1945,Longinus Battle Armor [MG] (Sqd4),215
8568,Longinus Battle Armor [MG] (Sqd5),289
8932,Longinus Battle Armor [MG] (Sqd6),372
8029,Longinus C Battle Armor [MRR] (Sqd4),376
9213,Longinus C Battle Armor [MRR] (Sqd5),506
9529,Longinus C Battle Armor [MRR] (Sqd6),651
8030,Longinus C Battle Armor [PPC] (Sqd4),203
9214,Longinus C Battle Armor [PPC] (Sqd5),273
9531,Longinus C Battle Armor [PPC] (Sqd6),554
4539,Longshoreman Air Cargo Transporter,0
1946,Longshot LNG-1B,899
1947,Longshot LNG-2,1215
9243,Longshot LNG-2 (Reskov),1787
1948,Longshot LNG-3,955
1949,Longshot LNG-3C,971
1950,Longshot LNG-4,1086
1952,LRM Carrier,833
1951,LRM Carrier (3055 Upgrade),798
5589,LRM Carrier (Primitive),686
1953,LRM Carrier (WoB),1050
9426,LRM Carrier C,1266
6471,Lu Wei Bing LN-4B,2045
1958,Lucifer II LCF-R16K,1109
1959,Lucifer II LCF-R16KR,1399
8012,Lucifer III C,2709
4541,Lucifer III LCR-3,2356
1954,Lucifer LCF-R15,1329
1955,Lucifer LCF-R16,1443
1956,Lucifer LCF-R20,1536
1957,Lucifer LCF-X30,1888
4542,Lucius Zhao Escort Carrier,14160
7821,Lucius Zhao Escort Carrier (Arrow IV),13539
7822,Lucius Zhao Escort Carrier (Helicarrier),12570
6437,Luduan Scout Vehicle,453
4543,Luftenburg Supercarrier,0
4544,Lugger SalvageMech,0
4545,Lumberjack LM1/A,311
1960,Lumberjack LM4/C,291
1961,Lumberjack LM4/P,651
7177,Lumberjack LM5/M MilitiaMech,1360
4546,Lung Wang,0
1962,"Lung Wang ""Predator""",7937
1963,Lupus A,1927
1964,Lupus B,1985
7628,Lupus C,2535
7629,Lupus D,2030
1965,Lupus Prime,2428
4549,Luxemburg-class Cargo Airship,0
4550,Luxor Heavy Cruiser,0
7620,Lynx C,2712
1966,Lynx LNX-8Q,1292
1967,Lynx LNX-9C,1630
1968,Lynx LNX-9Q,1725
1969,Lynx LNX-9R,1755
4551,Lyonesse Escort,2106
4552,Lyonesse Escort M1,2512
4553,Lyonesse Escort W1,2413
4554,Lysander Carrier Submarine,0
7150,M-9 SDS Battle Station “Pavise”,288172
1971,M.A.S.H. Truck,220
9453,M.A.S.H. Truck (AMS),269
1970,M.A.S.H. Truck (ICE),213
4555,Machina Domini Interface Armor (Sqd4),90
5876,"Mackie MSH-9HKR ""Kill-Roy's Little Buddy""",0
1972,Mackie MSK-5S,1436
1973,Mackie MSK-6S,1461
4556,Mackie MSK-7A,1900
7761,Mackie MSK-7X,0
1974,Mackie MSK-8B,2019
1975,Mackie MSK-9H,2022
4557,"Mad Cat (Timber Wolf) ""Great White""",0
5803,Mad Cat (Timber Wolf) (Bounty Hunter 2),2799
1976,Mad Cat (Timber Wolf) (Bounty Hunter),2829
4558,Mad Cat (Timber Wolf) (Connor),0
1977,Mad Cat (Timber Wolf) (Pryde),2900
4559,Mad Cat (Timber Wolf) (Vlad),0
1978,Mad Cat (Timber Wolf) A,2854
1979,Mad Cat (Timber Wolf) B,2224
7635,Mad Cat (Timber Wolf) BLO,2611
1980,Mad Cat (Timber Wolf) C,2500
1981,Mad Cat (Timber Wolf) D,2682
1982,Mad Cat (Timber Wolf) E,2444
1983,Mad Cat (Timber Wolf) F,2764
1984,Mad Cat (Timber Wolf) H,2627
7515,Mad Cat (Timber Wolf) M,2741
7516,Mad Cat (Timber Wolf) N,2862
1985,Mad Cat (Timber Wolf) Prime,2737
1986,Mad Cat (Timber Wolf) S,2462
7517,Mad Cat (Timber Wolf) T,2714
7595,Mad Cat (Timber Wolf) TC,2903
1987,Mad Cat (Timber Wolf) U,2627
7518,Mad Cat (Timber Wolf) W,2791
5822,Mad Cat (Timber Wolf) Z,2923
4561,Mad Cat III,2400
5543,Mad Cat III (Eve),2393
4562,Mad Cat III 2,1697
6896,Mad Cat III 3,2515
6897,Mad Cat III 4,2061
6898,Mad Cat III 5,2095
4563,Mad Cat III X,2232
4565,Mad Cat Mk II,3135
4564,Mad Cat Mk II (Enhanced),2732
5715,Mad Cat Mk II 2,2822
5716,Mad Cat Mk II 3,3168
6850,Mad Cat Mk II 4,2962
6849,Mad Cat Mk II 5,2491
6848,Mad Cat Mk II 6,2663
6571,Mad Cat Mk IV (Savage Wolf) A,2413
6572,Mad Cat Mk IV (Savage Wolf) B,2606
6573,Mad Cat Mk IV (Savage Wolf) C,2796
6574,Mad Cat Mk IV (Savage Wolf) PR,2702
6575,Mad Cat Mk IV (Savage Wolf) PR 2,2666
6570,Mad Cat Mk IV (Savage Wolf) Prime,2781
1988,Maelstrom MTR-5K,1694
8272,Maelstrom MTR-5K (Petrovitch),0
1989,Maelstrom MTR-6E,1806
1990,Maelstrom MTR-6K,1678
6867,Maelstrom MTR-7K,2462
4567,Magellan JumpShip,0
4566,"Magellan JumpShip ""Persephone""",0
4088,Magellan Survey Vehicle Series Four,0
1991,Magi Infantry Support Vehicle,798
1992,Magi Infantry Support Vehicle (UCSV),831
4569,Main Gauche Light Support Tank,464
4568,Main Gauche Light Support Tank (C3),472
5727,Main Gauche Light Support Tank (IFV),725
4570,Main Gauche Light Support Tank (XL),565
4571,Majestic-class Pleasure Cruiser,0
4572,Mako Corvette,0
4573,Malaika BAM-1A1,572
1993,Malak C-MK-O (Mi),758
1994,Malak C-MK-O Invictus,792
1995,Malak C-MK-OA Dominus,823
1996,Malak C-MK-OB Infernus,1047
1997,Malak C-MK-OC Comminus,944
1998,Malak C-MK-OD Luminos,1055
1999,Malak C-MK-OE Eminus,957
2000,Malak C-MK-OS Caelestis,1125
6725,Malice MAL-XP,2016
6683,Malice MAL-XT,1852
6726,Malice MAL-XV,1996
6727,Malice MAL-YZ,2982
4576,Mammoth,0
4575,Mammoth (2658),0
6385,Mamono IFV,1422
2001,Man O' War (Gargoyle) (Conal),2580
2002,Man O' War (Gargoyle) A,2689
2003,Man O' War (Gargoyle) B,1843
2004,Man O' War (Gargoyle) C,2417
2005,Man O' War (Gargoyle) D,2499
2006,Man O' War (Gargoyle) E,2257
7755,Man O' War (Gargoyle) F,1894
2007,Man O' War (Gargoyle) G,2156
2008,Man O' War (Gargoyle) H,2183
7756,Man O' War (Gargoyle) I,2516
7757,Man O' War (Gargoyle) J,2134
7759,Man O' War (Gargoyle) K,2182
2009,Man O' War (Gargoyle) M,2182
7758,Man O' War (Gargoyle) P,2320
2010,Man O' War (Gargoyle) Prime,1537
7754,Man O' War (Gargoyle) T,1632
6861,Man O' War (Gargoyle) X,2800
4578,Manassas Heavy Cruiser,0
4580,Manatee,1503
4579,Manatee (Cargo),720
2011,Mandrill,1209
2012,Mangonel MNL-3L,1552
2013,Mangonel MNL-3W,2657
6871,Mangonel MNL-4S,2659
4581,Manta Fast Attack Submarine,0
4582,Manta Fast Attack Submarine (Support),0
4584,Manteuffel Attack Tank A,1486
4585,Manteuffel Attack Tank B,1508
5734,Manteuffel Attack Tank C,1274
5735,Manteuffel Attack Tank D,1172
6797,Manteuffel Attack Tank E,1256
4586,Manteuffel Attack Tank Prime,1504
2021,Manticore Heavy Tank,993
2014,"Manticore Heavy Tank ""The Ballista""",1135
2015,Manticore Heavy Tank (3055 Upgrade),957
2016,Manticore Heavy Tank (C3M),958
2017,Manticore Heavy Tank (C3S),1008
2018,Manticore Heavy Tank (HPPC),1149
2019,Manticore Heavy Tank (LB-X),961
2020,Manticore Heavy Tank (RAC),1241
9456,Manticore Heavy Tank (XL),1191
7675,Manticore Heavy Tank EC,1147
6601,Manticore II Heavy Tank,1435
2029,Mantis Light Attack VTOL,434
2028,Mantis Light Attack VTOL (ECCM),304
2022,Mantis MTS-L,1176
2023,Mantis MTS-S,1128
2024,Mantis MTS-T,1312
2025,Mantis MTS-T2,1380
2026,Mantis MTS-T3,1380
2027,Mantis SA-MN,704
4587,Mantis SA-MN2,0
4589,Mao-Heng Charioteer,0
4588,Mao-Heng Charioteer (Original),0
2030,Marauder (Bounty Hunter-3015),1919
2031,Marauder (Bounty Hunter-3044),2103
7535,Marauder (Bounty Hunter-3138),2708
7536,Marauder (Red Hunter-3146),2509
6525,Marauder Battle Armor (Sqd4),250
8762,Marauder Battle Armor (Sqd5),336
2032,Marauder C,1711
2053,Marauder II (Bounty Hunter),3767
2054,Marauder II C,2916
7519,Marauder II MAD-10D,2741
2055,Marauder II MAD-4A,2073
2056,Marauder II MAD-4H,2180
2057,Marauder II MAD-4K,2626
6828,Marauder II MAD-4L,2839
2058,Marauder II MAD-4S,2623
2059,Marauder II MAD-5A,2058
2060,Marauder II MAD-5B,2589
2061,Marauder II MAD-5C,2024
2062,Marauder II MAD-5W,2383
7520,Marauder II MAD-6A,2367
7521,Marauder II MAD-6C,2346
2063,Marauder II MAD-6D,2378
2064,Marauder II MAD-6M,2218
7331,Marauder II MAD-6S,2546
7522,Marauder II MAD-8K,2849
2065,Marauder IIC,2680
7538,Marauder IIC 10,2877
2066,Marauder IIC 2,2358
2067,Marauder IIC 3,2445
2068,Marauder IIC 4,3447
2069,Marauder IIC 5,2386
2070,Marauder IIC 6,2646
2071,Marauder IIC 7,2843
2072,Marauder IIC 8,2554
7537,Marauder IIC 9,2595
7534,Marauder MAD-11D,2263
2033,Marauder MAD-1R,1420
2034,Marauder MAD-2R,1630
7528,Marauder MAD-2T,1646
2035,Marauder MAD-3D,1470
2036,Marauder MAD-3L,1369
2037,Marauder MAD-3M,1335
4590,Marauder MAD-3M-DC,0
2038,Marauder MAD-3R,1363
4591,Marauder MAD-3R (Faber),0
4592,Marauder MAD-3R (Wilson),0
5768,Marauder MAD-4X,1453
7600,Marauder MAD-5CS,1648
2039,Marauder MAD-5D,1787
7529,Marauder MAD-5D-DC,1787
2040,Marauder MAD-5L,2244
2041,Marauder MAD-5M,1471
2042,Marauder MAD-5R,1877
2043,Marauder MAD-5S,1799
2044,Marauder MAD-5T,1750
2045,Marauder MAD-6L,2322
7530,Marauder MAD-7C,1810
2046,Marauder MAD-7D,1986
7697,Marauder MAD-7D (Von Staskov),2150
7531,Marauder MAD-7M,1908
7532,Marauder MAD-7R,1832
7533,Marauder MAD-7S,1903
6866,Marauder MAD-9D,1967
2047,Marauder MAD-9M,1704
2048,Marauder MAD-9M2,1875
2049,Marauder MAD-9S,1786
2050,Marauder MAD-9W,1788
2051,Marauder MAD-9W2,1868
2052,Marauder MAD-SD (Douglass),1459
4594,Marco MR-6 ExplorerMech,295
4595,Marco MR-7 ExplorerMech,295
4596,Marco MR-8C ExplorerMech,304
2073,Marco MR-8D,436
2074,Marco MR-8E,476
2077,Marksman Artillery Vehicle,688
2075,Marksman Artillery Vehicle (AC),976
2076,Marksman Artillery Vehicle (Light PPC),684
2078,Marksman MBT M1,1474
2079,Marksman MBT M1A,1778
6806,Marksman MBT M1J,1702
2082,Mars Assault Vehicle,2076
2080,Mars Assault Vehicle (ATM),1948
2081,Mars Assault Vehicle (HAG),2545
4597,Mars Assault Vehicle (Original),0
2083,Mars Assault Vehicle (XL),2520
4599,Marsden MBT (Bridgelayer),0
4600,Marsden MBT (Engineering),0
4602,Marsden MBT I,500
2084,Marsden MBT II,1056
2085,Marsden MBT II (Primitive),762
2086,Marsden MBT II-A,1054
2087,Marsden MBT II-A (LB-X),1090
4598,Marsden MBT III,0
2088,Marshal MHL-2L,1313
6895,Marshal MHL-3MC,1714
7698,Marshal MHL-6FR,1429
2089,Marshal MHL-6MC,1467
2090,Marshal MHL-X1,1163
6313,Marten Scout VTOL,179
6314,Marten Scout VTOL (Infantry),107
4605,Masakari (Warhawk) (Tara),3428
2091,Masakari (Warhawk) A,2399
2092,Masakari (Warhawk) B,2320
2093,Masakari (Warhawk) C,2998
2094,Masakari (Warhawk) D,2474
2095,Masakari (Warhawk) E,2895
5491,Masakari (Warhawk) F,2775
8338,Masakari (Warhawk) G,2909
2096,Masakari (Warhawk) H,2601
8339,Masakari (Warhawk) I,3026
8340,Masakari (Warhawk) L,3695
2097,Masakari (Warhawk) Prime,3194
8337,Masakari (Warhawk) T,2938
7642,Masauwu,2299
8343,Mastodon A,2856
8344,Mastodon B,2793
8345,Mastodon C,3092
8346,Mastodon D,2961
8342,Mastodon Prime,3109
4608,Mastodon Transport,0
4607,Mastodon Transport (Armor),0
2098,Matador,2006
2099,Matador 2,1728
5848,Matar SAM-RS2,0
2100,Mauler MAL-1K,1622
9544,Mauler MAL-1KX,1678
9542,Mauler MAL-1PT5,1400
9543,Mauler MAL-1PT6,1270
2101,Mauler MAL-1R,1460
9545,Mauler MAL-1X-AFFC,1286
9546,Mauler MAL-1Y,1448
9547,Mauler MAL-2D,1737
5460,Mauler MAL-2R,1586
9548,Mauler MAL-3K,1622
2102,Mauler MAL-3R,1877
9580,Mauler MAL-4R,2050
5784,Mauler MAL-4X “Todesbote”,1904
2103,Mauler MAL-C,1473
2109,Maultier Hover APC,209
2104,Maultier Hover APC (BA),165
2105,Maultier Hover APC (Basic),197
2106,Maultier Hover APC (Fusion),301
2107,Maultier Hover APC (Intermediate),210
2108,Maultier Hover APC (MG),170
2113,Mauna Kea Command Vessel,872
2110,Mauna Kea Command Vessel (LB-X),932
2111,Mauna Kea Command Vessel (LRM),1005
2112,Mauna Kea Command Vessel (LRT),872
6762,Mauna Kea Command Vessel (Primitive),0
2115,Maxim (I) Heavy Hover Transport,770
2114,Maxim (I) Heavy Hover Transport (Company Command),851
2116,Maxim Flanker,781
2127,Maxim Heavy Hover Transport,764
2117,Maxim Heavy Hover Transport (3052 Upgrade),794
2118,Maxim Heavy Hover Transport (Anti-Infantry),715
2119,Maxim Heavy Hover Transport (BA Factory Upgrade),794
2120,Maxim Heavy Hover Transport (BA Field Upgrade),817
2121,Maxim Heavy Hover Transport (C3M),817
2122,Maxim Heavy Hover Transport (C3S),773
2123,Maxim Heavy Hover Transport (Clan),1147
9312,Maxim Heavy Hover Transport (Escort),835
2124,Maxim Heavy Hover Transport (Fire Support),869
2125,Maxim Heavy Hover Transport (SRM2),763
2126,Maxim Heavy Hover Transport (SRM4),682
2129,Maxim Mk II Transport,476
6787,Maxim Mk II Transport (ECM),483
2128,"Maxim Mk II Transport (Infantry Support) ""Shiloh""",828
4609,McKenna Battleship (2652),0
4610,McKenna Battleship (Clan),0
4611,Meabh Heavy Cruiser,0
2130,Mechanized Assault XCT,161
2131,Mechanized Field Artillery,67
7047,Mechanized Hover Level I (Flamer),0
7049,Mechanized Hover Level I (LRM),0
7050,Mechanized Hover Level I (MG),0
7046,"Mechanized Hover Level I (Rifle, Ballistic)",0
7048,"Mechanized Hover Level I (Rifle, Energy)",0
7051,Mechanized Hover Level I (SRM),0
7052,Mechanized Hover Platoon (FedCom) (Flamer),0
7054,Mechanized Hover Platoon (FedCom) (LRM),0
7055,Mechanized Hover Platoon (FedCom) (MG),0
7056,"Mechanized Hover Platoon (FedCom) (Rifle, Ballistic)",0
7053,"Mechanized Hover Platoon (FedCom) (Rifle, Energy)",0
7057,Mechanized Hover Platoon (FedCom) (SRM),0
2132,Mechanized Hover Platoon (Flamer),37
7059,Mechanized Hover Platoon (FS3067+) (Flamer),0
7061,Mechanized Hover Platoon (FS3067+) (LRM),0
7062,Mechanized Hover Platoon (FS3067+) (MG),0
7058,"Mechanized Hover Platoon (FS3067+) (Rifle, Ballistic)",0
7060,"Mechanized Hover Platoon (FS3067+) (Rifle, Energy)",0
7063,Mechanized Hover Platoon (FS3067+) (SRM),0
7065,Mechanized Hover Platoon (FW3035+) (Flamer),0
7067,Mechanized Hover Platoon (FW3035+) (LRM),0
7068,Mechanized Hover Platoon (FW3035+) (MG),0
7064,"Mechanized Hover Platoon (FW3035+) (Rifle, Ballistic)",0
7066,"Mechanized Hover Platoon (FW3035+) (Rifle, Energy)",0
7069,Mechanized Hover Platoon (FW3035+) (SRM),0
2134,Mechanized Hover Platoon (LRM),32
2135,Mechanized Hover Platoon (MG),45
4612,Mechanized Hover Platoon (Rifle AA),55
4613,Mechanized Hover Platoon (Rifle Minelayer),0
2136,"Mechanized Hover Platoon (Rifle, Ballistic)",47
2133,"Mechanized Hover Platoon (Rifle, Energy)",45
2137,Mechanized Hover Platoon (SRM),41
7234,"Mechanized Hover Platoon, Marian (Flamer)",0
7236,"Mechanized Hover Platoon, Marian (MG)",0
7232,"Mechanized Hover Platoon, Marian (Rifle, Ballistic)",0
7233,"Mechanized Hover Platoon, Marian (Rifle, Energy)",0
7237,"Mechanized Hover Platoon, Marian (SRM)",0
7239,"Mechanized Hover Platoon, Marian 3049+ (Flamer)",0
7242,"Mechanized Hover Platoon, Marian 3049+ (LRM)",0
7241,"Mechanized Hover Platoon, Marian 3049+ (MG)",0
7238,"Mechanized Hover Platoon, Marian 3049+ (Rifle, Ballistic)",0
7240,"Mechanized Hover Platoon, Marian 3049+ (Rifle, Energy)",0
7243,"Mechanized Hover Platoon, Marian 3049+ (SRM)",0
9290,"Mechanized Hover Platoon, Taurian (Flamer)",0
9294,"Mechanized Hover Platoon, Taurian (LRM)",0
9292,"Mechanized Hover Platoon, Taurian (MG)",0
9289,"Mechanized Hover Platoon, Taurian (Rifle, Ballistic)",0
9291,"Mechanized Hover Platoon, Taurian (Rifle, Energy)",0
9293,"Mechanized Hover Platoon, Taurian (SRM)",0
7070,Mechanized Tracked Level I (Flamer),0
7072,Mechanized Tracked Level I (LRM),0
7073,Mechanized Tracked Level I (MG),0
7074,"Mechanized Tracked Level I (Rifle, Ballistic)",0
7071,"Mechanized Tracked Level I (Rifle, Energy)",0
7075,Mechanized Tracked Level I (SRM),0
7076,Mechanized Tracked Platoon (FedCom) (Flamer),0
7078,Mechanized Tracked Platoon (FedCom) (LRM),0
7079,Mechanized Tracked Platoon (FedCom) (MG),0
7080,"Mechanized Tracked Platoon (FedCom) (Rifle, Ballistic)",0
7077,"Mechanized Tracked Platoon (FedCom) (Rifle, Energy)",0
7081,Mechanized Tracked Platoon (FedCom) (SRM),0
2138,Mechanized Tracked Platoon (Flamer),66
7082,Mechanized Tracked Platoon (FS3067+) (Flamer),0
7084,Mechanized Tracked Platoon (FS3067+) (LRM),0
7085,Mechanized Tracked Platoon (FS3067+) (MG),0
7086,"Mechanized Tracked Platoon (FS3067+) (Rifle, Ballistic)",0
7083,"Mechanized Tracked Platoon (FS3067+) (Rifle, Energy)",0
7087,Mechanized Tracked Platoon (FS3067+) (SRM),0
7088,Mechanized Tracked Platoon (FW3035+) (Flamer),0
7090,Mechanized Tracked Platoon (FW3035+) (LRM),0
7091,Mechanized Tracked Platoon (FW3035+) (MG),0
7092,"Mechanized Tracked Platoon (FW3035+) (Rifle, Ballistic)",0
7089,"Mechanized Tracked Platoon (FW3035+) (Rifle, Energy)",0
7093,Mechanized Tracked Platoon (FW3035+) (SRM),0
2140,Mechanized Tracked Platoon (LRM),62
2141,Mechanized Tracked Platoon (MG),75
4614,Mechanized Tracked Platoon (Rifle AA),87
4615,Mechanized Tracked Platoon (Rifle Minelayer),0
2142,"Mechanized Tracked Platoon (Rifle, Ballistic)",72
2139,"Mechanized Tracked Platoon (Rifle, Energy)",69
2143,Mechanized Tracked Platoon (SRM),69
7270,"Mechanized Tracked Platoon, Marian (Flamer)",0
7273,"Mechanized Tracked Platoon, Marian (MG)",0
7268,"Mechanized Tracked Platoon, Marian (Rifle, Ballistic)",0
7269,"Mechanized Tracked Platoon, Marian (Rifle, Energy)",0
7272,"Mechanized Tracked Platoon, Marian (SRM)",0
7275,"Mechanized Tracked Platoon, Marian 3049+ (Flamer)",0
7277,"Mechanized Tracked Platoon, Marian 3049+ (LRM)",0
7279,"Mechanized Tracked Platoon, Marian 3049+ (MG)",0
7274,"Mechanized Tracked Platoon, Marian 3049+ (Rifle, Ballistic)",0
7276,"Mechanized Tracked Platoon, Marian 3049+ (Rifle, Energy)",0
7278,"Mechanized Tracked Platoon, Marian 3049+ (SRM)",0
9296,"Mechanized Tracked Platoon, Taurian (Flamer)",0
9300,"Mechanized Tracked Platoon, Taurian (LRM)",0
9298,"Mechanized Tracked Platoon, Taurian (MG)",0
9295,"Mechanized Tracked Platoon, Taurian (Rifle, Ballistic)",0
9297,"Mechanized Tracked Platoon, Taurian (Rifle, Energy)",0
9299,"Mechanized Tracked Platoon, Taurian (SRM)",0
7094,Mechanized Wheeled Level I (Flamer),0
7096,Mechanized Wheeled Level I (LRM),0
7097,Mechanized Wheeled Level I (MG),0
7098,"Mechanized Wheeled Level I (Rifle, Ballistic)",0
7095,"Mechanized Wheeled Level I (Rifle, Energy)",0
7099,Mechanized Wheeled Level I (SRM),0
7100,Mechanized Wheeled Platoon (FedCom) (Flamer),0
7102,Mechanized Wheeled Platoon (FedCom) (LRM),0
7103,Mechanized Wheeled Platoon (FedCom) (MG),0
7104,"Mechanized Wheeled Platoon (FedCom) (Rifle, Ballistic)",0
7101,"Mechanized Wheeled Platoon (FedCom) (Rifle, Energy)",0
7105,Mechanized Wheeled Platoon (FedCom) (SRM),0
2144,Mechanized Wheeled Platoon (Flamer),50
7106,Mechanized Wheeled Platoon (FS3067+) (Flamer),0
7108,Mechanized Wheeled Platoon (FS3067+) (LRM),0
7109,Mechanized Wheeled Platoon (FS3067+) (MG),0
7110,"Mechanized Wheeled Platoon (FS3067+) (Rifle, Ballistic)",0
7107,"Mechanized Wheeled Platoon (FS3067+) (Rifle, Energy)",0
7111,Mechanized Wheeled Platoon (FS3067+) (SRM),0
7112,Mechanized Wheeled Platoon (FW3035+) (Flamer),0
7114,Mechanized Wheeled Platoon (FW3035+) (LRM),0
7115,Mechanized Wheeled Platoon (FW3035+) (MG),0
7116,"Mechanized Wheeled Platoon (FW3035+) (Rifle, Ballistic)",0
7113,"Mechanized Wheeled Platoon (FW3035+) (Rifle, Energy)",0
7117,Mechanized Wheeled Platoon (FW3035+) (SRM),0
2146,Mechanized Wheeled Platoon (LRM),46
2147,Mechanized Wheeled Platoon (MG),57
4616,Mechanized Wheeled Platoon (Rifle AA),68
4617,Mechanized Wheeled Platoon (Rifle Minelayer),0
2148,"Mechanized Wheeled Platoon (Rifle, Ballistic)",59
2145,"Mechanized Wheeled Platoon (Rifle, Energy)",56
2149,Mechanized Wheeled Platoon (SRM),52
7282,"Mechanized Wheeled Platoon, Marian (Flamer)",0
7285,"Mechanized Wheeled Platoon, Marian (MG)",0
7280,"Mechanized Wheeled Platoon, Marian (Rifle, Ballistic)",0
7281,"Mechanized Wheeled Platoon, Marian (Rifle, Energy)",0
7284,"Mechanized Wheeled Platoon, Marian (SRM)",0
7288,"Mechanized Wheeled Platoon, Marian 3049+ (Flamer)",0
7289,"Mechanized Wheeled Platoon, Marian 3049+ (LRM)",0
7291,"Mechanized Wheeled Platoon, Marian 3049+ (MG)",0
7286,"Mechanized Wheeled Platoon, Marian 3049+ (Rifle, Ballistic)",0
7287,"Mechanized Wheeled Platoon, Marian 3049+ (Rifle, Energy)",0
7290,"Mechanized Wheeled Platoon, Marian 3049+ (SRM)",0
9302,"Mechanized Wheeled Platoon, Taurian (Flamer)",0
9306,"Mechanized Wheeled Platoon, Taurian (LRM)",0
9304,"Mechanized Wheeled Platoon, Taurian (MG)",0
9301,"Mechanized Wheeled Platoon, Taurian (Rifle, Ballistic)",0
9303,"Mechanized Wheeled Platoon, Taurian (Rifle, Energy)",0
9305,"Mechanized Wheeled Platoon, Taurian (SRM)",0
2154,Mechbuster,368
2150,Mechbuster (Laser),316
2151,Mechbuster (LB-X),492
2152,Mechbuster (Mary),469
2153,Mechbuster (SRM),465
2155,Medium Strike Fighter Crane,274
2156,Medium Strike Fighter Defender,226
2157,Medium Strike Fighter Defender II,234
8013,Medium Strike Fighter Defender II C,376
2158,Medium Strike Fighter Kaiseradler (Imperial Eagle),186
2159,Medium Strike Fighter Steinadler (Golden Eagle),226
4618,Medium/Large Factory,0
2160,Men Shen MS1-O,1550
6981,Men Shen MS1-O (Li),1550
2161,Men Shen MS1-OA,1529
2162,Men Shen MS1-OB,1484
2163,Men Shen MS1-OC,1435
2164,Men Shen MS1-OD,1581
2165,Men Shen MS1-OE,1625
2166,Men Shen MS1-OF,1648
6894,Men Shen MS1-OG,2267
2167,Men Shen MS1-OU,1725
4621,Mercer (3065),18038
4623,Merchant JumpShip,0
4622,Merchant JumpShip (Clan),0
2173,Mercury II MCY-100,1376
2169,Mercury MCY-102,510
2170,Mercury MCY-104,683
8305,Mercury MCY-105,795
2171,Mercury MCY-97,466
4624,Mercury MCY-98,553
2172,Mercury MCY-99,586
4626,Merkava Heavy Tank (Target Drone),0
4627,Merkava Heavy Tank Mk II,0
2174,Merkava Heavy Tank Mk IX,1038
2175,Merkava Heavy Tank Mk VI,477
4628,Merkava Heavy Tank Mk VII,636
2176,Merkava Heavy Tank Mk VIII,879
4629,Merlin (3063),6989
9319,Merlin C,1870
2177,Merlin MLN-1A,1217
2178,Merlin MLN-1B,1228
2179,Merlin MLN-1B (Porter),1233
2180,Merlin MLN-1C,1267
9316,Merlin MLN-1D,1370
9317,Merlin MLN-1E,1369
9318,Merlin MLN-1P,1181
2181,Merlin MLN-SX,1181
2182,Merlin Ngake,6295
4631,Meteos Manned Dirigible 1,0
4632,Meteos Manned Dirigible 8,0
4633,Meteos Manned Dirigible 9,0
4634,Meteos Manned Dirigible 9 (Sightseeing),0
6656,MHI Amphibious APC,564
6670,MHI Defense AA Tank,1026
4636,MicroTitan MiningMech,0
2183,Minelayer Infantry,36
2184,Minesweeper Infantry,74
7473,Mingo,1290
7805,Minigun Cycle,18
7806,Minigun Cycle (SRM),18
4637,Mining Robot,0
4638,MiningMech MM-1,0
4639,MiningMech MM-1S,0
4640,Minion Advanced Tactical Vehicle,456
2185,"Minion Advanced Tactical Vehicle ""Silver Bullet""",560
5725,"Minion Advanced Tactical Vehicle (Gauss) ""Sandblaster""",512
4641,Minion Advanced Tactical Vehicle (TAG),456
4642,Minion Advanced Tactical Vehicle (Targeting Computer),508
2186,Minotaur,424
2187,Minotaur 2,168
2188,Minotaur 3,443
2189,Minotaur 4,188
4643,Minotaur P2,267
4644,Minotaur XP,276
5633,Minotaur Z,295
7640,Minsk,2028
7641,Minsk 2,2363
4645,Minsk MNK-101,2024
4646,Miraborg,0
2190,Missile Artillery Infantry,173
2191,MIT 23 MASH Vehicle,153
6753,MIT 24 MASH Vehicle,206
2193,Mithras Light Tank,670
2192,Mithras Light Tank (ERLL),750
2194,Mjolnir MLR-B2,670
2195,Mjolnir MLR-BX,612
2201,Mobile Headquarters,319
2196,Mobile Headquarters (ICE - LL),249
2197,Mobile Headquarters (ICE - LRM),387
2198,Mobile Headquarters (ICE),319
2199,Mobile Headquarters (LL),435
2200,Mobile Headquarters (LRM),402
2203,Mobile Long Tom Artillery Ammunition Carriage LT-MOB-25,152
2202,Mobile Long Tom Artillery LT-MOB-25,835
9365,Mobile Long Tom Artillery LT-MOB-25F,726
9366,Mobile Long Tom Artillery LT-MOB-25F (Ammunition  Loader Carriage),148
9367,Mobile Long Tom Artillery LT-MOB-25F (Ammunition Carriage),148
9368,Mobile Long Tom Artillery LT-MOB-25F (Drone Command Carriage),148
9369,Mobile Long Tom Artillery LT-MOB-25F (Support Carriage),148
4648,Mobile Long Tom Artillery LT-MOB-50,0
8044,Mobile Long Tom Artillery LT-MOB-95,1348
2204,Mobile Long Tom Artillery Support Carriage LT-MOB-25,152
4649,"Model 96 ""Elephant""",12887
4650,"Model 96 ""Elephant"" Mk I",10750
7149,Model 96C “Howdah” SDS Command Ship,10750
4652,Mole Mining Exoskeleton,0
3904,MoleRat Tracked Sub-Surface Miner,0
4653,Molniya Corvette,40030
2205,Moltke MBT M1,1355
2206,Moltke MBT M2,1363
2207,Moltke MBT M3,1438
4654,Monarch,0
7603,Mongoose C,1386
7604,Mongoose C 2,1620
7318,Mongoose Gunslinger MON-66GX,887
2216,Mongoose II MON-266,1085
2217,Mongoose II MON-267,1237
2218,Mongoose II MON-268,1215
2208,Mongoose MON-66,758
2209,Mongoose MON-66b,934
2210,Mongoose MON-67,741
4655,Mongoose MON-68,676
4656,Mongoose MON-69,737
2213,Mongoose MON-70,750
2214,Mongoose MON-76,894
2215,Mongoose MON-86,887
7724,Mongoose MON-96,1011
6618,Mongrel MGL-T1,1860
6619,Mongrel MGL-T2,1949
5859,Monitor,0
2219,Monitor Naval Vessel,799
7804,Monocycle,74
4658,Monolith JumpShip,0
4657,Monolith JumpShip (Clan),0
4660,Monsoon Battleship,0
4659,Monsoon Battleship (Lithium-Fusion),0
4661,Monza Light Cruise Liner 102,0
4663,Moray Heavy Attack Submarine,0
4662,Moray Heavy Attack Submarine (Original),0
4664,Moray Railcar (Cargo 1),0
4665,Moray Railcar (Cargo 2),0
4666,Moray Railcar (Passenger),0
4667,Moray Transfer Monorail,0
2220,Morgenstern MR-1S,1658
2221,Morgenstern MR-1SA,2012
2222,Morgenstern MR-1SB,1967
2223,Morgenstern MR-1SC,1863
2224,Morgenstern MR-1SD,1722
6812,Morgenstern MR-1SE,1840
4671,Morningstar City Command Vehicle,736
4669,Morningstar City Command Vehicle (Company Command),680
5733,Morningstar City Command Vehicle (HPG),458
4670,Morningstar City Command Vehicle (Laser),940
4672,"Morpheus ""L'Morte II""",0
2225,Morpheus MR-P1,1340
2226,Morpheus MRP-3S,1437
2227,Morpheus MRP-3T,1925
2228,Morpheus MRP-3W,1299
2231,Morrigan,1523
2229,Morrigan 2,1874
2230,Morrigan 3,1390
6927,Morrigan 4,2063
6926,Morrigan 5,1904
4674,Morrigu Fire Support Vehicle,1685
5738,Morrigu Fire Support Vehicle (HAG),2059
4673,Morrigu Fire Support Vehicle (Laser),1324
6793,Mortar Carrier,517
6466,Mortis MS-1A,1834
6467,Mortis MS-1P,2198
5591,Mosquito Light Fighter,0
4675,Mosquito Radar Plane I,0
4676,Mosquito Radar Plane IX,0
5519,Mosquito Tower,0
8409,Motorized Field Artillery (Sniper),0
2232,Motorized Heavy Infantry,91
2233,Motorized Infantry,80
7119,Motorized Level I (1/2) (Flamer),0
7121,Motorized Level I (1/2) (LRM),0
7122,Motorized Level I (1/2) (MG),0
7118,"Motorized Level I (1/2) (Rifle, Ballistic)",0
7120,"Motorized Level I (1/2) (Rifle, Energy)",0
7123,Motorized Level I (1/2) (SRM),0
2234,Motorized MG,83
7126,Motorized Platoon (FedCom) (Flamer),0
7128,Motorized Platoon (FedCom) (LRM),0
7129,Motorized Platoon (FedCom) (MG),0
7125,"Motorized Platoon (FedCom) (Rifle, Ballistic)",0
7127,"Motorized Platoon (FedCom) (Rifle, Energy)",0
7130,Motorized Platoon (FedCom) (SRM),0
2235,Motorized Platoon (Flamer),71
7132,Motorized Platoon (FS3067+) (Flamer),0
7134,Motorized Platoon (FS3067+) (LRM),0
7135,Motorized Platoon (FS3067+) (MG),0
7131,"Motorized Platoon (FS3067+) (Rifle, Ballistic)",0
7133,"Motorized Platoon (FS3067+) (Rifle, Energy)",0
7136,Motorized Platoon (FS3067+) (SRM),0
7138,Motorized Platoon (FW3035+) (Flamer),0
7140,Motorized Platoon (FW3035+) (LRM),0
7141,Motorized Platoon (FW3035+) (MG),0
7137,"Motorized Platoon (FW3035+) (Rifle, Ballistic)",0
7139,"Motorized Platoon (FW3035+) (Rifle, Energy)",0
7142,Motorized Platoon (FW3035+) (SRM),0
4677,Motorized Platoon (Gauss),0
2237,Motorized Platoon (LRM),72
2238,Motorized Platoon (MG),83
4678,Motorized Platoon (Rifle AA),101
4679,Motorized Platoon (Rifle Minelayer),0
7124,"Motorized Platoon (Rifle, Ballistic)",92
2236,"Motorized Platoon (Rifle, Energy)",86
2240,Motorized Platoon (SRM),79
7258,"Motorized Platoon, Marian (1/4) (Flamer)",0
7261,"Motorized Platoon, Marian (1/4) (MG)",0
7256,"Motorized Platoon, Marian (1/4) (Rifle, Ballistic)",0
7257,"Motorized Platoon, Marian (1/4) (Rifle, Energy)",0
7260,"Motorized Platoon, Marian (1/4) (SRM)",0
7264,"Motorized Platoon, Marian 3049+ (1/4) (Flamers)",0
7265,"Motorized Platoon, Marian 3049+ (1/4) (LRM)",0
7267,"Motorized Platoon, Marian 3049+ (1/4) (MG)",0
7262,"Motorized Platoon, Marian 3049+ (1/4) (Rifle, Ballistic)",0
7263,"Motorized Platoon, Marian 3049+ (1/4) (Rifle, Energy)",0
7266,"Motorized Platoon, Marian 3049+ (1/4) (SRM)",0
9282,"Motorized Platoon, Taurian (Flamer)",79
9284,"Motorized Platoon, Taurian (LRM)",97
9285,"Motorized Platoon, Taurian (MG)",88
9286,"Motorized Platoon, Taurian (Rifle, Ballistic)",98
9283,"Motorized Platoon, Taurian (Rifle, Energy)",92
9287,"Motorized Platoon, Taurian (SRM)",94
2241,Motorized XCT Infantry,85
2242,Mountaineer Infantry,81
2243,MRM Carrier,779
4220,MuckRaker GMMM-2 MiningMech,709
7827,MuckRaker GMMM-2M MiningMech MOD,1001
7828,MuckRaker GMMM-2M-B MiningMech MOD,815
4684,Mule,0
4685,"Mule Armored ""Pocket WarShip""",0
5496,Mule Bounty Hunter,0
4686,"Mule Star League ""Pocket WarShip""",10330
5852,MUSE Ironhorse (Tractor),7269
5853,MUSE Ironhorse (Trailer),7336
4688,Musketeer Hover Tank,1120
5731,Musketeer Hover Tank (3080 Upgrade),1114
4687,Musketeer Hover Tank (Armor),897
7192,Mustang Fighter,661
2245,Myrmidon Medium Tank,815
4689,Myrmidon Medium Tank (Anti-Infantry),749
4690,Myrmidon Medium Tank P (Tate),780
2246,Myrmidon Medium Tank Type 2,984
4680,Mótuö Chë Shang No.2,0
4681,Mówáng-class Courier,0
5790,Mówáng-class Courier (Clandestine),272
4620,Mĕngqín MNG-8L,2298
6244,Nacon Armored Scout,690
2247,Naga A,1988
2248,Naga B,2021
2249,Naga C,1805
2250,Naga D,1860
4693,Naga Destroyer,0
9323,Naga II A,2160
9324,Naga II B,2347
9325,Naga II C,2177
9326,Naga II H,2284
9322,Naga II Prime,1840
9327,Naga II W,2655
2251,Naga Prime,1840
9578,Naga T,1885
6580,Nagasawa DropShip,22644
2252,Naginata NG-C3A,1954
2253,Naginata NG-C3Ar,1879
2254,Naginata NG-C3B,1943
2255,Naginata NG-C3C,2131
4695,NAIS Power Suit,0
7621,Naja,1880
7622,Naja KTO-19b-EC,1557
6990,Narukami Destroyer (Block I),130988
6991,Narukami Destroyer (Block II),134418
6388,Narukami Heavy Tank NK-1C,1719
6389,Narukami Heavy Tank NK-BC3,1859
6513,Neanderthal NTL-AG,2024
6514,Neanderthal NTL-UG,1817
4699,Nekohono'o,31231
4698,Nekohono'o (HQ),37581
4700,Nephilim Assault Battle Armor (Capture Team) [HMG] (Sqd4),383
8645,Nephilim Assault Battle Armor (Capture Team) [HMG] (Sqd5),516
9009,Nephilim Assault Battle Armor (Capture Team) [HMG] (Sqd6),663
4702,Nephilim Assault Battle Armor (Gauss) (Sqd4),424
8646,Nephilim Assault Battle Armor (Gauss) (Sqd5),570
9010,Nephilim Assault Battle Armor (Gauss) (Sqd6),733
4703,Nephilim Assault Battle Armor (Narc) (Sqd4),410
8647,Nephilim Assault Battle Armor (Narc) (Sqd5),522
9011,Nephilim Assault Battle Armor (Narc) (Sqd6),710
4704,Nephilim Assault Battle Armor (Seeker) [MG] (Sqd4),425
8648,Nephilim Assault Battle Armor (Seeker) [MG] (Sqd5),572
9012,Nephilim Assault Battle Armor (Seeker) [MG] (Sqd6),736
4706,Nephilim Assault Battle Armor (Support) (Sqd4),363
8649,Nephilim Assault Battle Armor (Support) (Sqd5),488
9013,Nephilim Assault Battle Armor (Support) (Sqd6),628
4707,Nephilim Assault Battle Armor [Plasma] (Sqd4),336
8650,Nephilim Assault Battle Armor [Plasma] (Sqd5),493
9014,Nephilim Assault Battle Armor [Plasma] (Sqd6),634
5851,Neptune Hyper,0
4711,Neptune Submarine,963
2258,Neptune Submarine (Hunter-Killer),948
4709,Neptune Submarine (LRT),1104
4710,Neptune Submarine (SRT),1337
4712,New Syrtis Carrier (2557),84483
4714,Newgrange III YardShip,0
4713,"Newgrange III YardShip ""Eyrines""",0
2261,Nexus II NXS2-A,702
2262,Nexus II NXS2-B,717
2259,Nexus NXS1-A,643
2260,Nexus NXS1-B,715
8412,Nexus NXS1-C,804
4716,Nifty Transportable Field Repair Unit,226
9233,Night Chanter A,1604
9232,Night Chanter Prime,1645
2263,Night Gyr A,2680
2264,Night Gyr B,2140
2265,Night Gyr C,2468
2266,Night Gyr D,2889
2267,Night Gyr E,2717
2268,Night Gyr F,2958
8399,Night Gyr G,3069
2269,Night Gyr H,2428
2270,Night Gyr Prime,2830
8398,Night Gyr T,2767
8400,Night Gyr X,2781
7924,Night Hawk NTK-2P,0
2271,Night Hawk NTK-2Q,997
7676,Night Hawk NTK-2Q-EC,1041
2272,Night Hawk NTK-2S,1017
6718,Night Stalker NSR-K1,1149
6674,Night Stalker NSR-K3,1028
6719,Night Stalker NSR-K4,1159
6720,Night Stalker NSR-K7,857
6721,Night Stalker NSR-KC,1037
2273,Night Wolf,2878
4718,Nighthawk PA(L) Mk. XXI (Sqd4),55
8651,Nighthawk PA(L) Mk. XXI (Sqd5),74
9015,Nighthawk PA(L) Mk. XXI (Sqd6),95
4719,Nighthawk PA(L) Mk. XXII (Sqd4),63
8652,Nighthawk PA(L) Mk. XXII (Sqd5),85
9016,Nighthawk PA(L) Mk. XXII (Sqd6),109
4721,Nighthawk PA(L) Mk. XXX (Bounty Hunter) (Sqd4),37
8654,Nighthawk PA(L) Mk. XXX (Bounty Hunter) (Sqd5),50
9018,Nighthawk PA(L) Mk. XXX (Bounty Hunter) (Sqd6),65
4720,Nighthawk PA(L) Mk. XXX (Sqd4),47
8653,Nighthawk PA(L) Mk. XXX (Sqd5),63
9017,Nighthawk PA(L) Mk. XXX (Sqd6),81
4722,Nightlord Battleship,0
2278,Nightshade ECM VTOL,367
2274,Nightshade ECM VTOL (Armor),344
2275,Nightshade ECM VTOL (LAC),325
2276,Nightshade ECM VTOL (Light PPC),490
2277,Nightshade ECM VTOL (Royal),631
2279,Nightsky NGS-4S,1159
2280,Nightsky NGS-4T,1287
2281,Nightsky NGS-5S,1045
2282,Nightsky NGS-5T,1356
2283,Nightsky NGS-6S,1474
2284,Nightsky NGS-6T,1462
9352,Nightsky NGS-7S,1591
7539,Nightstar NSR-10D,2539
2285,Nightstar NSR-9FC,1929
2286,Nightstar NSR-9J,2399
4723,Nightstar NSR-9J (Brubaker),2838
7619,Nightstar NSR-9J (Holt),3433
2287,Nightstar NSR-9SS,2145
4724,Nightwing Surveillance,0
4725,Nike Air Defense Platform,688
4726,Ninja-To NJT-2,1527
4727,Ninja-To NJT-3,1605
5687,Ninja-To NJT-4,1762
2288,Nishikigoi Support Aircraft,1524
6438,Nisos Attack WiGE,1090
6439,Nisos Attack WiGE (Support),1010
4730,No-Dachi NDA-1K,1708
8215,No-Dachi NDA-1KC,0
4732,No-Dachi NDA-2K,1739
2297,No-Dachi NDA-2KC,1705
4733,No-Dachi NDA-2KO,1728
5692,No-Dachi NDA-3S,1706
2298,No-Dachi NDA-3X,2609
2289,Nobori-nin (Huntsman) A,2034
2290,Nobori-nin (Huntsman) B,2156
2291,Nobori-nin (Huntsman) C,2199
2292,Nobori-nin (Huntsman) D,2007
7782,Nobori-nin (Huntsman) E,2104
6904,Nobori-nin (Huntsman) F,2367
7783,Nobori-nin (Huntsman) G,2377
2294,Nobori-nin (Huntsman) H,2495
7784,Nobori-nin (Huntsman) I,2277
2295,Nobori-nin (Huntsman) N,2556
2296,Nobori-nin (Huntsman) Prime,2108
7781,Nobori-nin (Huntsman) T,2105
4734,Norman Utility Truck,0
4735,Noruff,0
7371,Notos A,1469
7372,Notos B,1788
7373,Notos C,1572
7374,Notos D,1777
7370,Notos Prime,2139
2299,Nova Cat A,2629
2300,Nova Cat B,2492
2301,Nova Cat C,1944
2302,Nova Cat D,2084
2303,Nova Cat E,2191
2304,Nova Cat F,2706
2305,Nova Cat G,2522
6869,Nova Cat H,2452
6870,Nova Cat I,2918
8422,Nova Cat M,2024
2306,Nova Cat Prime,2530
8421,Nova Cat T,2855
4737,Nuberu Anti-Aircraft Tank,1100
4738,"Nuberu Anti-Aircraft Tank 2 ""Numantia""",0
6937,Nyx NX-100,917
6936,Nyx NX-110,805
2307,Nyx NX-80,924
2308,Nyx NX-80C,874
2309,Nyx NX-90,613
4743,O'Keefre Land Train Model II,0
2310,O-Bakemono OBK-M10,1659
2311,O-Bakemono OBK-M11,1793
2312,O-Bakemono OBK-M12,1732
7771,Obuzaabaa Tactical Vehicle,0
2313,Ocelot,1439
2314,Ocelot 2,1734
2315,Ocelot 3,1594
6925,Ocelot 4,1468
2317,Odin Scout Tank,691
2316,Odin Scout Tank (Spotter),338
4741,Odyssey JumpShip,0
4742,Ogotai A,1551
7657,Ogotai B,1817
7656,Ogotai Prime,1665
6482,Ogre Battle Armor (Interdictor) (Sqd4),341
6481,Ogre Battle Armor (Sqd4),280
4745,Olympus Recharge Station,0
7997,Omega SHP-5R,2753
4746,Omega SHP-X4,3001
2318,Omen,2750
6853,Omen 2,2380
7611,Omni-Corvis A,1977
7612,Omni-Corvis B,1640
7610,Omni-Corvis Prime,1678
8110,OmniMarauder MAD-BR-O,2836
8111,OmniMarauder MAD-BR-OA,2127
2319,Onager,2732
6847,Onager 2,2847
6368,Oni Battle Armor [Bearhunter] (Sqd4),267
8740,Oni Battle Armor [Bearhunter] (Sqd5),359
9103,Oni Battle Armor [Bearhunter] (Sqd6),462
6365,Oni Battle Armor [MRR] (Sqd4),387
8737,Oni Battle Armor [MRR] (Sqd5),521
9100,Oni Battle Armor [MRR] (Sqd6),670
6367,Oni Battle Armor [Narc] (Sqd4),299
8739,Oni Battle Armor [Narc] (Sqd5),402
9102,Oni Battle Armor [Narc] (Sqd6),517
6366,Oni Battle Armor [PPC] (Sqd4),347
8738,Oni Battle Armor [PPC] (Sqd5),467
9101,Oni Battle Armor [PPC] (Sqd6),601
4747,Oni ON-1,1332
5752,Oni ON-2,1597
2320,Oni ON-2X,1733
2321,Onslaught SA-OS,1562
2322,Onslaught SA-OS2,1693
2323,Onslaught SA-OS3,1659
2331,Ontos Heavy Tank,938
2325,Ontos Heavy Tank (3053 Upgrade),1242
9400,Ontos Heavy Tank (Chemical Laser),1572
2326,Ontos Heavy Tank (Fusion),1287
2327,Ontos Heavy Tank (Light Gauss),1269
2328,Ontos Heavy Tank (LRM),1164
2329,Ontos Heavy Tank (MML),1268
2330,Ontos Heavy Tank (Sealed),1156
4748,Ontos Heavy Tank HEAT,1173
4749,Ontos Heavy Tank X All-Aspect Assault Tank,1031
9418,Onuris Attack VTOL A,1624
9419,Onuris Attack VTOL B,1744
9420,Onuris Attack VTOL C,1131
9421,Onuris Attack VTOL D,1349
9422,Onuris Attack VTOL E,1676
9417,Onuris Attack VTOL Prime,1551
6426,Oo-Suzumebachi,1750
7847,Opossum OPO-2 SalvageMech,240
7848,Opossum OPO-3 SalvageMech MOD,239
4750,Orc,182
4751,Orc 2,170
4752,Orc 3,168
4753,Orc 4,138
7356,Orca OC-1X,3357
4754,Ore Processing Facility (Dragon's Breath Multiple Capital Launch System),250
7998,Orion C,2343
8317,Orion C 2,2026
2340,Orion IIC,2392
7403,Orion IIC (Burton),2746
4755,Orion ON1-C,973
7405,Orion ON1-H,1307
2332,Orion ON1-K,1429
2333,Orion ON1-K (Kerensky),1821
8278,Orion ON1-K (Muller),0
2334,Orion ON1-M,1414
4760,Orion ON1-M-DC,1444
4756,Orion ON1-MA,1501
4757,Orion ON1-MB,1472
4758,Orion ON1-MC,1501
4759,Orion ON1-MD,1597
2335,Orion ON1-V,1298
2337,Orion ON1-V-DC,1310
2336,Orion ON1-VA,1328
2338,Orion ON2-M,1828
4761,Orion ON3-M,1826
2339,Orion ON3-MX,1849
2342,Oro Heavy Tank,1116
4762,Oro Heavy Tank (AC),0
2341,Oro Heavy Tank (HAG),1492
2343,Orochi OR-2I,2077
7999,Orochi OR-3K,2029
4763,Osiris OSR-3D,1138
4764,Osiris OSR-4D,1230
5660,Osiris OSR-5D,1226
2344,Osprey OSP-15,1564
2345,Osprey OSP-25,1630
2346,Osprey OSP-26,1541
2347,Osprey OSP-26 (Lawrence),1461
7377,Osprey OSP-36,1532
5830,Osteon (Jaguar),2528
4766,Osteon A,2291
5823,Osteon B,2625
5824,Osteon C,3139
5825,Osteon D,2587
5826,Osteon E,2762
5827,Osteon F,2716
5828,Osteon G,2388
4767,Osteon Prime,3073
5829,Osteon U,2647
2348,Ostroc OSR-2C,1228
2349,Ostroc OSR-2C (Michi),1321
2350,Ostroc OSR-2Cb,1478
2351,Ostroc OSR-2D,1396
2352,Ostroc OSR-2L,1233
2353,Ostroc OSR-2M,1239
2354,Ostroc OSR-3C,1288
8354,Ostroc OSR-3M,1594
2355,Ostroc OSR-4C,1325
2356,Ostroc OSR-4K,1490
2357,Ostroc OSR-4L,1778
2358,Ostroc OSR-5C,1788
2359,Ostroc OSR-5W,1655
8355,Ostroc OSR-6R,2095
8356,Ostroc OSR-9C,1230
2360,Ostrogoth A,3265
2361,Ostrogoth B,3171
2362,Ostrogoth C,2973
6810,Ostrogoth D,3168
2363,Ostrogoth Prime,3720
5844,Ostscout IIC,520
2364,Ostscout OTT-10CS,862
2365,Ostscout OTT-11J,908
7452,Ostscout OTT-12R,1209
2366,Ostscout OTT-7J,596
2367,Ostscout OTT-7Jb,610
2368,Ostscout OTT-7K,484
7451,Ostscout OTT-8J,894
2369,Ostscout OTT-9CS,930
2370,Ostscout OTT-9S,855
8163,Ostsol C,2277
2371,Ostsol OTL-4D,1277
8287,Ostsol OTL-4D (Ragnar),1308
8288,Ostsol OTL-4D (Woo),0
2372,Ostsol OTL-4F,1264
2373,Ostsol OTL-5D,1333
2374,Ostsol OTL-5M,1245
8283,Ostsol OTL-5M (Maki),0
2375,Ostsol OTL-6D,1880
2376,Ostsol OTL-7M,1581
2377,Ostsol OTL-8D,1462
8172,Ostsol OTL-8E,1552
8162,Ostsol OTL-8E3,1671
8173,Ostsol OTL-8F,1698
2378,Ostsol OTL-8M,1733
2379,Ostsol OTL-9M,1871
2380,Ostsol OTL-9R,1654
4769,Ostwar OWR-2M,1205
2382,Ostwar OWR-2Mb,1638
2383,Ostwar OWR-3M,1557
531,Otomo Ceremonial Guard,59
4770,Outpost (3063),12346
5764,Outpost (3070),13151
4771,Outpost Defender,15825
7631,Outrider,5
4772,Overlord (2762),0
4773,Overlord (3056),0
4774,Overlord (Command),0
4775,Overlord (Vehicle),0
4776,Overlord A3,24600
4777,Overlord C,0
5650,Overlord C (Original),0
2384,Owens OW-1,839
2385,Owens OW-1A,680
2386,Owens OW-1B,752
2387,Owens OW-1C,964
2388,Owens OW-1D,655
2389,Owens OW-1E,833
2390,Owens OW-1F,933
6924,Owens OW-1G,1761
2391,Owens OW-1R,1215
4779,PAB-27 Exoskeleton,0
4780,Pacifier CCU-36 SecurityMech,299
7824,Pacifier CCU-40 SecurityMech,356
2392,Pack Hunter,1369
4781,Pack Hunter (Zane),0
2393,Pack Hunter 2,1598
2394,Pack Hunter 3,1747
2395,Pack Hunter 4,1257
7440,Pack Hunter 5,1644
2396,Pack Hunter II,1794
5540,Pack Hunter II (Isis),1276
2397,Pack Hunter II 2,1457
2398,Pack Hunter II 3,1438
6935,Pack Hunter II 4,1447
5606,"Packrat LRPV ""Gespenst""",397
2399,Packrat LRPV PKR-T5,344
2400,Packrat LRPV PKR-T5 (ICE),294
2401,Packrat LRPV PKR-T5 (ML),501
4782,Packrat LRPV PKR-T5 (Mobile TacOps),0
2402,Packrat LRPV PKR-T5 (SRM2),263
7386,Padilla Anti-Missile Tank,1155
2404,Padilla Heavy Artillery Tank,1135
2403,Padilla Heavy Artillery Tank (LRM),1113
2406,Padilla Tube Artillery Tank,592
8045,Padilla Tube Artillery Tank (AMS),692
2405,Padilla Tube Artillery Tank (LTC),985
2407,Padilla Tube Artillery Tank (Thumper),690
6328,Paladin Defense System,1624
2408,Paladin PAL-1,1361
2409,Paladin PAL-2,1617
2410,Paladin PAL-3,1370
2411,Palmoni Assault Infantry Fighting Vehicle,1116
4783,Pandarus LFA-1A,1589
2412,Pandarus LFA-1X,1486
2415,Pandion Combat WiGE,658
8046,Pandion Combat WiGE (3135 Upgrade),686
8047,Pandion Combat WiGE (3140 Upgrade),577
2413,Pandion Combat WiGE (C3),373
2414,Pandion Combat WiGE (Infantry),507
5865,Panther PNT-10ALAG,0
2416,Panther PNT-10K,838
2417,Panther PNT-10K2,913
4785,Panther PNT-10KA,797
2418,Panther PNT-12A,982
2419,Panther PNT-12K,930
2420,Panther PNT-12K2,930
6923,Panther PNT-12KC,1036
2421,Panther PNT-13K,996
8222,Panther PNT-14R,1291
2422,Panther PNT-14S,825
2423,Panther PNT-16K,988
2424,Panther PNT-8Z,741
7417,Panther PNT-9ALAG,804
2425,Panther PNT-9R,769
4786,Panther PNT-9R (Darwin),0
4787,Panther PNT-9R (Tanaka),759
2426,Panther PNT-C,833
5443,Panther PNT-CA,787
8298,Panther PNT-CM,726
4789,Paramour Mobile Repair Vehicle,226
4788,Paramour Mobile Repair Vehicle (Mobile Field Base),226
2428,Parash,1300
2427,Parash 2,1523
7375,Parash 3,1753
5019,Pariah (Septicemia) A,1935
5812,Pariah (Septicemia) A-Z,2388
5020,Pariah (Septicemia) B,2310
5813,Pariah (Septicemia) B-Z,2349
5021,Pariah (Septicemia) C,2227
5814,Pariah (Septicemia) C-Z,2264
5022,Pariah (Septicemia) D,2718
5815,Pariah (Septicemia) D-Z,2704
5023,Pariah (Septicemia) E,2950
5816,Pariah (Septicemia) F,1586
5024,Pariah (Septicemia) Prime,2511
5817,Pariah (Septicemia) US,2308
5818,Pariah (Septicemia) UW,1913
5819,Pariah (Septicemia) Z,2072
6494,Partisan AA Vehicle,597
6495,Partisan AA Vehicle (3134 Upgrade),553
2440,Partisan Air Defense Tank,923
2434,Partisan Air Defense Tank (Cell),980
2435,Partisan Air Defense Tank (Company Command),920
2436,Partisan Air Defense Tank (Lance Command),836
2437,Partisan Air Defense Tank (LRM),1303
2438,Partisan Air Defense Tank (Quad RAC),1296
2439,Partisan Air Defense Tank (RAC),1247
2441,Partisan Air Defense Tank (XL),1110
2445,Partisan Heavy Tank,673
2442,Partisan Heavy Tank (AC2),580
2443,Partisan Heavy Tank (C3),662
9566,Partisan Heavy Tank (Cell),992
9567,Partisan Heavy Tank (ELRM),1156
9568,Partisan Heavy Tank (Light Gauss),968
2444,Partisan Heavy Tank (LRM),1021
9569,Partisan Heavy Tank (Refit),835
2446,Partisan Hull Defense,1113
4790,Pathfinder PFF-2,452
4791,Pathfinder PFF-2T,0
2447,Patriot PKM-2C,1613
2448,Patriot PKM-2D,1699
2449,Patriot PKM-2E,1443
4792,Patron PTN LoaderMech,97
4793,Patron PTN-1 LoaderMech,107
4794,Patron PTN-2 MilitiaMech,143
4795,Patron PTN-2M PatrolMech,154
2450,Patton Tank,961
9343,Patton Tank (Taurian),1213
2451,Patton Tank (Ultra),1160
9344,Patton Tank (XL),1278
5569,Patton Tank -SB,1468
7159,Peacekeeper PK-6 SecurityMech,422
2452,Peacekeeper PKP-1A,2824
2453,Peacekeeper PKP-1B,2981
6836,Peacekeeper PKP-2K,2863
4796,Peacekeeper SWAT Carrier,0
7173,Peacemaker PM-6 PoliceMech,426
3833,Pegasus Passenger VTOL,0
2461,Pegasus Scout Hover Tank,640
2455,Pegasus Scout Hover Tank (3058 Upgrade),706
2456,Pegasus Scout Hover Tank (C3),787
4797,Pegasus Scout Hover Tank (MG),0
2457,Pegasus Scout Hover Tank (Missile),678
9254,Pegasus Scout Hover Tank (MML),906
2458,Pegasus Scout Hover Tank (MRM),781
2459,Pegasus Scout Hover Tank (Sealed),618
2460,Pegasus Scout Hover Tank (Sensors),571
2462,Pegasus Scout Hover Tank (Unarmed),317
4798,Pegasus Scout Hover Tank (X-Pulse),1119
2463,Pegasus Scout Hover Tank X,1119
7655,Pella,1793
4799,Pendragon PDG-1R,2151
2464,Pendragon PDG-1X MUSE RED,2230
4800,Pendragon PDG-2R,0
8000,Pendragon PDG-3R,1991
2465,Penetrator PTR-4D,1687
4801,Penetrator PTR-4D (Christifori),0
2466,Penetrator PTR-4F,1564
2467,Penetrator PTR-6M,1639
2468,Penetrator PTR-6S,1689
2469,Penetrator PTR-6T,1994
8001,Penetrator PTR-7D,2102
9353,Penetrator PTR-8D,2130
4803,Pentagon,12402
7339,Pentagon (2751),12938
4804,Pentagon Mk I,10011
2470,Penthesilea PEN-2H,1899
2471,Penthesilea PEN-2MAF,1834
7347,Penthesilea PEN-3H,1666
2472,Peregrine (Horned Owl),1434
2473,Peregrine (Horned Owl) 2,1191
2474,Peregrine (Horned Owl) 3,1545
2475,Peregrine (Horned Owl) 4,1198
2476,Peregrine (Horned Owl) 5,1523
7748,Peregrine (Horned Owl) 6,1475
7749,Peregrine (Horned Owl) 7,1725
2479,Peregrine Attack VTOL,344
2477,Peregrine Attack VTOL (Cargo),88
2478,Peregrine Attack VTOL (Kurita),564
4805,Peregrine WarShip,39812
4806,Persepolis,2323
7358,Persepolis 2,2989
4807,Perseus P1,1713
4809,Perseus P1A,1661
4810,Perseus P1B,1776
4811,Perseus P1C,1644
4812,Perseus P1D,1714
5697,Perseus P1E,1658
5698,Perseus P1P,1777
5699,Perseus P1W,1864
4813,Phalanx Battle Armor A (Sqd4),292
8655,Phalanx Battle Armor A (Sqd5),392
9019,Phalanx Battle Armor A (Sqd6),505
4814,Phalanx Battle Armor B (Sqd4),319
8656,Phalanx Battle Armor B (Sqd5),429
9020,Phalanx Battle Armor B (Sqd6),551
4815,Phalanx Battle Armor C (Sqd4),243
9021,Phalanx Battle Armor C (Sqd6),420
6733,Phalanx Battle Armor D (Sqd4),324
4816,Phalanx Support Tank,533
2480,Phalanx Support Tank (Prototype),461
2481,Phantom A,1410
2482,Phantom B,1096
2483,Phantom C,1590
2484,Phantom D,1581
2485,Phantom E,975
4818,Phantom F,1375
9346,Phantom G,975
2486,Phantom H,1178
9347,Phantom I,1713
9348,Phantom J,1902
9349,Phantom K,1387
9350,Phantom L,1178
2487,Phantom Prime,1159
9351,Phantom R,1365
9345,Phantom T,1138
7752,Phoenix Hawk C,1396
7753,Phoenix Hawk C 2,2187
2511,Phoenix Hawk IIC,2057
8197,Phoenix Hawk IIC 10,2762
2512,Phoenix Hawk IIC 2,2892
2513,Phoenix Hawk IIC 3,2448
2514,Phoenix Hawk IIC 4,2483
2515,Phoenix Hawk IIC 5,2350
2516,Phoenix Hawk IIC 6,2490
2517,Phoenix Hawk IIC 7,2219
2518,Phoenix Hawk IIC 8,2881
8196,Phoenix Hawk IIC 9,2469
6390,"Phoenix Hawk L ""Fenikkusu Taka"" PXH-11K",1563
6391,"Phoenix Hawk L ""Fenikkusu Taka"" PXH-11K2",1233
4820,Phoenix Hawk LAM C,0
4824,Phoenix Hawk LAM Mk I PHX-HK1,0
4825,Phoenix Hawk LAM Mk I PHX-HK1R,0
4821,Phoenix Hawk LAM PHX-HK1RB,0
4822,Phoenix Hawk LAM PHX-HK2,1555
4823,Phoenix Hawk LAM PHX-HK2M,0
2491,Phoenix Hawk PXH-1,1041
4819,Phoenix Hawk PXH-1 Upgraded,0
7678,Phoenix Hawk PXH-1-EC,1206
2492,"Phoenix Hawk PXH-1b ""Special""",1512
7602,Phoenix Hawk PXH-1bC,1174
2493,"Phoenix Hawk PXH-1c ""Special""",1443
2494,Phoenix Hawk PXH-1D,1083
2495,Phoenix Hawk PXH-1K,1073
5872,Phoenix Hawk PXH-1Kk,0
2496,Phoenix Hawk PXH-2,1145
2497,Phoenix Hawk PXH-2K,1271
7760,Phoenix Hawk PXH-3D,1315
7699,Phoenix Hawk PXH-3D (Jiemin),1322
2498,Phoenix Hawk PXH-3K,1359
2499,Phoenix Hawk PXH-3M,1307
2500,Phoenix Hawk PXH-3M (Masters),1154
2501,Phoenix Hawk PXH-3PL,1244
2502,Phoenix Hawk PXH-3S,1237
2503,Phoenix Hawk PXH-4L,1282
5807,Phoenix Hawk PXH-4L (Sante),1442
7750,Phoenix Hawk PXH-4M,1327
2504,Phoenix Hawk PXH-4W,1395
2505,Phoenix Hawk PXH-5L,1530
2506,Phoenix Hawk PXH-6D,1665
2507,Phoenix Hawk PXH-7CS,1281
2508,Phoenix Hawk PXH-7K,1241
8372,"Phoenix Hawk PXH-7KJ ""Jasmine""",1513
2509,Phoenix Hawk PXH-7S,1496
2510,Phoenix Hawk PXH-8CS,1442
7751,Phoenix Hawk PXH-9,1244
8106,Phoenix Hawk PXH-99,1444
7467,Phoenix PX-1KC,766
7468,Phoenix PX-1KL,930
7469,Phoenix PX-1KR,760
7470,Phoenix PX-1KT,857
2488,Phoenix PX-1R,917
2489,Phoenix PX-3R,1106
2490,Phoenix PX-4R,996
6517,Picaroon CSR-F100,1290
4826,PickerMech,0
2523,Pike Support Vehicle,648
2519,Pike Support Vehicle (AC5),715
2520,Pike Support Vehicle (Clan),892
9423,Pike Support Vehicle (LB-X),862
2521,Pike Support Vehicle (Missile),943
9424,Pike Support Vehicle (Plasma),1367
2522,"Pike Support Vehicle (RAC) ""Assault Pike""",961
2524,Pillager PLG-1N,1812
2525,Pillager PLG-3Z,2697
2526,"Pillager PLG-4X ""Anvil""",1927
2527,Pillager PLG-4Z,2868
2528,Pillager PLG-5L,2656
2529,Pillager PLG-5Z,2939
9464,Pillager PLG-6Z,2714
2531,Pilum Heavy Tank,1121
2530,Pilum Heavy Tank (Arrow IV),1102
8048,Pilum Heavy Tank (ELRM),1302
4829,Pinion,1646
4830,Pinion 2,1657
5675,Pinion 3,1611
4831,Pintel Heavy Combat ATV,0
2532,Pinto Attack VTOL,710
2533,Pinto Attack VTOL (WoB),703
4832,Pinto Corvette,0
2535,Piranha,998
2536,Piranha 2,853
2537,Piranha 3,1142
2534,Piranha 4,1063
8122,Piranha 5,1132
4835,Pirate,69
4828,Pit Bull Medium Truck,0
6445,Pixiu Heavy Tank,1450
2541,Plainsman Medium Hovertank,600
2539,Plainsman Medium Hovertank (Scout),578
2540,Plainsman Medium Hovertank (Sealed),632
2542,Plainsman Medium Hovertank (Streak),600
2544,Planetlifter Air Transport,156
2543,"Planetlifter Air Transport ""SuperPelican"" aka ""Waddle""",282
4836,Planetlifter Air Transport Graf-Tengu,0
4837,Planetlifter Air Transport Manazuru,0
4838,Planetlifter Air Transport Wakusei no Mochiagerumono,0
4839,Planetlifter Air Transport Yangtze,0
4840,Planetlifter Tactical Support Aircraft,475
2549,Po Heavy Tank,719
2546,Po Heavy Tank (HV Prototype),870
4841,Po Heavy Tank (HV),1021
2547,Po Heavy Tank (LB-X),778
2548,Po Heavy Tank (Light Gauss),734
2551,Po II Heavy Tank,1181
2550,Po II Heavy Tank (Arrow IV),1118
6794,Po II Heavy Tank (Gauss),1215
6795,Po II Heavy Tank (Stealth),1415
2552,Poignard PGD-L3,968
2553,Poignard PGD-R3,1173
2554,Poignard PGD-Y3,1292
6779,Pollux ADA Heavy Tank,772
7401,Pollux II ADA Heavy Tank,1224
4842,Pompier GM-3A FireMech,106
4843,Pompier GM-3CD FireMech,118
4844,Pompier GM-3HT FireMech,106
7837,Pompier GM-4P PoliceMech,148
5780,Pompier GM-FL FireMech,88
2555,Porcupine PRC-1N,870
2556,Porcupine PRC-2N,901
8102,Porcupine PRC-3N,511
4845,Poseidon Mobile Engineering Platform,0
6684,Poseidon PSD-V2,3677
4002,Poseidon Speedboat,0
4846,Potemkin Troop Cruiser (2611),0
4847,Potemkin Troop Cruiser (Clan),0
4848,Pouncer (Oren),0
2557,Pouncer A,2081
2558,Pouncer B,1836
2559,Pouncer C,1653
2560,Pouncer D,2246
2561,Pouncer E,1632
4850,Pouncer F,1308
9261,Pouncer G,1808
2562,Pouncer H,1784
9263,Pouncer I,1781
2563,Pouncer Prime,2557
9262,Pouncer T,1573
9264,Pouncer W,1751
9265,Pouncer X,1455
4851,PowerLoader Exoskeleton P-5000 (Sqd4),20
8658,PowerLoader Exoskeleton P-5000 (Sqd5),27
9022,PowerLoader Exoskeleton P-5000 (Sqd6),35
2564,Powerman SC XI LoaderMech,198
2565,Powerman SC XI-M HaulerMech MOD,294
2566,Powerman SC XI-M-B HaulerMech MOD,277
4852,Powerman SC XV HaulerMech,198
4853,Powerman SC XVI HaulerMech,198
4854,PowerSat,0
6957,Praetorian Mobile Strategic Command HQ,785
7334,Prairie Schooner Land Train,393
7335,Prairie Schooner Module,99
2567,Predator,1754
2568,Predator 2,2159
6441,Predator Tank Destroyer,775
8053,Predator Tank Destroyer (Elite),1051
6442,Predator Tank Destroyer (Original),480
7348,Prefect PRF-1C,1857
2569,Prefect PRF-1R,1847
2570,Prefect PRF-1R (Veronica),1835
2571,Prefect PRF-2R,1710
6865,Prefect PRF-3R,2412
4857,Pressurized Train Tractor,0
4858,Pressurized Train Trailer (Cargo),0
4859,Pressurized Train Trailer (Liquid Cargo),0
4860,Pressurized Train Trailer (Passenger 2),0
4861,Pressurized Train Trailer (Passenger),0
2572,Preta C-PRT-O (Kendali),999
2573,Preta C-PRT-O Invictus,1067
2574,Preta C-PRT-OA Dominus,1302
2575,Preta C-PRT-OB Infernus,1338
2576,Preta C-PRT-OC Comminus,1187
2577,Preta C-PRT-OD Luminos,1158
2578,Preta C-PRT-OE Eminus,1211
2579,Preta C-PRT-OS Caelestis,1566
2580,Preta C-PRT-OU Exanimus,1055
6331,Prey Seeker PY-SR10,595
8068,Prey Seeker PY-SR20,1060
8069,Prey Seeker PY-SR30,331
5517,Primary Missile Hell,0
7817,Prime Mover,173
7818,Prime Mover (LRM),284
9512,Prime Mover (Succession Wars),0
4864,Princess Luxury Liner,0
4863,Princess Luxury Liner (Cargo),0
4865,Procyon,178
4870,Procyon (Quad),237
4866,Procyon 2,235
4867,Procyon 3,163
4868,Procyon 4,182
4869,Procyon 5,196
5629,Procyon Z,180
4871,Prometheus,2401
4872,Prometheus Combat Support BridgeLayer,704
4873,Protector Combat Support Fighter ASF-23,0
4874,Protector High-Speed Medevac C-790,0
4875,Provost Cargo Airship,0
8144,Provost Cargo Airship (Artillery),0
2586,Prowler Multi-Terrain Vehicle,721
6789,Prowler Multi-Terrain Vehicle (3140 Upgrade),1245
2583,Prowler Multi-Terrain Vehicle (ECM),788
2584,Prowler Multi-Terrain Vehicle (RAF),679
2585,Prowler Multi-Terrain Vehicle (Sealed),680
6790,Prowler Multi-Terrain Vehicle (Security),1160
2587,Prowler Multi-Terrain Vehicle (Succession Wars),703
2588,Prowler Multi-Terrain Vehicle (Support),799
2589,Prowler Multi-Terrain Vehicle (WoB),697
2581,Prowler PWR-1X,2019
2582,Prowler PWR-1X1,1922
6784,Pueblo (2673),10662
4877,Pulsar Anti-Missile Satellite,0
7648,Pulverizer,2506
2590,Pulverizer PUL-2V,2065
7647,Pulverizer PUL-3R,2068
2591,Puma (Adder) A,1437
2592,Puma (Adder) B,1422
2593,Puma (Adder) C,1372
2594,Puma (Adder) D,1255
2595,Puma (Adder) E,1272
2596,Puma (Adder) H,1453
7479,Puma (Adder) I,1575
2597,Puma (Adder) J,1222
7481,Puma (Adder) K,1281
7482,Puma (Adder) L,1738
2598,Puma (Adder) Prime,2083
7483,Puma (Adder) S,1427
7478,Puma (Adder) T,2182
7589,Puma (Adder) TC,1247
4879,Puma Assault Tank PAT-001,0
4880,Puma Assault Tank PAT-002,0
2599,Puma Assault Tank PAT-005,1353
2600,Puma Assault Tank PAT-005b,1546
2601,Puma Assault Tank PAT-007,1323
2602,Puma Assault Tank PAT-008,1631
5522,Punishment Bunker,0
2603,Purifier Adaptive Battle Armor [Laser] (Sqd4),269
8569,Purifier Adaptive Battle Armor [Laser] (Sqd5),362
8933,Purifier Adaptive Battle Armor [Laser] (Sqd6),466
2604,Purifier Adaptive Battle Armor [Narc] (Sqd4),197
8570,Purifier Adaptive Battle Armor [Narc] (Sqd5),265
8934,Purifier Adaptive Battle Armor [Narc] (Sqd6),341
2605,Purifier Adaptive Battle Armor [PPC] (Sqd4),245
8571,Purifier Adaptive Battle Armor [PPC] (Sqd5),330
8935,Purifier Adaptive Battle Armor [PPC] (Sqd6),424
2606,Purifier Adaptive Battle Armor [TAG] (Sqd4),133
8572,Purifier Adaptive Battle Armor [TAG] (Sqd5),179
8936,Purifier Adaptive Battle Armor [TAG] (Sqd6),230
8091,Purifier Police Battle Armor,0
5617,Purifier Terra Battle Armor [AP Gauss] (Sqd4),344
8713,Purifier Terra Battle Armor [AP Gauss] (Sqd5),463
9077,Purifier Terra Battle Armor [AP Gauss] (Sqd6),595
5614,Purifier Terra Battle Armor [ERSL] (Sqd4),424
8710,Purifier Terra Battle Armor [ERSL] (Sqd5),571
9074,Purifier Terra Battle Armor [ERSL] (Sqd6),734
5615,Purifier Terra Battle Armor [MRR] (Sqd4),328
8711,Purifier Terra Battle Armor [MRR] (Sqd5),441
9075,Purifier Terra Battle Armor [MRR] (Sqd6),568
5616,Purifier Terra Battle Armor [SPL] (Sqd4),368
8712,Purifier Terra Battle Armor [SPL] (Sqd5),495
9076,Purifier Terra Battle Armor [SPL] (Sqd6),637
4882,Pwwka S-PW-1LAM,1638
7663,Qasar A,2754
7664,Qasar B,2905
7665,Qasar C,3259
7666,Qasar D,2261
4883,Qasar Prime,2882
5799,QR 243 Relay Satellite,33
7297,Quaestor Mobile Tactical Command HQ,437
4884,Quark Motors Hovercraft,0
6509,Quasimodo QSM-3D,1575
2607,Quasit QUA-51M MilitiaMech,636
2608,Quasit QUA-51P MilitiaMech,779
2609,Quasit QUA-51T MilitiaMech,670
4885,Quetzalcoatl-Scout JumpShip,0
2610,Quickdraw QKD-4G,1192
2611,Quickdraw QKD-4H,1242
2612,Quickdraw QKD-5A,1196
2613,Quickdraw QKD-5K,1265
4886,Quickdraw QKD-5K2,1312
2614,Quickdraw QKD-5M,1237
2615,Quickdraw QKD-5Mr,1471
2616,Quickdraw QKD-8K,1583
4887,Quickdraw QKD-8P,1598
2617,Quickdraw QKD-8X,1612
9320,Quickdraw QKD-9G,2224
6887,Quickdraw QKD-9M,1690
2618,Quickdraw QKD-C,1225
4888,Quicksilver Mongoose Battleship,83704
4889,Quicksilver Personal Sports Craft,0
6644,Quirinus Battle Armor [David] (Sqd4),256
8774,Quirinus Battle Armor [David] (Sqd5),345
6645,Quirinus Battle Armor [GL] (Sqd4),216
8775,Quirinus Battle Armor [GL] (Sqd5),291
9138,Quirinus Battle Armor [GL] (Sqd6),374
6646,Quirinus Battle Armor [MG] (Sqd4),240
8776,Quirinus Battle Armor [MG] (Sqd5),323
9139,Quirinus Battle Armor [MG] (Sqd6),416
4890,Quixote Frigate,0
6493,R10 Mechanized ICV (Coolant Truck),355
6491,R10 Mechanized ICV A,839
6492,R10 Mechanized ICV B,756
6490,R10 Mechanized ICV Prime,746
4891,Rabid Coyote,2081
5682,Rabid Coyote 2,2083
2619,Raiden Battle Armor (Anti-Infantry) (Sqd4),243
8573,Raiden Battle Armor (Anti-Infantry) (Sqd5),327
8937,Raiden Battle Armor (Anti-Infantry) (Sqd6),420
2620,Raiden Battle Armor (Original) (Sqd4),209
8574,Raiden Battle Armor (Original) (Sqd5),282
8938,Raiden Battle Armor (Original) (Sqd6),362
2621,Raiden Battle Armor [Flamer] (Sqd4),199
8575,Raiden Battle Armor [Flamer] (Sqd5),268
8939,Raiden Battle Armor [Flamer] (Sqd6),344
2622,Raiden Battle Armor [Laser] (Sqd4),231
8576,Raiden Battle Armor [Laser] (Sqd5),311
8940,Raiden Battle Armor [Laser] (Sqd6),400
2623,Raiden Battle Armor [MG] (Sqd4),199
8577,Raiden Battle Armor [MG] (Sqd5),268
8941,Raiden Battle Armor [MG] (Sqd6),344
2624,Raiden Battle Armor [MRM] (Sqd4),195
8578,Raiden Battle Armor [MRM] (Sqd5),262
8942,Raiden Battle Armor [MRM] (Sqd6),337
2625,Raiden Battle Armor [Tsunami] (Sqd4),207
8579,Raiden Battle Armor [Tsunami] (Sqd5),279
8943,Raiden Battle Armor [Tsunami] (Sqd6),358
6731,Raiden II Battle Armor [Flamer] (Sqd4),260
8786,Raiden II Battle Armor [Flamer] (Sqd5),350
9149,Raiden II Battle Armor [Flamer] (Sqd6),450
6732,Raiden II Battle Armor [HMG] (Sqd4),268
8787,Raiden II Battle Armor [HMG] (Sqd5),360
9150,Raiden II Battle Armor [HMG] (Sqd6),463
6955,Raider JL-1,817
8070,Raider JL-3A,988
8071,Raider JL-3B,1126
6956,Raider Mk II JL-2,883
8072,Raider Mk II JL-3C,1007
2628,Raijin II RJN-200-A,1763
2629,Raijin II RJN-200-B,1439
2630,Raijin II RJN-200-C,1754
2626,Raijin RJN-101-A,1350
8429,Raijin RJN-101-B,1383
2627,Raijin RJN-101-C,1389
8415,Raijin RJN-101-X,1302
8416,Raijin RJN-301-B,1365
2631,Rakshasa MDG-1A,1795
2632,Rakshasa MDG-1Ar,1675
2633,Rakshasa MDG-1B,1748
2634,Rakshasa MDG-2A,1766
2635,Rampage RMP-2G,1444
2636,Rampage RMP-4G,2130
6974,Rampage RMP-4G (Benboudaoud),1751
2637,Rampage RMP-5G,1933
4893,Ranchhand AgroMech,0
5586,Randolph Support Vehicle,145
2638,Ranger Armored Fighting Vehicle VV1,604
6755,Ranger Armored Fighting Vehicle VV1 (Interdictor),688
2639,Ranger Armored Fighting Vehicle VV1 (MG),607
2640,Ranger Armored Fighting Vehicle VV2,711
2641,Ranger Armored Fighting Vehicle VV22,786
2642,Rapier RPR-100,1554
4894,Rapier RPR-100b,1751
7690,Rapier RPR-100b-EC,1822
2643,Rapier RPR-101,1807
2644,Rapier RPR-102,1327
2645,Rapier RPR-200,1797
2646,Rapier RPR-300,2019
4895,Rapier RPR-300S,1867
4896,Rapier RPR-300X,2007
4897,Rapier-class Patrol Destroyer (Original),0
2657,Raptor II RPT-2X,896
2658,Raptor II RPT-2X1,1274
6918,Raptor II RPT-2X2,1868
2659,Raptor II RPT-3X,1304
2660,Raptor II RPT-5X,1124
4900,Raptor RRV,0
2647,Raptor RTX1-O,721
2648,Raptor RTX1-OA,783
2649,Raptor RTX1-OB,613
2650,Raptor RTX1-OC,870
2651,Raptor RTX1-OD,490
2652,Raptor RTX1-OE,597
2653,Raptor RTX1-OF,1029
2654,Raptor RTX1-OG,857
2655,Raptor RTX1-OR,1393
2656,Raptor RTX1-OU,914
4901,Rattler Mobile Fortress (Mk I),0
9241,Rattlesnake II RSN-1,1962
9242,Rattlesnake II RSN-2,1480
9238,Rattlesnake JR7-31,1398
9239,Rattlesnake JR7-31P,1323
9240,Rattlesnake JR7-31R (Gideon),1959
4903,Raubvogel Aerobomber AB-18C,0
6746,Ravager Assault Battle Armor (LRM) (Sqd4),404
8801,Ravager Assault Battle Armor (LRM) (Sqd5),543
9164,Ravager Assault Battle Armor (LRM) (Sqd6),699
2661,Ravager Assault Battle Armor (Sqd4),351
8580,Ravager Assault Battle Armor (Sqd5),473
8944,Ravager Assault Battle Armor (Sqd6),608
6458,Raven II RVN-5X,1858
2662,Raven RVN-1X,639
2663,Raven RVN-2X,887
2664,Raven RVN-3L,708
5444,Raven RVN-3M,659
2665,Raven RVN-3X,691
2666,Raven RVN-4L,873
2667,Raven RVN-4LC,871
2668,Raven RVN-4Lr,943
2669,Raven RVN-4X,820
7524,Raven RVN-5L,1035
2670,"Raven RVN-SR ""Shattered Raven""",601
2671,"Raven RVN-SS ""Shattered Raven""",904
2672,Raven X RVN-3X,1021
8189,Rawhide RWD-R1,1939
5661,Razorback RZK-10S,821
5662,Razorback RZK-10T,1172
4904,Razorback RZK-9S,855
4905,Razorback RZK-9T,1149
7413,Reaper Self-Propelled Artillery,250
2673,Recon Infantry,16
6488,Red Kite Attack VTOL,835
4906,Red Shift RDS-2A,626
4907,Red Shift RDS-2B,555
5652,Red Shift RDS-3A,869
7684,Redback,2076
4908,RedHawk Gunship VTOL,0
8360,Regent A,3412
8361,Regent B,2744
8362,Regent C,2561
8363,Regent D,2116
8359,Regent Prime,2437
2677,Regulator Hovertank,1212
2674,Regulator Hovertank (Alan),896
2675,Regulator Hovertank (Arrow IV),1016
2676,Regulator Hovertank (RAC),1282
2679,Regulator II Hovertank,1426
2678,Regulator II Hovertank (RAC),1490
2680,Regulator II Hovertank (Stealth),971
5797,Reptar EPT-C-1 MilitiaMech,514
7202,Resgate PA(L) (Interdictor) (Sqd4),61
8804,Resgate PA(L) (Interdictor) (Sqd5),82
9167,Resgate PA(L) (Interdictor) (Sqd6),105
7203,Resgate PA(L) (Scout) (Sqd4),61
8805,Resgate PA(L) (Scout) (Sqd5),82
9168,Resgate PA(L) (Scout) (Sqd6),105
7204,Resgate PA(L) (Spotter) (Sqd4),54
8806,Resgate PA(L) (Spotter) (Sqd5),73
9169,Resgate PA(L) (Spotter) (Sqd6),94
4909,Resgate PA(L) (Sqd4),61
8659,Resgate PA(L) (Sqd5),82
9023,Resgate PA(L) (Sqd6),105
7205,Resgate PA(L) (Support) (Sqd4),94
8807,Resgate PA(L) (Support) (Sqd5),127
9170,Resgate PA(L) (Support) (Sqd6),203
4911,Revenant UBM-1A,784
6673,Revenant UBM-2R,779
6714,Revenant UBM-2R2,630
6715,Revenant UBM-2R3,770
6716,Revenant UBM-2R4,615
6717,Revenant UBM-2R7,472
7883,Rhino,2124
9200,Rhino Battle Armor (Sqd4),473
4912,Rhino Battle Armor (Sqd5),568
9201,Rhino Battle Armor (Sqd6),731
4913,Rhino Fire Support Tank,1462
2681,Rhino Fire Support Tank (Flamer),1439
7327,Rhino Fire Support Tank (Hagar),1574
2682,Rhino Fire Support Tank (MG),1444
2683,Rhino Fire Support Tank (ML),1478
2684,Rhino Fire Support Tank (Royal),1670
2685,Rhino Fire Support Tank (SL),1464
7691,Rhino Fire Support Tank EC,1679
2687,Riever F-100,1539
2688,Riever F-100a,1575
2689,Riever F-100b,1262
2690,Riever F-700,1626
2691,Riever F-700a,1994
2692,Riever F-700b,2377
2693,Rifleman C,1335
2694,Rifleman C 2,2150
7576,Rifleman C 3,1871
2709,Rifleman II RFL-3N-2,1543
2710,Rifleman IIC,2307
8419,Rifleman IIC 10,1587
2711,Rifleman IIC 2,1345
2712,Rifleman IIC 3,1733
2713,Rifleman IIC 4,2140
2714,Rifleman IIC 5,2343
2715,Rifleman IIC 6,2251
2716,Rifleman IIC 7,2205
2717,Rifleman IIC 8,2541
8418,Rifleman IIC 9,2794
7323,Rifleman III RF2-A,1819
7183,Rifleman RFL-1N,931
7184,Rifleman RFL-2N,1093
2695,Rifleman RFL-3C,1066
2696,Rifleman RFL-3Cr,1129
4917,Rifleman RFL-3M,0
2697,Rifleman RFL-3N,1039
4918,Rifleman RFL-3N (Rubinsky 1),0
4919,Rifleman RFL-3N (Rubinsky 2),0
2698,Rifleman RFL-4D,1173
7930,Rifleman RFL-4DA1,0
7597,Rifleman RFL-5CS,1303
2699,Rifleman RFL-5D,1395
2700,Rifleman RFL-5M,1227
2701,Rifleman RFL-6D,1274
2702,Rifleman RFL-6X,1464
7572,Rifleman RFL-7G,1302
2703,Rifleman RFL-7M,1521
7574,Rifleman RFL-7N,1398
7575,Rifleman RFL-7N2,1452
2704,Rifleman RFL-7X,1645
2705,Rifleman RFL-8D,1777
2706,Rifleman RFL-8X,1798
2707,Rifleman RFL-9T,1503
2708,Rifleman RFL-X3 MUSE WIND,2012
4922,Riga Frigate,0
6994,Riga II Destroyer/Carrier,73035
8310,Rime Otter A,2358
8311,Rime Otter B,1961
8312,Rime Otter C,2718
8313,Rime Otter D,1998
8309,Rime Otter Prime,2169
2718,Riot Police,50
2725,Ripper Infantry Transport,345
2719,Ripper Infantry Transport (ERML),432
2720,Ripper Infantry Transport (Infantry),108
2721,Ripper Infantry Transport (Light PPC),371
2722,Ripper Infantry Transport (MG),125
2723,Ripper Infantry Transport (Royal),228
2724,Ripper Infantry Transport (SPL),160
4923,Rising Star RST-4R,0
5525,Roadblock,0
7292,Roadrunner (Emerald Harrier) RD-1R,888
4924,Robinson Transport (Block I),0
4925,Robinson Transport (Block II),0
2726,Roc,336
2727,Roc 2,245
2728,Roc 3,281
2729,Roc 4,295
8034,Roc 5,230
5632,Roc Z,221
4926,Rock Hound AM-PRM-RH7 ProspectorMech,0
4927,"Rock Hound AM-PRM-RH7A ""Rock Otter"" ProspectorMech",0
4928,"Rock Hound AM-PRM-RH7C ""Rock Possum"" ProspectorMech",0
4946,Rock Rover Half-Track RRV,0
4945,Rock Rover Half-Track RRV (Speed),0
8660,Rogue Bear Heavy Battle Armor (Hybrid) (Sqd5),363
8661,Rogue Bear Heavy Battle Armor (Sqd5),466
8789,Rogue Bear Heavy Battle Armor (Upgrade) (Sqd5),533
4932,Rogue Bear Heavy Battle Armor HR (Sqd4),250
8662,Rogue Bear Heavy Battle Armor HR (Sqd5),336
9026,Rogue Bear Heavy Battle Armor HR (Sqd6),432
2730,Rogue RGU-133E,802
4929,Rogue RGU-133Eb,1054
2731,Rogue RGU-133F,818
2732,Rogue RGU-133L,865
2733,Rogue RGU-133LP,856
2734,Rogue RGU-133P,991
6393,Rokurokubi RK-4K,1286
6392,Rokurokubi RK-4T,998
6394,Rokurokubi RK-4X,1858
2737,Rommel Tank,933
2735,Rommel Tank (Gauss),1178
2736,Rommel Tank (Sealed),1270
4934,Rommel Tank Howitzer,1353
4933,Rommel Tank Howitzer Prototype,1507
6360,Rondel RDL-01C,2332
2738,Ronin SA-RN,1084
2739,Ronin SA-RN7,1182
2740,Rook NH-1A,1197
2741,Rook NH-1B,1227
4935,"Rook NH-1X ""Rook-X""",1187
2742,Rook NH-2,1525
4936,Rook NH-2A,0
2743,Rook NH-3X,1746
4939,Rottweiler Battle Armor (Close Combat) (Sqd4),204
8663,Rottweiler Battle Armor (Close Combat) (Sqd5),275
9027,Rottweiler Battle Armor (Close Combat) (Sqd6),353
2744,Rottweiler Battle Armor (Firedrake) (Sqd4),225
8581,Rottweiler Battle Armor (Firedrake) (Sqd5),303
8945,Rottweiler Battle Armor (Firedrake) (Sqd6),389
4940,Rottweiler Battle Armor (Sqd4),209
8664,Rottweiler Battle Armor (Sqd5),282
9028,Rottweiler Battle Armor (Sqd6),362
4941,Rottweiler Battle Armor (Upgrade) (Sqd4),181
8665,Rottweiler Battle Armor (Upgrade) (Sqd5),243
9029,Rottweiler Battle Armor (Upgrade) (Sqd6),313
2745,Rotunda Scout Vehicle RND-J-1-11,400
2746,Rotunda Scout Vehicle RND-J-1-11 (LRM),303
2747,Rotunda Scout Vehicle RND-J-1-11 (RL),320
2748,Rotunda Scout Vehicle RND-J-1-11 (SRM),286
4942,Rotunda Scout Vehicle RND-J-100,0
4943,Rotunda Scout Vehicle RND-J-110,0
4944,Routemaster Hover Shuttle,0
4377,Royal Land Train,0
7411,RR-3 Recovery Vehicle,213
5372,Ruckus Acrobatic Helicopter,0
4910,Ruedel,0
4210,Rumbler-HT,0
4948,Rusalka S-RSL-O Invictus,1883
4949,Rusalka S-RSL-OA Dominus,1479
4950,Rusalka S-RSL-OB Infernus,1369
4951,Rusalka S-RSL-OC Comminus,1639
4952,Rusalka S-RSL-OD Luminos,1712
4953,Rusalka S-RSL-OE Eminus,1721
7591,Ryoken (Stormcrow) (Attwater),1482
5488,Ryoken (Stormcrow) (Kotare),2382
2749,Ryoken (Stormcrow) A,2319
2750,Ryoken (Stormcrow) B,2281
2751,Ryoken (Stormcrow) C,1881
2752,Ryoken (Stormcrow) D,1863
2753,Ryoken (Stormcrow) E,2110
2754,Ryoken (Stormcrow) F,2227
2755,Ryoken (Stormcrow) G,2152
2756,Ryoken (Stormcrow) H,2061
5487,Ryoken (Stormcrow) I,2319
7553,Ryoken (Stormcrow) J,2300
7554,Ryoken (Stormcrow) K,2001
7555,Ryoken (Stormcrow) P,2213
2757,Ryoken (Stormcrow) Prime,2073
7550,Ryoken (Stormcrow) T,2280
7592,Ryoken (Stormcrow) TC,2373
5820,Ryoken (Stormcrow) Z,2855
2758,Ryoken II,1801
8219,Ryoken II (Tassa),3103
2759,Ryoken II 2,2141
2760,Ryoken II 3,2336
8449,Ryoken III (Skinwalker) A,3500
8450,Ryoken III (Skinwalker) B,2851
8451,Ryoken III (Skinwalker) C,3175
8452,Ryoken III (Skinwalker) D,2545
8453,Ryoken III (Skinwalker) E,3102
8454,Ryoken III (Skinwalker) F,3704
8448,Ryoken III (Skinwalker) Prime,2809
7379,Ryoken III-XP (Skinwalker) A,3777
7380,Ryoken III-XP (Skinwalker) B,3613
7381,Ryoken III-XP (Skinwalker) C,4387
7382,Ryoken III-XP (Skinwalker) D,2483
7378,Ryoken III-XP (Skinwalker) Prime,3013
4957,S 2772 Luxury Plane,0
2761,Sabaku Kaze Heavy Scout Hover Tank,997
4958,Sabre SB-26,512
4959,Sabre SB-27,574
2762,Sabre SB-27b,1059
7687,Sabre SB-27b-EC,987
4960,Sabre SB-28,951
4961,Sabre SB-29,789
4962,"Sabre SB-31 ""Defense Special""",884
4963,Sabre SB-31D,935
2764,Sabutai A,2406
2765,Sabutai B,3086
2766,Sabutai C,3099
2767,Sabutai D,2647
4965,Sabutai E,3159
2768,Sabutai Prime,3210
4966,Sabutai X,3277
5834,Sabutai Z,3974
5718,Sagittaire SGT-10X,1794
6835,Sagittaire SGT-14D,1960
9398,Sagittaire SGT-14R,2626
4967,Sagittaire SGT-8R,2088
8271,Sagittaire SGT-8R (Jamison),0
5717,Sagittaire SGT-9D,2064
2769,Sagittarii SGT-2R,1311
2770,Sagittarii SGT-3R,1488
6817,Sagittarii SGT-4R,1228
2771,Sai S-3,959
2772,Sai S-4,1005
2773,Sai S-4C,1778
2774,Sai S-4X,830
2775,Sai S-7,834
2776,Sai S-8,1304
2780,Saladin Assault Hover Tank,596
2777,Saladin Assault Hover Tank (Armor),594
2778,Saladin Assault Hover Tank (Clan Cargo),150
2779,Saladin Assault Hover Tank (LB-X),760
2781,Saladin Assault Hover Tank (Ultra),808
5567,Saladin Assault Hover Tank Ifrit,955
6371,Saladin Mk II HCV,862
6372,Saladin Mk II HCV (BC3),793
2787,Salamander Battle Armor (Anti-Infantry) (Sqd4),293
8582,Salamander Battle Armor (Anti-Infantry) (Sqd5),394
8946,Salamander Battle Armor (Anti-Infantry) (Sqd6),506
2788,Salamander Battle Armor (Laser) (Sqd4),292
8583,Salamander Battle Armor (Laser) (Sqd5),394
8947,Salamander Battle Armor (Laser) (Sqd6),506
9211,Salamander Battle Armor (Sqd3),191
2789,Salamander Battle Armor (Sqd4),276
8584,Salamander Battle Armor (Sqd5),372
8948,Salamander Battle Armor (Sqd6),479
2782,Salamander PPR-5S,1769
2783,Salamander PPR-5T,1589
2784,Salamander PPR-6S,1714
2785,Salamander PPR-6T,1681
2786,Salamander PPR-7S,2023
6860,Salamander PPR-7T,1647
4969,Salrilla Exoskeleton  PEX-2F [Salvage Arm] (Sqd4),37
8666,Salrilla Exoskeleton  PEX-2F [Salvage Arm] (Sqd5),50
9030,Salrilla Exoskeleton  PEX-2F [Salvage Arm] (Sqd6),65
7212,Salrilla Exoskeleton PEX-2F [Mine Clearance] (Sqd4),37
8814,Salrilla Exoskeleton PEX-2F [Mine Clearance] (Sqd5),50
9177,Salrilla Exoskeleton PEX-2F [Mine Clearance] (Sqd6),65
4970,Samarkand Carrier (Block I),0
4971,Samarkand Carrier (Block II),0
2790,Samurai SL-25,974
2791,Samurai SL-26,1385
2792,Samurai SL-27,1631
2793,Sand Devil Hover Tank,345
2794,"Sangihe Shrike-Thrush ""Nanook""",1592
2796,Saracen Medium Hover Tank,673
2795,Saracen Medium Hover Tank (MRM),676
6373,Saracen Mk II HCV,837
6374,Saracen Mk II HCV (BC3),635
6506,Sarath SRTH-1O,1630
6507,Sarath SRTH-1OA,1738
6508,Sarath SRTH-1OB,1475
2797,Sarissa MN1-D,850
4973,Sarissa MN1-K,0
4974,Sarissa MN2-A SecurityMech,771
4975,Sarissa MN2-Ar SecurityMech,0
6472,Saroyan Jump Bomber,192
7772,Sasayaku Control Transport,0
2798,Sasquatch SQS-TH-001,1940
2799,Sasquatch SQS-TH-002,1993
2800,Sasquatch SQS-TH-003,1667
4976,Sassanid,0
4977,Saturn Harvester,0
7416,Saturn Patrol Ship,1359
4978,Saturnus V Racer,0
2801,Satyr,133
2802,Satyr 2,125
2803,Satyr 3,160
2804,Satyr 4,107
4979,Satyr XP,114
4980,Saurer-Bucher Fire Engine TLF-LL6500,0
4982,Savage Coyote A,2852
4983,Savage Coyote B,2284
4984,Savage Coyote C,3189
5705,Savage Coyote J,2554
4985,Savage Coyote Prime,2613
5706,Savage Coyote W,2792
5831,Savage Coyote Z,3080
2807,Savannah Master Hovercraft,215
2805,Savannah Master Hovercraft (Interdictor),128
9452,Savannah Master Hovercraft (Reflective),294
2806,Savannah Master Hovercraft (SL),131
6546,Savior Repair Vehicle,152
2811,Saxon APC,435
2808,Saxon APC (HQ),708
2809,Saxon APC (Laser),565
2810,Saxon APC (MASH),436
6659,Scapha Hovertank A,1399
6660,Scapha Hovertank B,984
6661,Scapha Hovertank C,1002
6662,Scapha Hovertank D,1141
6663,Scapha Hovertank E,666
6664,Scapha Hovertank F,794
6665,Scapha Hovertank G,736
6666,Scapha Hovertank H,811
6667,Scapha Hovertank I,2096
6668,Scapha Hovertank J,1047
6657,Scapha Hovertank Prime,1425
2812,Scarab Medium Drone Fighter,1364
4986,Scarab Medium Drone Fighter (Original),0
2813,Scarabus SCB-9A,846
2814,Scarabus SCB-9T,949
6336,Scarecrow UCU-F4,1475
6337,Scarecrow UCU-F4r,1472
4987,Scavenger SC-V SalvageMech,528
7174,Scavenger SC-V-M MilitiaMech,672
4991,Schatten Surveillance Airship,0
4988,Schatten Surveillance Airship (Intercept),0
4989,Schatten Surveillance Airship (Original),0
4990,Schatten Surveillance Airship (Sealed),0
8145,Schatten Surveillance Airship (WoB),0
6599,Schildkröte Line Tank,1009
6600,Schildkröte Line Tank (HPPC),1057
8054,Schildkröte Line Tank (Light Gauss),954
8055,Schildkröte Line Tank (Plasma),1104
2815,Schiltron Mobile Fire-Support Platform A,1456
2816,Schiltron Mobile Fire-Support Platform B,1439
2817,Schiltron Mobile Fire-Support Platform C,1078
2818,Schiltron Mobile Fire-Support Platform D,1603
2819,Schiltron Mobile Fire-Support Platform E,1120
2820,Schiltron Mobile Fire-Support Platform F,1466
2821,Schiltron Mobile Fire-Support Platform Prime,1434
6690,Schrack SCK-O,2113
6691,Schrack SCK-OA,2173
6692,Schrack SCK-OB,2212
2822,Schrek AC Carrier,773
9477,Schrek AC Carrier (Lothian),1005
9478,Schrek Gauss Carrier,1203
2823,Schrek II-X PPC Carrier,1242
2827,Schrek PPC Carrier,935
2824,Schrek PPC Carrier (Anti-Infantry),881
2825,Schrek PPC Carrier (Armor),1040
2826,Schrek PPC Carrier (C3M),993
9479,Schrek PPC Carrier (LB-X),1258
9480,Schrek PPC Carrier (XL),1074
2828,Schwerer Gustav,1796
2831,Scimitar Medium Hover Tank,532
2829,Scimitar Medium Hover Tank (C3),680
2830,Scimitar Medium Hover Tank (Missile),704
2832,Scimitar Medium Hover Tank (TAG),582
6375,Scimitar Mk II HCV,631
6376,Scimitar Mk II HCV (3136 Upgrade),783
6377,Scimitar Mk II HCV (BC3),665
8316,Scorpion C,2331
5846,Scorpion LAM SCP-X1,0
2847,Scorpion Light Tank,306
9555,Scorpion Light Tank (Armor),325
9556,Scorpion Light Tank (Hardened),477
2841,Scorpion Light Tank (LAC),289
2842,Scorpion Light Tank (LRM),425
2843,Scorpion Light Tank (Minesweeper Prototype),350
4996,Scorpion Light Tank (Minesweeper),452
2844,Scorpion Light Tank (ML),320
2845,Scorpion Light Tank (MRM),469
9557,Scorpion Light Tank (RAC),385
9558,Scorpion Light Tank (Rifle),338
2846,Scorpion Light Tank (SRM),373
9559,Scorpion Light Tank (Thunderbolt),414
9554,Scorpion Light Tank (Ultra),425
9560,Scorpion Light Tank C,354
2833,Scorpion SCP-10M,1458
2834,Scorpion SCP-12C,1259
2835,Scorpion SCP-12K,1260
2836,Scorpion SCP-12S,1109
8314,Scorpion SCP-1BR,1473
2837,Scorpion SCP-1N,1019
4994,Scorpion SCP-1N (Rubinsky),940
8276,Scorpion SCP-1N (Wendall 2),0
2838,Scorpion SCP-1N (Wendall),1043
2839,Scorpion SCP-1O,1098
2840,Scorpion SCP-1TB,1185
8315,Scorpion SCP-2N,1562
6626,Scourge SCG-WD1,2061
6625,Scourge SCG-WF1,2172
8109,Scourge SCG-WX1,2480
4997,Scout,0
7812,Scout ATV,25
2848,Scout Infantry,48
4999,Scout JumpShip,0
4998,Scout JumpShip (Clan),0
7320,Screamer LAM SCR-1X-LAM,1144
5000,Scylla,2897
5723,Scylla 2,2839
5724,Scylla 3,2820
2849,Scytha A,3134
2850,Scytha B,3517
2851,Scytha C,3498
2852,Scytha D,3276
5002,Scytha E,3553
6808,Scytha F,3223
2853,Scytha Prime,3232
5003,Scytha X,2926
5004,Scytha XR,3213
5015,Se'irim Medium Battle Armor (Anti-Infantry) (Sqd4),241
8667,Se'irim Medium Battle Armor (Anti-Infantry) (Sqd5),324
9031,Se'irim Medium Battle Armor (Anti-Infantry) (Sqd6),416
5016,Se'irim Medium Battle Armor (Capture Team) (Sqd4),257
8668,Se'irim Medium Battle Armor (Capture Team) (Sqd5),345
9032,Se'irim Medium Battle Armor (Capture Team) (Sqd6),444
5017,Se'irim Medium Battle Armor (Sqd4),253
8669,Se'irim Medium Battle Armor (Sqd5),340
9033,Se'irim Medium Battle Armor (Sqd6),437
6308,Sea Fox Amphibious Armor (Sqd4),130
8733,Sea Fox Amphibious Armor (Sqd5),175
9096,Sea Fox Amphibious Armor (Sqd6),226
2854,Sea Hunter Maritime Tank,570
5009,Sea Skimmer Hydrofoil,288
5005,"Sea Skimmer Hydrofoil ""Sniper""",322
5006,Sea Skimmer Hydrofoil (ELRM),556
5007,Sea Skimmer Hydrofoil (SRM2),363
5008,Sea Skimmer Hydrofoil (SRM6),321
5854,Seabass Flying Submersible,0
5010,Seabuster Strike Fighter,856
5576,Seabuster Strike Fighter (Early),764
5011,Seahorse Cargo Sub,0
5518,Secondary Missile Hell,0
5012,Security Robot,0
5013,Seeker (2815),0
5014,Seeker (3054),0
6384,Sekhmet Assault Vehicle,1606
8056,Sekhmet Assault Vehicle (Streak),2178
6521,Seleucus Infantry Transport,7306
2856,Sentinel STN-1S,632
2857,Sentinel STN-3K,652
2858,Sentinel STN-3KA,847
2859,Sentinel STN-3KB,823
2860,Sentinel STN-3L,717
2861,Sentinel STN-3Lb,1260
2862,Sentinel STN-3M,758
2863,Sentinel STN-4D,1179
2864,Sentinel STN-5WB,999
8160,Sentinel STN-6S,1089
2865,Sentinel STN-C,689
2866,Sentry SNT-04,1069
2867,Sentry SNT-W5,1143
2868,Seraph C-SRP-O (Havalah),1927
2869,Seraph C-SRP-O Invictus,1794
2870,Seraph C-SRP-OA Dominus,2338
2871,Seraph C-SRP-OB Infernus,2181
2872,Seraph C-SRP-OC Comminus,2136
2873,Seraph C-SRP-OD Luminos,2291
2874,Seraph C-SRP-OE Eminus,2148
2875,Seraph C-SRP-OR (Ravana),1941
2876,Seraph C-SRP-OS Caelestis,2788
2877,"Seydlitz (Mary) ""Yari""",620
8014,Seydlitz C,1691
2878,Seydlitz SYD-21,440
2879,"Seydlitz SYD-45X ""Starling""",695
2880,Seydlitz SYD-Z1,440
2881,Seydlitz SYD-Z2,716
2882,Seydlitz SYD-Z2A,806
2883,Seydlitz SYD-Z2B,906
2884,Seydlitz SYD-Z3,504
2885,Seydlitz SYD-Z3A,514
2886,Seydlitz SYD-Z4,633
6980,Sha Yu (Bulldog),1379
5026,Sha Yu SYU-2B,1379
5027,Sha Yu SYU-4B,1267
5670,Sha Yu SYU-6B,1422
5800,Shackleton AESV,298
5029,Shade S-HA-O Invictus,1324
5030,Shade S-HA-OA Dominus,1265
5031,Shade S-HA-OB Infernus,1209
5032,Shade S-HA-OC Comminus,1186
5033,Shade S-HA-OD Luminos,927
5034,Shade S-HA-OE Eminus,973
2887,Shadow Cat A,2220
2888,Shadow Cat B,2420
2889,Shadow Cat C,2199
7704,Shadow Cat D,2298
6913,Shadow Cat E,2084
6912,Shadow Cat F,2997
2890,Shadow Cat H,2155
7706,Shadow Cat I,2408
2894,Shadow Cat II,2064
2893,Shadow Cat II 2,2106
6886,Shadow Cat II 3,2387
6885,Shadow Cat II 4,1986
7492,Shadow Cat III A,2005
7493,Shadow Cat III B,2183
7494,Shadow Cat III C,2153
7491,Shadow Cat III Prime,2021
2891,Shadow Cat J,1802
7707,Shadow Cat M,2438
2892,Shadow Cat Prime,2156
7708,Shadow Cat T,1852
7590,Shadow Cat TC,1378
2895,Shadow Hawk C,1309
2911,Shadow Hawk IIC,1732
8328,Shadow Hawk IIC 10,1760
8329,Shadow Hawk IIC 11,1692
2912,Shadow Hawk IIC 2,1763
2913,Shadow Hawk IIC 3,1471
2914,Shadow Hawk IIC 4,1698
2915,Shadow Hawk IIC 5,1614
2916,Shadow Hawk IIC 6,1907
2917,Shadow Hawk IIC 7,1999
2918,Shadow Hawk IIC 8,1940
6911,Shadow Hawk IIC 9,1803
5039,Shadow Hawk LAM SHD-X1,0
5040,Shadow Hawk LAM SHD-X2,0
2896,Shadow Hawk SHD-11CS,1700
5036,Shadow Hawk SHD-11CS2,1779
2897,Shadow Hawk SHD-12C,1574
2898,Shadow Hawk SHD-1R,851
2899,Shadow Hawk SHD-2D,899
2900,Shadow Hawk SHD-2D2,1049
2901,Shadow Hawk SHD-2H,1064
2902,Shadow Hawk SHD-2Hb,1354
7737,Shadow Hawk SHD-2Ht,1453
2903,Shadow Hawk SHD-2K,1147
5037,Shadow Hawk SHD-3H,1043
9538,Shadow Hawk SHD-3H2,1112
2904,Shadow Hawk SHD-3K,1591
7785,Shadow Hawk SHD-4H,1569
2905,Shadow Hawk SHD-5D,1684
5806,Shadow Hawk SHD-5D (Sandy),1517
2906,Shadow Hawk SHD-5M,1430
7787,Shadow Hawk SHD-5R,1296
7786,Shadow Hawk SHD-5S,1590
7788,Shadow Hawk SHD-6D,1371
2907,Shadow Hawk SHD-7CS,1496
7789,Shadow Hawk SHD-7H,1394
2908,Shadow Hawk SHD-7M,1447
2909,Shadow Hawk SHD-8L,1536
2910,Shadow Hawk SHD-9D,1313
2921,Shamash Reconnaissance Vehicle,504
2919,Shamash Reconnaissance Vehicle (Flamer),228
2920,Shamash Reconnaissance Vehicle (Interdictor),520
6654,Shandra Advanced Scout Vehicle,417
6699,Shandra Advanced Scout Vehicle (Original),311
5041,Shedu Assault Battle Armor (Capture Team) (Sqd4),420
8670,Shedu Assault Battle Armor (Capture Team) (Sqd5),566
9034,Shedu Assault Battle Armor (Capture Team) (Sqd6),728
5042,Shedu Assault Battle Armor (PPC) (Sqd4),360
8671,Shedu Assault Battle Armor (PPC) (Sqd5),485
9035,Shedu Assault Battle Armor (PPC) (Sqd6),624
5043,Shedu Assault Battle Armor (Recon) (Sqd4),331
8672,Shedu Assault Battle Armor (Recon) (Sqd5),445
9036,Shedu Assault Battle Armor (Recon) (Sqd6),573
5044,Shedu Assault Battle Armor (Sqd4),376
8673,Shedu Assault Battle Armor (Sqd5),507
9037,Shedu Assault Battle Armor (Sqd6),651
5045,Shedu Assault Battle Armor (Support) (Sqd4),364
8674,Shedu Assault Battle Armor (Support) (Sqd5),490
9038,Shedu Assault Battle Armor (Support) (Sqd6),631
6431,Shen Long Battle Armor [David] (Sqd4),350
6435,Shen Long Battle Armor [Interdictor] (Sqd4),276
6432,Shen Long Battle Armor [MG] (Sqd4),314
6433,Shen Long Battle Armor [MRM] (Sqd4),352
6436,Shen Long Battle Armor [Pop-Up Mine] (Sqd4),241
6434,Shen Long Battle Armor [SRM] (Sqd4),404
2922,Shen Yi SHY-3B,1507
6878,Shen Yi SHY-5B,1603
6443,Sheriff Infantry Support Tank,810
5050,Sherpa Armored Truck,0
5046,Sherpa Armored Truck (Fuel Tanker),0
5047,Sherpa Armored Truck (MASH),0
5048,Sherpa Armored Truck (MHQ),0
5049,Sherpa Armored Truck (Mobile Canteen),0
6519,Shikra SKR-4M,2849
8060,Shikra SKR-4N,2754
6378,Shillelagh Missile Tank,669
6379,Shillelagh Missile Tank (Original),584
2927,Shilone  SL-17X,1933
2923,Shilone SL-17,1230
2924,Shilone SL-17AC,972
2925,Shilone SL-17R,1230
2926,Shilone SL-18,1418
6416,Shiro SH-1V,2016
6417,Shiro SH-2P,2570
5051,Shiva SHV-O,1691
5053,Shiva SHV-OA,2280
5054,Shiva SHV-OB,1999
5055,Shiva SHV-OC,2163
5759,Shiva SHV-OD,2019
2928,Shiva SHV-S,2216
2929,Shockwave SKW-2F,1453
2930,Shockwave SKW-4G,1449
6903,Shockwave SKW-6H,1364
6902,Shockwave SKW-8X,1065
5056,Shoden Assault Vehicle,1412
5736,Shoden Assault Vehicle (LB-X),1314
5057,Shoden Assault Vehicle (Streak),1425
2931,Shogun C,3032
8002,Shogun C 2,2914
9463,Shogun C 3,2935
2932,Shogun SHG-2E,1823
2933,Shogun SHG-2F,1804
5058,Shogun SHG-2F (Trisha),1733
2934,Shogun SHG-2H,2087
8003,Shogun SHG-3E,1998
2935,Sholagar SL-21,607
2936,Sholagar SL-21L,735
2937,Sholagar SL-22,830
2938,Sholagar SL-27x,1322
5059,Shootist (Apollyon),0
2939,Shootist ST-8A,1507
2940,Shootist ST-8C,1528
2941,Shootist ST-9C,1727
6292,Shrike,2969
9215,"Shrike ""Black Rose""",3487
6293,Shrike 2,2846
6294,Shrike 3,3698
2942,Shugenja SJA-7D,1656
2943,Shugenja SJA-8H,1691
7154,Shugosha LAW-QM1 Q-Mech,161
7155,Shugosha LAW-QM2 Q-Mech,157
7156,Shugosha LAW-QM3 Q-Mech,189
7157,Shugosha PTN-LAW LoaderMech,102
6440,Shun Transport VTOL,499
8057,Shun Transport VTOL (Support),770
5060,Shuttle ST-46,0
5061,Shuttle ST-46C,0
2944,Silver Fox SVR-5X,1432
2945,Silver Fox SVR-5Y,1316
5062,Silverback Coastal Cutter,0
5063,Silverfin Coastal Cutter,0
5064,Simca Ambulance,0
6649,Simian Battle Armor [Flamer] (Sqd4),177
8779,Simian Battle Armor [Flamer] (Sqd5),238
9142,Simian Battle Armor [Flamer] (Sqd6),307
6650,Simian Battle Armor [HMG] (Sqd4),185
8780,Simian Battle Armor [HMG] (Sqd5),249
9143,Simian Battle Armor [HMG] (Sqd6),320
6648,Simian Battle Armor [LRR] (Sqd4),233
8778,Simian Battle Armor [LRR] (Sqd5),314
9141,Simian Battle Armor [LRR] (Sqd6),404
6647,Simian Battle Armor [SL] (Sqd4),209
8777,Simian Battle Armor [SL] (Sqd5),282
9140,Simian Battle Armor [SL] (Sqd6),362
6693,Simurgh SMG-O,2921
6694,Simurgh SMG-OA,2622
6695,Simurgh SMG-OB,2864
2946,Siren,86
2947,Siren 2,86
2948,Siren 3,120
2949,Siren 4,88
2950,Siren 5,104
2951,Sirocco SRC-3C,2154
2952,Sirocco SRC-5C,2107
2953,Sirocco SRC-6C,2202
6246,Skadi Swift Attack VTOL,923
6247,Skanda Light Tank,1078
8058,Skanda Light Tank (TSEMP),1437
5065,Skimmer,86
2958,Skulker Wheeled Scout Tank,314
5067,"Skulker Wheeled Scout Tank ""Matahari""",0
2955,Skulker Wheeled Scout Tank (C3M),230
2956,Skulker Wheeled Scout Tank (MG),252
2957,Skulker Wheeled Scout Tank (SRM),319
9360,Skulker Wheeled Scout Tank C,445
5071,Skulker Wheeled Scout Tank Mk. II,454
5069,Skulker Wheeled Scout Tank Mk. II (Mission),0
5070,Skulker Wheeled Scout Tank Mk. II (Sealed),0
5068,Skulker Wheeled Scout Tank X-5,491
5072,Sky Eye News Helicopter,0
5073,Skycity-3000 Mobile Aerial Structure,0
4682,Skyliner Airliner TC-80,0
5074,Skyward Warning Satellite (Fusion Drive),0
5075,Skyward Warning Satellite (HPG),0
5076,Skyward Warning Satellite Model IX,0
5077,Skyward Warning Satellite Model XII,0
5078,Slagmaiden SLG-X,1602
2959,Slayer SL-15,1288
2960,Slayer SL-15 (Eric),1941
2961,Slayer SL-15A,1423
2962,Slayer SL-15B,1379
2963,Slayer SL-15C,1321
2964,Slayer SL-15K,1516
2965,Slayer SL-15R,1384
2966,Slayer SL-CX1,2037
7613,Sleipnir APC Tank,505
7614,Sleipnir APC Tank (SRM),553
2967,Sling SL-1G,578
2968,Sling SL-1H,731
5080,Slipper Hover Sedan LX-Series,0
5081,Slipper Hovercruiser PX-Series,0
5082,Slipper Hoverwagon ZX-Series,0
6735,"Sloth Battle Armor ""Huntsman"" (Sqd4)",169
2969,Sloth Battle Armor (Interdictor) (Sqd4),227
2970,Sloth Battle Armor (Sqd4),180
8586,Sloth Battle Armor (Sqd5),243
8950,Sloth Battle Armor (Sqd6),312
2971,SM Tank Destroyer SM1,1585
5607,"SM Tank Destroyer SM1 ""Telos""",1055
2972,SM Tank Destroyer SM1A,1214
9565,SM Tank Destroyer SM1B,1512
2973,SM Tank Destroyer SM3,1593
6386,SM2 Heavy Artillery Vehicle,1028
6387,SM2 Heavy Artillery Vehicle (LTC),1422
8265,SM5 Field Commander (Prototype) Prime,2147
5083,Small Agricultural Robot,0
5084,Small Factory,0
5085,Small Habitat,0
5086,Small Pressurized Yard,0
5087,Small Unpressurized Yard,0
5089,Smoke Ultralight Trike,0
5088,Smoke Ultralight Trike (Fuel Cell),0
5090,Smoothdavid PA(L) II (Sqd4),22
8675,Smoothdavid PA(L) II (Sqd5),29
9039,Smoothdavid PA(L) II (Sqd6),38
7201,Smoothdavid PA(L) III (Sqd4),127
8803,Smoothdavid PA(L) III (Sqd5),171
9166,Smoothdavid PA(L) III (Sqd6),219
5091,Smoothgoliath PA(L) II (Sqd4),37
8676,Smoothgoliath PA(L) II (Sqd5),50
9040,Smoothgoliath PA(L) II (Sqd6),65
6982,Snake (Arthur),1477
2974,Snake SNK-1V,980
2975,Snake SNK-1V (Alexi),1316
2976,Snake SNK-2B,1081
2977,Snake SNK-2Br,1577
4697,SneakSat Communications Satellite,0
2978,Sniper,26
6327,Sniper Artillery,895
5092,Sniper Artillery Tank,0
6307,Sniper Suit PAB-28 (Sqd4),119
8732,Sniper Suit PAB-28 (Sqd5),160
9095,Sniper Suit PAB-28 (Sqd6),206
2979,Snow Fox,807
7879,Snow Fox (Omni) A,831
7880,Snow Fox (Omni) B,1249
7878,Snow Fox (Omni) Prime,1464
2980,Snow Fox 2,604
2981,Snow Fox 3,903
5093,Snowden Mining Station,0
5094,Snowden Mining Station Mk I,0
5095,SOAR VTOL,0
7444,Sojourner A,1911
7445,Sojourner B,2397
7446,Sojourner C,2235
7447,Sojourner D,2452
7443,Sojourner Prime,2491
5096,Sokar Urban Combat Tank,599
2982,Sokuryou SKU-181 SurveyMech,328
2983,Sokuryou SKU-197 SurveyMech,395
2984,Sokuryou SKU-198 SurveyMech,581
5097,Solitaire,1284
5655,Solitaire 2,1471
6318,Sortek Assault Craft,937
6319,Sortek Assault Craft (Interdictor),884
5098,"Sovetskii Soyuz Heavy Cruiser ""Dire Wolf""",0
5099,Sovetskii Soyuz Heavy Cruiser (2742),0
5100,Sovetskii Soyuz Heavy Cruiser (Clan),0
6984,Soyal Heavy Cruiser,130574
5101,Space Hound AM-PRM-SH1 ProspectorMech,465
2985,Space Marines,98
5102,SpaceStream,0
2986,Spad SPD-502,807
2987,Spad SPD-503,824
2988,Spad SPD-504,1064
2989,Sparrowhawk SPR-6D,729
2990,Sparrowhawk SPR-7D,959
6818,Sparrowhawk SPR-7Dr,830
2991,Sparrowhawk SPR-8H,466
5103,Sparrowhawk SPR-DH,486
2992,Sparrowhawk SPR-H5,637
2993,Sparrowhawk SPR-H5K,508
7646,Spartan C,2514
2994,Spartan SPT-N1,1498
2995,Spartan SPT-N2,1605
2996,Spartan SPT-N3,1631
9579,Spartan SPT-N4,2108
2997,Spartan SPT-NF,1605
2998,Spatha SP1-X,2222
2999,"Spatha SP2-X ""Warlord""",1973
3000,Special Forces,405
3001,SpecOps Paratrooper,108
5104,Specter Surveillance Plane,0
3002,Spector SPR-4F,1224
3003,Spector SPR-5F,1183
3004,Spector SPR-5S,1155
9375,Spector SPR-6F,1476
3005,Spector SPR-ST,1438
6523,Spectre Stealth Battle Armor (Sqd4),198
8761,Spectre Stealth Battle Armor (Sqd5),267
9124,Spectre Stealth Battle Armor (Sqd6),343
5105,Speeder,0
3007,Sphinx,2883
3006,Sphinx 2,2753
6864,Sphinx 3,3396
6863,Sphinx 4,1952
8174,Spider Construction Station,0
6934,Spider SDR-10K,824
3008,Spider SDR-5D,524
3009,Spider SDR-5K,503
3010,Spider SDR-5V,622
3011,Spider SDR-7K,752
3012,Spider SDR-7K2,884
3013,Spider SDR-7KC,732
3014,Spider SDR-7Kr,775
3015,Spider SDR-7M,621
3016,Spider SDR-8K,1007
3017,Spider SDR-8M,621
3018,Spider SDR-8R,694
3019,Spider SDR-8X,765
6933,Spider SDR-8Xr,754
8306,Spider SDR-9M,687
3020,Spider SDR-C,616
3021,Spindrift Aquatic SecurityMech SDT-1,441
5106,Spindrift Aquatic SecurityMech SDT-1A,465
5107,Spindrift Aquatic SecurityMech SDT-1Ar,0
5108,Spirit,1673
5665,Spirit 2,1773
9236,Spirit Walker A,1990
9237,Spirit Walker Prime,2115
3026,Sprint Scout Helicopter,82
3022,Sprint Scout Helicopter (C3),82
3023,Sprint Scout Helicopter (C3i),71
3024,Sprint Scout Helicopter (Interdictor),139
3025,Sprint Scout Helicopter (Laser),220
3027,Sprint Scout Helicopter (Troop Transport),71
5109,Sprite,622
5636,Sprite 2,590
5637,Sprite 3,439
3030,SRM Carrier,816
3028,SRM Carrier (3054 Upgrade),794
3029,SRM Carrier (C3),903
5590,SRM Carrier (Primitive),569
3031,SRM Carrier (WoB),958
9425,SRM Carrier C,1098
5110,SRM Foot Infantry,74
5111,St. Bernard Express Military Train Tractor,0
5112,St. Bernard Express Military Train Trailer (Cargo),0
5113,St. Bernard Express Military Train Trailer (Escort),0
5114,St. Bernard Express Military Train Trailer (Officer),0
5115,St. Bernard Express Military Train Trailer (Passenger),0
5116,St. Christopher Cargo Transport C1,0
5117,St. Christopher Cargo Transport C2,0
5118,St. Florian FLN-366 FireMech,833
7826,St. Florian FLN-366-M FireMech MOD,1266
3034,Stag II ST-24G,1625
3033,Stag ST-14G,1351
6515,Stalker II STK-9A,2261
3035,Stalker STK-3F,1559
3036,Stalker STK-3F (Jagawen),1570
5119,Stalker STK-3F (Jamison),2707
3037,Stalker STK-3Fb,2029
5870,Stalker STK-3Fk,0
3038,Stalker STK-3H,1624
3039,Stalker STK-4N,1558
5120,Stalker STK-4P,1461
3040,Stalker STK-5M,1655
3041,Stalker STK-5S,1423
5121,Stalker STK-6M,2029
3042,Stalker STK-7C3BS,1712
3043,Stalker STK-7D,1872
3044,Stalker STK-8S,2020
8444,Stalker STK-9F,2469
3045,Stalking Spider,2232
3046,Stalking Spider 2,2056
3047,Stalking Spider 3,1643
6553,Stalking Spider II,1362
5500,Standard Infantry Outpost (All Eras),12
399,Star Adder (Blood Asp) A,3452
400,Star Adder (Blood Asp) B,2885
401,Star Adder (Blood Asp) C,2270
402,Star Adder (Blood Asp) D,2396
403,Star Adder (Blood Asp) E,3179
404,Star Adder (Blood Asp) F,2908
405,Star Adder (Blood Asp) G,3192
9485,Star Adder (Blood Asp) I,2242
406,Star Adder (Blood Asp) Prime,2654
9486,Star Adder (Blood Asp) T,3069
8426,Star Crusader A,2904
8427,Star Crusader B,2565
8425,Star Crusader Prime,3325
5123,Star Dagger S-2,315
8117,Star Dagger S-2B,537
5125,Star Lord JumpShip,0
5124,Star Lord JumpShip (Clan),0
8413,Star Python,1234
5126,Starcorps Industries Muskrat 379,0
5127,Starcorps Industries Muskrat 379-B,0
3760,Starfire Racer,0
5129,Starfire SF-1X,0
3048,Starslayer STY-2C,1365
7680,Starslayer STY-2C-EC,1407
3049,Starslayer STY-3C,1508
3050,Starslayer STY-3D,1593
3051,Starslayer STY-3Dr,1781
9315,Starslayer STY-4C,2218
3052,Stealth STH-1D,1231
3053,Stealth STH-1D (Anna),1540
3054,Stealth STH-2D,1508
3055,Stealth STH-2D1,1339
3056,Stealth STH-2D2,1339
3057,Stealth STH-3S,1577
5130,Stealth STH-5X,2240
6786,Stefan Amaris BattleShip,0
6637,Sternensturm STM-O,1405
6638,Sternensturm STM-OA,1676
6639,Sternensturm STM-OB,1512
5131,Stiletto STO-4A,859
5132,Stiletto STO-4B,1164
5666,Stiletto STO-4C,941
5133,Stiletto STO-6S,1171
5134,Stiletto STO-6X,1199
8127,Stinger C,592
8128,Stinger C 2,754
5135,Stinger IIC,730
5136,Stinger IIC 2,0
5137,Stinger LAM C,0
5140,Stinger LAM Mk I STG-A1,0
5138,Stinger LAM STG-A10,0
5139,Stinger LAM STG-A5,0
3058,Stinger STG-3G,497
3059,Stinger STG-3Gb,674
3060,Stinger STG-3P,489
3061,Stinger STG-3R,359
8123,Stinger STG-4G,541
3062,Stinger STG-5G,614
3063,Stinger STG-5M,432
3064,Stinger STG-5R,492
3065,Stinger STG-5T,341
8125,Stinger STG-6G,503
3066,Stinger STG-6L,680
8126,Stinger STG-6M,503
8124,Stinger STG-6R,454
3067,Stinger STG-6S,478
3068,Stinger STG-7S,382
3069,Stingray F-90,1268
3070,Stingray F-90S,1108
3071,Stingray F-92,1537
3072,Stingray F-92 (Michael),1514
3073,Stingray F-94,1268
3074,Stingray F-95,1597
6814,Stingray F-96R,1357
3075,Stoat Scout Car,88
3076,Stooping Hawk A,2319
3077,Stooping Hawk B,2111
3078,Stooping Hawk C,2435
3079,Stooping Hawk D,1838
3080,Stooping Hawk E,1674
3081,Stooping Hawk F,1988
3082,Stooping Hawk G,1657
3083,Stooping Hawk Prime,2147
5142,Stork,0
5144,Stork Light Refueling Craft,436
5143,Stork Light Refueling Craft (Original),329
7649,Storm Giant,2676
5145,Storm Giant 2,2891
6615,Storm Raider STM-R1,593
6616,Storm Raider STM-R2,671
6614,Storm Raider STM-R3,791
6617,Storm Raider STM-R4,732
9415,Stormbird Battle Armor (Jade Falcon) (Sqd5),587
9412,Stormbird Battle Armor (Sqd4),470
9411,Stormbird Battle Armor (Sqd5),633
8205,Stormwolf A,2655
8206,Stormwolf B,3286
8207,Stormwolf C,3261
8208,Stormwolf D,3122
8204,Stormwolf Prime,2788
5374,Stratos Airliner WK-1000,0
4334,Streak Racer,0
3084,Strider SR1-O,867
3085,Strider SR1-OA,723
3086,Strider SR1-OB,910
3087,Strider SR1-OC,944
3088,Strider SR1-OD,873
3089,Strider SR1-OE,976
3090,Strider SR1-OF,1032
3091,Strider SR1-OG,883
6917,Strider SR1-OH,1192
6916,Strider SR1-OM,607
3092,Strider SR1-OR,1339
3093,Strider SR1-OX,889
5148,Striga S-STR-O Invictus,2586
5149,Striga S-STR-OA Dominus,2535
5150,Striga S-STR-OB Infernus,1871
5151,Striga S-STR-OC Comminus,2201
5152,Striga S-STR-OD Luminos,2443
5153,Striga S-STR-OE Eminus,2055
5585,Strike Falcon Attack VTOL,284
3105,Striker Light Tank,564
3097,"Striker Light Tank ""Wet Striker""",573
3098,Striker Light Tank (3053 Upgrade),691
3099,Striker Light Tank (3061 Upgrade),775
5154,Striker Light Tank (Ammo),701
3100,Striker Light Tank (Laser),860
3101,Striker Light Tank (LRM),605
3102,Striker Light Tank (Narc),621
3103,Striker Light Tank (Sealed),590
3104,Striker Light Tank (SRM),583
9563,Striker Light Tank (Stealth),684
3094,Striker STC-2C,1488
3095,Striker STC-2D,1644
8004,Striker STC-2L,1779
3096,Striker STC-2S,1466
7298,Strix Stealth VTOL,688
7857,StrongArm SC CV ConstructionMech,315
7858,StrongArm SC CV-M ConstructionMech  MOD,315
7859,StrongArm SC CVI ConstructionMech,315
3106,Stuka STU-D6,2251
3107,Stuka STU-D7,2596
5155,Stuka STU-K1,0
3108,Stuka STU-K10,1767
3109,Stuka STU-K15,1683
5156,Stuka STU-K2,0
3110,Stuka STU-K5,1790
3111,Stuka STU-K5b,2208
6764,Stuka STU-K5b2,0
7191,Sturmblitz Assault Gun,732
8152,Sturmblitz Assault Gun (2500 Upgrade),0
3112,"SturmFeur ""Kalki"" Cruise Missile Launcher",803
3115,SturmFeur Heavy Tank,1400
9372,SturmFeur Heavy Tank (Assault),2199
9370,SturmFeur Heavy Tank (Cell),1822
3113,SturmFeur Heavy Tank (Heavy Gauss),1711
5860,SturmFeur Heavy Tank (Moore),0
3114,SturmFeur Heavy Tank (SRM),1390
9371,SturmFeur Heavy Tank (Steiner),1685
9373,"SturmFeur Heavy Tank (Support) ""Gilmore""",1670
6967,SturmFeur Heavy Tank (WoB),1578
7816,Sturmvogel Gunship WiGE,614
7813,Sturmvogel Maritime Patrol WiGE,523
7815,Sturmvogel Maritime Patrol WiGE (LB-10X),624
7814,Sturmvogel Maritime Patrol WiGE (LB-2X),323
5158,Stygian Strike Tank,960
5157,Stygian Strike Tank (Armor),1001
5728,Stygian Strike Tank (WoB),714
3116,Submersible Mechanized Infantry,78
7929,SuburbanMech UM-R100,915
7928,SuburbanMech UM-R90,773
5159,Suffren Destroyer,0
5160,Sulla (MG),0
3117,Sulla A,1939
3118,Sulla B,1801
3119,Sulla C,2547
3120,Sulla D,1821
5162,Sulla E,2066
6816,Sulla F,1871
3121,Sulla Prime,2489
7624,Sun Bear A,2418
7625,Sun Bear B,2144
7623,Sun Bear Prime,2022
3122,Sun Cobra,1677
6893,Sun Cobra 2,2394
3123,Sunder SD1-O,1747
3124,Sunder SD1-O (Samual),1593
3125,Sunder SD1-OA,2003
3126,Sunder SD1-OB,1597
3127,Sunder SD1-OC,1735
3128,Sunder SD1-OD,1947
3129,Sunder SD1-OE,1876
6846,Sunder SD1-OF,1854
6845,Sunder SD1-OG,2594
3130,Sunder SD1-OR,2462
3131,Sunder SD1-OX,1761
5128,Sundiver Speedboat,0
5771,Super-Griffin GRF-2N-X,1310
5770,Super-Wasp WSP-2A-X,635
3132,Supernova,2801
3133,Supernova 2,2741
3134,Supernova 3,3448
3135,Supernova 4,3158
8132,Supernova 5,3075
7307,Surat (Gray Death) Solahma Suit (Sqd4),265
8822,Surat (Gray Death) Solahma Suit (Sqd5),357
9185,Surat (Gray Death) Solahma Suit (Sqd6),459
7884,Surtur SUR-T1,1203
3136,Surveillance Specialist,54
5166,Suvorov Tank,0
5167,Suzaku SU-14,1940
3139,Svantovit Infantry Fighting Vehicle,698
3137,"Svantovit Infantry Fighting Vehicle (ATM) ""Masada""",988
3138,Svantovit Infantry Fighting Vehicle (Original),889
5168,Svartalfa,540
8092,Svartalfa 2,631
8035,Svartalfa 3,493
6597,Swallow Attack WiGE,1313
6598,Swallow Attack WiGE (Original),1408
8059,Swallow Attack WiGE (Spotter),1153
3885,Swallow SA-10,0
3140,Swift C,562
3141,Swift SWF-606,298
7326,Swift SWF-606CA (Aaron),633
5169,Swift SWF-606R,166
3145,Swift Wind Scout Car,83
3142,Swift Wind Scout Car (ICE - Cargo),81
3143,Swift Wind Scout Car (ICE - Speed),39
3144,Swift Wind Scout Car (ICE),83
3886,Swiftran (Cargo),0
3887,Swiftran (Luxury),0
3888,Swiftran (Passenger),0
3889,Swiftran RTC-215M,0
8118,Swiftstar Mk. 20,0
7181,Swordsman SWD-1,692
7182,Swordsman SWD-2,803
8384,"Sylph Battle Armor ""Tinkerbelle"" (Sqd4)",271
5171,Sylph Battle Armor (Enhanced) (Sqd4),164
8678,Sylph Battle Armor (Enhanced) (Sqd5),221
9042,Sylph Battle Armor (Enhanced) (Sqd6),284
3146,Sylph Battle Armor (Sqd4),280
8587,Sylph Battle Armor (Sqd5),377
8951,Sylph Battle Armor (Sqd6),485
3147,Sylph Battle Armor (Upgrade) (Sqd4),213
8588,Sylph Battle Armor (Upgrade) (Sqd5),286
8952,Sylph Battle Armor (Upgrade) (Sqd6),368
5170,Sylph Battle Armor XR (Sqd4),195
8677,Sylph Battle Armor XR (Sqd5),263
9041,Sylph Battle Armor XR (Sqd6),338
5172,Sylvester Transport,0
3148,Tabanid Light Drone Fighter,956
5173,Tabanid Light Drone Fighter (Original),0
3149,TAG Spotter Infantry,75
3150,Tai-sho TSH-7S,1774
3151,Tai-sho TSH-8S,2001
3152,Talon TLN-5V,1075
3153,Talon TLN-5W,1175
7677,Talon TLN-5W-EC,1364
3154,Talon TLN-5Z,1168
3155,Talon TLN-6W,1341
5175,Talos TLS-1B,924
3158,Tamerlane Strike Sled,403
3156,Tamerlane Strike Sled (Flamer),436
3157,Tamerlane Strike Sled (RL),484
3159,Tamerlane Strike Sled 2,359
6652,Taranis Battle Armor (Sqd4),419
8782,Taranis Battle Armor (Sqd5),564
3160,Tarantula ZPH-1,666
3161,Tarantula ZPH-2A,744
3162,Tarantula ZPH-3A,702
3163,Tarantula ZPH-4A,967
6941,Tarantula ZPH-5A,806
3164,Targe TRG-1N,813
3165,Targe TRG-2N,1078
6915,Targe TRG-3M,1233
5524,Target Artillery Spotter Bunker,0
5176,Tariq-Mounted Platoon (Fed. Rifle),0
5177,Tariq-Mounted Platoon (LRR),0
5178,"Tariq-Mounted Platoon (Rifle, Ballistic)",0
5179,Tatsu MIK-O,1541
5181,Tatsu MIK-OA,1864
5182,Tatsu MIK-OB,1954
5183,Tatsu MIK-OC,1830
5755,Tatsu MIK-OD,1666
5756,Tatsu MIK-OE,2241
6811,Tatsu MIK-OF,1662
5184,Tatsumaki Destroyer,0
3166,Tau Wraith,48
3167,Tau Zombie,113
3168,Temax Cat Ninjabolt TMC-NB,1475
8005,Tempest C,2179
5190,Tempest Hovercar,0
5187,Tempest TMP-2M,0
5188,Tempest TMP-3G,1810
3169,Tempest TMP-3M,1786
3170,"Tempest TMP-3M2 ""Storm Tempest""",1642
5189,Tempest TMP-3MA,1425
8006,Tempest TMP-4M,1937
7955,"Templar III TLR-2J ""Arthur""",2722
6353,Templar III TLR2-O,2028
6354,Templar III TLR2-OA,1677
6355,Templar III TLR2-OB,1918
6356,Templar III TLR2-OC,1993
6357,Templar III TLR2-OD,2108
5191,Templar TLR1-O,2045
5192,Templar TLR1-O (Grayson),1868
5193,Templar TLR1-O (Tancred),2273
5195,Templar TLR1-OA,2070
5196,Templar TLR1-OB,1806
5197,Templar TLR1-OC,2063
5707,Templar TLR1-OD,1840
5708,Templar TLR1-OE,1865
5709,Templar TLR1-OF,2029
5710,Templar TLR1-OG,1632
5711,Templar TLR1-OH,1958
5712,Templar TLR1-OI,2202
6852,Templar TLR1-OR,2423
3171,Templar TLR1-OU,1747
7637,Templar TRL1-OBLO,2062
5201,Tengu Heavy Battle Armor (Support) [LRR] (Sqd4),270
8682,Tengu Heavy Battle Armor (Support) [LRR] (Sqd5),363
9046,Tengu Heavy Battle Armor (Support) [LRR] (Sqd6),467
5203,Tengu Heavy Battle Armor (SVSP) (Sqd4),268
8683,Tengu Heavy Battle Armor (SVSP) (Sqd5),361
9047,Tengu Heavy Battle Armor (SVSP) (Sqd6),464
5198,Tengu Heavy Battle Armor [C3i] (Sqd4),193
8679,Tengu Heavy Battle Armor [C3i] (Sqd5),260
9043,Tengu Heavy Battle Armor [C3i] (Sqd6),335
5199,Tengu Heavy Battle Armor [ML] (Sqd4),349
8680,Tengu Heavy Battle Armor [ML] (Sqd5),470
9044,Tengu Heavy Battle Armor [ML] (Sqd6),604
5204,Tengu Heavy Battle Armor [Plasma] (Sqd4),250
8684,Tengu Heavy Battle Armor [Plasma] (Sqd5),336
9048,Tengu Heavy Battle Armor [Plasma] (Sqd6),432
5200,Tengu Heavy Battle Armor [RL] (Sqd4),260
8681,Tengu Heavy Battle Armor [RL] (Sqd5),350
9045,Tengu Heavy Battle Armor [RL] (Sqd6),450
5206,Tenmaku Command Trailer,0
6421,Tenshi TN-10-O,2542
6422,Tenshi TN-10-OA,1829
6423,Tenshi TN-10-OB,3002
6424,Tenshi TN-10-OR,2237
5207,Teppō Artillery Vehicle,1874
8377,"Tessen 'TSN-X-4R ""Rapunzel""",1474
5208,Tessen TSN-1C,1162
3172,Tessen TSN-1Cr,1241
5209,Tessen TSN-C3,1234
5678,Tessen TSN-C3M,1547
5549,Tessen TSN-X-4,1263
6544,Testudo Siege Tank,1336
5210,Texas Battleship (2618),0
5211,Texas Battleship (Clan),0
5213,TGV Omni Railcar A,0
5214,TGV Omni Railcar B,0
5215,TGV Omni Railcar C,0
5216,TGV Omni Railcar D,0
5217,TGV Omni Railcar Primary,0
5218,Thanatos TNS-4S,1844
3173,Thanatos TNS-4S (Felix),2122
5700,Thanatos TNS-4T,1760
5701,Thanatos TNS-6S,1936
6487,Thang-Ta APC,241
5219,Tharkad Battlecruiser (2690),0
5220,Tharkad Battlecruiser (WoB),0
5221,Thera Carrier,200539
5222,Thor (Summoner) (Aidan),0
5223,Thor (Summoner) (Marthe),0
3174,Thor (Summoner) A,2145
6876,Thor (Summoner) AA,2216
3175,Thor (Summoner) B,2159
3176,Thor (Summoner) C,2379
3177,Thor (Summoner) D,2643
3178,Thor (Summoner) E,2612
5490,Thor (Summoner) F,2186
3179,Thor (Summoner) G,2452
3180,Thor (Summoner) H,2536
3181,Thor (Summoner) HH,2490
7489,Thor (Summoner) J,2666
3182,Thor (Summoner) M,2251
3183,Thor (Summoner) Prime,2298
3184,Thor (Summoner) Q,2479
7490,Thor (Summoner) T,2355
3185,Thor (Summoner) U,3092
5821,Thor (Summoner) Z,2783
3189,Thor Artillery Vehicle,608
3186,Thor Artillery Vehicle (AC),664
3187,Thor Artillery Vehicle (C3i),482
3188,Thor Artillery Vehicle (Clan),830
6282,Thor II (Grand Summoner) A,2473
6283,Thor II (Grand Summoner) B,2354
6284,Thor II (Grand Summoner) C,2351
6285,Thor II (Grand Summoner) D,2878
7426,Thor II (Grand Summoner) E,2638
6281,Thor II (Grand Summoner) Prime,2554
5849,Thorizer,0
3190,Thorn THE-F,510
3191,Thorn THE-N,546
3192,Thorn THE-N1,656
3193,Thorn THE-N2,410
3194,Thorn THE-Nb,740
3195,Thorn THE-S,510
3196,Thorn THE-T,500
5226,"Three-Man Digging Machine ""Hedgehog"" MiningMech",0
3198,Thresher,2314
3197,Thresher (Edward),2104
3199,Thresher 2,2337
7502,Thresher Mk II,3364
3200,"Thrush (Maximilian) ""C-1247""",345
5227,Thrush TR-5,0
3201,Thrush TR-7,476
3202,Thrush TR-7p,362
3203,Thrush TR-8,607
8015,Thrush TR-9,1140
3204,Thug THG-10E,1501
3205,Thug THG-11E,1640
5228,Thug THG-11E (Reich),2612
3206,Thug THG-11Eb,1759
7322,Thug THG-11ECX (Jose),1668
3207,Thug THG-12E,1751
3208,Thug THG-12K,1824
3209,Thug THG-13K,2086
8171,Thug THG-13U,2545
3210,Thumper Artillery Vehicle,568
5229,Thumper Artillery Vehicle (Angel),758
3211,Thumper Artillery Vehicle Maxwell,758
3212,Thumper Artillery Vehicle TAV-1,731
3213,Thumper Artillery Vehicle TAV-2,682
3217,Thunder Fox TFT-A9,1325
3218,Thunder Fox TFT-C3,1104
6892,Thunder Fox TFT-F11,2426
3219,Thunder Fox TFT-L8,1513
3220,Thunder Hawk TDK-7KMA,2449
3221,Thunder Hawk TDK-7S,2440
3222,Thunder Hawk TDK-7X,2577
3223,Thunder Hawk TDK-7Y,2489
9581,Thunder Hawk TDK-7Z,2419
3224,Thunder Stallion,2306
3225,"Thunder Stallion 2 ""Fire Stallion""",2575
3226,Thunder Stallion 3,2631
7720,Thunder Stallion 4,2607
3214,Thunder THR-1L,1471
3215,Thunder THR-2L,1951
3216,Thunder THR-3L,1904
5230,Thunder THR-C4,2028
6736,Thunderbird Battle Armor (Upgrade) [ER Laser] (Sqd4),367
8791,Thunderbird Battle Armor (Upgrade) [ER Laser] (Sqd5),495
6737,Thunderbird Battle Armor (Upgrade) [LB-X] (Sqd4),323
8792,Thunderbird Battle Armor (Upgrade) [LB-X] (Sqd5),435
6738,Thunderbird Battle Armor (Upgrade) [Pulse Laser] (Sqd4),339
8793,Thunderbird Battle Armor (Upgrade) [Pulse Laser] (Sqd5),457
3228,Thunderbird Battle Armor [AP Gauss] (Sqd4),260
8589,Thunderbird Battle Armor [AP Gauss] (Sqd5),350
3229,Thunderbird Battle Armor [ER Laser] (Sqd4),300
8590,Thunderbird Battle Armor [ER Laser] (Sqd5),404
3230,Thunderbird Battle Armor [Pulse Laser] (Sqd4),272
8591,Thunderbird Battle Armor [Pulse Laser] (Sqd5),366
7357,Thunderbird II Battle Armor (Sqd4),345
8823,Thunderbird II Battle Armor (Sqd5),464
5231,Thunderbird TRB-D36,1932
3227,Thunderbird TRB-D36b,2826
5232,Thunderbird TRB-D46,2320
5233,Thunderbird TRB-D50,1828
5234,Thunderbird TRB-D56,2665
5577,Thunderbird TRB-XTS,2494
3231,Thunderbolt C,1671
8195,Thunderbolt C 2,2170
5239,Thunderbolt IIC,2475
5240,Thunderbolt IIC 2,2174
3232,Thunderbolt TDR-10M,1727
3233,Thunderbolt TDR-10M (Ilyena),1616
3234,Thunderbolt TDR-10M (Salazar),1763
6877,Thunderbolt TDR-10S,1766
3235,Thunderbolt TDR-10SE,2008
8193,Thunderbolt TDR-11S,1570
3236,Thunderbolt TDR-11SE,1754
8194,Thunderbolt TDR-12R,1975
3237,Thunderbolt TDR-17S,1803
5237,Thunderbolt TDR-1C,1237
7431,Thunderbolt TDR-5D,1231
7762,Thunderbolt TDR-5L,0
7763,Thunderbolt TDR-5LS,0
3238,Thunderbolt TDR-5S,1335
3242,Thunderbolt TDR-5S-T (Tallman),1447
3239,Thunderbolt TDR-5Sb,1613
6766,Thunderbolt TDR-5Sb2,0
5868,Thunderbolt TDR-5Sd,0
3240,Thunderbolt TDR-5SE,1414
3241,Thunderbolt TDR-5SS,1337
3243,Thunderbolt TDR-60-RLA,1975
3244,Thunderbolt TDR-7M,1495
8190,Thunderbolt TDR-7S,1582
3245,Thunderbolt TDR-7SE,1809
8191,Thunderbolt TDR-8M,1644
3246,Thunderbolt TDR-9M,1648
3247,Thunderbolt TDR-9NAIS,1864
3248,Thunderbolt TDR-9Nr,1635
3249,Thunderbolt TDR-9S,1494
3250,Thunderbolt TDR-9SE,1439
3251,Thunderbolt TDR-9T,1589
8192,Thunderbolt TDR-9W,1985
5241,"Ti Ts'ang ""China Doll""",1739
6884,Ti Ts'ang TSG-10L,1730
3252,Ti Ts'ang TSG-9C,1989
5242,Ti Ts'ang TSG-9DDC,2013
3254,Ti Ts'ang TSG-9H,1880
7395,Ti Ts'ang TSG-9H (Jason),1641
3255,Ti Ts'ang TSG-9J,1909
6822,Tiamat II (3112),57241
5243,Tiamat Pocket Warship,50146
6469,Tian-zong TNZ-N1,2167
6470,Tian-zong TNZ-N2,1726
7402,Tian-zong TNZ-N2 (Jasminda),1826
6468,Tian-zong TNZ-N3,2072
6552,Tiburon,1841
9252,Tiburon 2,1691
8153,Tiger Medium Tank (Prototype),0
5244,Tiger Medium Tank T-12,574
5245,Tigershark,0
5246,Tigershrike Hovercraft,0
5247,Tigress Close Patrol Craft TIG-15,0
9357,TinStar Battle Armor (Original) (Sqd4),382
9358,TinStar Battle Armor (Original) (Sqd5),515
9359,TinStar Battle Armor (Original) (Sqd6),662
7700,TinStar Battle Armor (Sqd4),272
9355,TinStar Battle Armor (Sqd5),366
9356,TinStar Battle Armor (Sqd6),471
5248,Titan (2647),0
5249,Titan (Clan),0
3258,Titan II TI-2P,2143
3259,Titan II TI-2PA,2468
3257,Titan TI-1A,1959
6827,Titan TI-1Aj,2328
6826,Titan TI-1Ar,2165
3263,Tokugawa Heavy Tank,912
8217,Tokugawa Heavy Tank (Arrow IV),0
3260,Tokugawa Heavy Tank (C3),891
3261,Tokugawa Heavy Tank (MRM),941
3262,Tokugawa Heavy Tank (SD2),991
3264,Tokugawa Heavy Tank (Streak),921
3265,Tokugawa Heavy Tank TKG-150,731
3266,Tokugawa Heavy Tank TKG-151,654
3267,Tokugawa Heavy Tank Yumi,1127
7882,Tolva,1449
6299,Tomahawk A,2762
6300,Tomahawk B,3323
3268,Tomahawk C,1648
6301,Tomahawk C,2985
3269,Tomahawk CH,1589
5558,Tomahawk CX-11,0
6304,Tomahawk II A,2697
6305,Tomahawk II B,3513
6306,Tomahawk II C,2938
6303,Tomahawk II Prime,3334
6298,Tomahawk Prime,3101
3270,Tomahawk THK-33,1069
3271,Tomahawk THK-43,1038
3272,Tomahawk THK-53,1105
3273,Tomahawk THK-63,1038
7688,Tomahawk THK-63-EC,1038
5255,Tomahawk THK-63b,1481
6763,Tomahawk THK-63b2,0
3274,Tomahawk THK-63CS,1204
3275,Tonbo Superheavy Transport,233
5256,Tornado PA(L) G12 (Sqd4),47
8685,Tornado PA(L) G12 (Sqd5),63
9049,Tornado PA(L) G12 (Sqd6),81
5257,Tornado PA(L) G13 [David Light Gauss] (Sqd4),80
8686,Tornado PA(L) G13 [David Light Gauss] (Sqd5),108
9050,Tornado PA(L) G13 [David Light Gauss] (Sqd6),138
5258,Tornado PA(L) G13 [Flamer] (Sqd4),69
8687,Tornado PA(L) G13 [Flamer] (Sqd5),92
9051,Tornado PA(L) G13 [Flamer] (Sqd6),119
5259,Tornado PA(L) G13 [Grenade Launcher] (Sqd4),52
8688,Tornado PA(L) G13 [Grenade Launcher] (Sqd5),70
9052,Tornado PA(L) G13 [Grenade Launcher] (Sqd6),90
5260,Tornado PA(L) G13 [Machine Gun] (Sqd4),69
8689,Tornado PA(L) G13 [Machine Gun] (Sqd5),92
9053,Tornado PA(L) G13 [Machine Gun] (Sqd6),119
5261,Tornado PA(L) G13 [Small Laser] (Sqd4),91
8690,Tornado PA(L) G13 [Small Laser] (Sqd5),123
9054,Tornado PA(L) G13 [Small Laser] (Sqd6),158
5263,Tornado PA(L) G14 (Sqd4),41
8691,Tornado PA(L) G14 (Sqd5),55
9055,Tornado PA(L) G14 (Sqd6),70
5612,Tornado PA(L) G17 (Sqd4),56
8709,Tornado PA(L) G17 (Sqd5),76
9073,Tornado PA(L) G17 (Sqd6),97
5264,"Tornado PA(L) P12 ""Hurricane"" (Sqd4)",47
8692,"Tornado PA(L) P12 ""Hurricane"" (Sqd5)",64
9056,"Tornado PA(L) P12 ""Hurricane"" (Sqd6)",82
5560,"Tornado PA(L) P17 ""Hurricane"" (Sqd4)",212
8706,"Tornado PA(L) P17 ""Hurricane"" (Sqd5)",285
9070,"Tornado PA(L) P17 ""Hurricane"" (Sqd6)",367
3276,Toro TR-A-1,671
3277,Toro TR-A-6,864
9250,Toro TR-B-12,1029
9249,Toro TR-B-9,915
5266,Torrent Heavy Bomber,0
5265,Torrent Heavy Bomber (Fire Fighting),0
5267,Torrent Heavy Bomber ASW,0
5268,Torrent Heavy Bomber FC,0
5269,Torrent Heavy Bomber IC,0
7362,Tortoise II Battle Armor [aSRM] (Sqd4),742
8827,Tortoise II Battle Armor [aSRM] (Sqd5),998
9190,Tortoise II Battle Armor [aSRM] (Sqd6),1284
7359,Tortoise II Battle Armor [C3] (Sqd4),619
8824,Tortoise II Battle Armor [C3] (Sqd5),833
9187,Tortoise II Battle Armor [C3] (Sqd6),1071
7360,Tortoise II Battle Armor [LRM] (Sqd4),745
8825,Tortoise II Battle Armor [LRM] (Sqd5),1003
9188,Tortoise II Battle Armor [LRM] (Sqd6),1289
7361,Tortoise II Battle Armor [SRM] (Sqd4),788
8826,Tortoise II Battle Armor [SRM] (Sqd5),1061
9189,Tortoise II Battle Armor [SRM] (Sqd6),1364
3278,Toyama TYM-1A,1714
3279,Toyama TYM-1B,1788
3280,Toyama TYM-1C,1727
7811,TrackBike,19
9228,Tracked Quad,0
5270,Tracker Surveillance,0
5271,Trader JumpShip,0
3282,Trajan Assault Infantry Fighting Vehicle,1182
3281,Trajan Assault Infantry Fighting Vehicle (ICE),1043
5273,Tramp JumpShip,0
5272,Tramp JumpShip (Lithium-Fusion),0
7799,Tramp JumpShip (SW Downgrade),0
3283,Transgressor TR-13,1467
3284,Transgressor TR-13A,1664
3285,"Transgressor TR-14 ""AC""",1179
3286,Transgressor TR-15,2238
3287,Transgressor TR-16,1987
3288,Transit TR-10,1091
3289,Transit TR-11,815
3290,Transit TR-12,1616
5274,Transit TR-13G,1522
3291,"Transit TR-13X ""Glare""",1683
8119,Transit TR-9,1148
1706,Transportable Field Repair Unit JI-100,199
4403,"Transportable Field Repair Unit JI-50 ""Jifty""",329
4405,"Transportable Field Repair Unit JI-50 ""Jifty"" (Hoist)",231
4404,"Transportable Field Repair Unit JI-50 ""Jifty"" (MG)",231
4406,"Transportable Field Repair Unit JI-50 ""Jifty"" (ML)",304
4407,"Transportable Field Repair Unit JI-50 ""Jifty"" (Q-Vehicle)",523
3292,Trebaruna TR-XB,2223
6834,Trebaruna TR-XH,2453
3293,Trebaruna TR-XJ,2270
3294,Trebaruna TR-XL,2244
3295,Trebuchet TBT-3C,1342
3296,Trebuchet TBT-5J,1191
3297,Trebuchet TBT-5N,1191
3298,Trebuchet TBT-5S,984
3299,Trebuchet TBT-7K,996
3300,Trebuchet TBT-7M,1348
8378,"Trebuchet TBT-7MM ""Merida""",2028
3301,Trebuchet TBT-8B,1314
3302,Trebuchet TBT-9K,1329
7500,Trebuchet TBT-9N,1550
6901,Trebuchet TBT-9R,2165
5275,Trebuchet TBT-K7R,1408
5563,Trebuchet TBT-XK7,1549
6958,Tribune Mobile Tactical Command HQ,424
3303,Trident TRN-3T,374
5276,Trident TRN-3Tb,538
5277,Trident TRN-3U,385
5278,Trident TRN-3V,637
7810,Trike,11
3304,Trinity Medium Battle Armor (Asterion Upgrade) [MRR] (Sqd4),251
8592,Trinity Medium Battle Armor (Asterion Upgrade) [MRR] (Sqd5),338
8956,Trinity Medium Battle Armor (Asterion Upgrade) [MRR] (Sqd6),435
3305,Trinity Medium Battle Armor (Asterion Upgrade) [PPC] (Sqd4),231
8593,Trinity Medium Battle Armor (Asterion Upgrade) [PPC] (Sqd5),311
8957,Trinity Medium Battle Armor (Asterion Upgrade) [PPC] (Sqd6),400
5280,Trinity Medium Battle Armor (Asterion) [MRR] (Sqd4),207
8693,Trinity Medium Battle Armor (Asterion) [MRR] (Sqd5),279
9057,Trinity Medium Battle Armor (Asterion) [MRR] (Sqd6),358
5281,Trinity Medium Battle Armor (Asterion) [PPC] (Sqd4),187
8694,Trinity Medium Battle Armor (Asterion) [PPC] (Sqd5),252
9058,Trinity Medium Battle Armor (Asterion) [PPC] (Sqd6),324
5283,Trinity Medium Battle Armor (Theseus RL)  [LRR] (Sqd4),203
8695,Trinity Medium Battle Armor (Theseus RL) [LRR] (Sqd5),273
9059,Trinity Medium Battle Armor (Theseus RL) [LRR] (Sqd6),352
3306,"Trinity Medium Battle Armor (Theseus Support) ""Killshot"" (Sqd4)",191
8594,"Trinity Medium Battle Armor (Theseus Support) ""Killshot"" (Sqd5)",257
8958,"Trinity Medium Battle Armor (Theseus Support) ""Killshot"" (Sqd6)",331
5285,Trinity Medium Battle Armor (Theseus) [MRR] (Sqd4),207
8696,Trinity Medium Battle Armor (Theseus) [MRR] (Sqd5),279
9060,Trinity Medium Battle Armor (Theseus) [MRR] (Sqd6),358
3307,Trinity Medium Battle Armor (Ying Long BC3) [David] (Sqd4),172
8595,Trinity Medium Battle Armor (Ying Long BC3) [David] (Sqd5),232
8959,Trinity Medium Battle Armor (Ying Long BC3) [David] (Sqd6),298
5288,Trinity Medium Battle Armor (Ying Long) [Plasma] (Sqd4),212
8697,Trinity Medium Battle Armor (Ying Long) [Plasma] (Sqd5),285
9061,Trinity Medium Battle Armor (Ying Long) [Plasma] (Sqd6),367
3309,Trireme Infantry Transport,132
3308,Trireme Infantry Transport (CS),417
7384,Triskelion TRK-4V,2837
5290,Triton,286
5291,Triton 2,274
5292,Triton 3,276
5293,Triton 4,207
8150,Triton Missile Submarine (Piranha),0
5295,Triumph (2593),0
5298,Troika CMT-3T,1888
3310,Troika CMT-3TV (Viktor),2975
5299,Troika CMT-4U,1790
5754,Troika CMT-6T,1493
6813,Troika CMT-7T,1593
5300,Trojan (Blockade Runner),0
7407,Trooper TP-1R,236
8220,Trooper VTOL,0
6641,Trutzburg,11580
3311,Tsunami TS-P1,933
3312,Tsunami TS-P1D,1298
5779,Tsuru VIP Aircraft,0
3314,Tufana Hovercraft,583
3313,Tufana Hovercraft (iNarc),756
3315,Tundra Wolf,3131
3316,Tundra Wolf 2,3626
3317,Tundra Wolf 3,3292
3318,Tundra Wolf 4,2873
6862,Tundra Wolf 5,2645
5303,Tunnel Rat I Mining Exoskeleton [Armored Glove] (Sqd4),20
8698,Tunnel Rat I Mining Exoskeleton [Armored Glove] (Sqd5),27
9062,Tunnel Rat I Mining Exoskeleton [Armored Glove] (Sqd6),35
7218,Tunnel Rat I Mining Exoskeleton [Industrial Drill] (Sqd4),20
8820,Tunnel Rat I Mining Exoskeleton [Industrial Drill] (Sqd5),27
9183,Tunnel Rat I Mining Exoskeleton [Industrial Drill] (Sqd6),35
5304,Tunnel Rat II Mining Exoskeleton [Armored Glove] (Sqd4),20
8699,Tunnel Rat II Mining Exoskeleton [Armored Glove] (Sqd5),27
9063,Tunnel Rat II Mining Exoskeleton [Armored Glove] (Sqd6),35
7219,Tunnel Rat II Mining Exoskeleton [Industrial Drill] (Sqd4),20
8821,Tunnel Rat II Mining Exoskeleton [Industrial Drill] (Sqd5),27
9184,Tunnel Rat II Mining Exoskeleton [Industrial Drill] (Sqd6),35
5305,Tunnel Rat III Mining Exoskeleton [Armored Glove] (Sqd4),37
8700,Tunnel Rat III Mining Exoskeleton [Armored Glove] (Sqd5),50
9064,Tunnel Rat III Mining Exoskeleton [Armored Glove] (Sqd6),65
7213,Tunnel Rat III Mining Exoskeleton [Industrial Drill] (Sqd4),37
8815,Tunnel Rat III Mining Exoskeleton [Industrial Drill] (Sqd5),50
9178,Tunnel Rat III Mining Exoskeleton [Industrial Drill] (Sqd6),65
7214,Tunnel Rat IV Mining Exoskeleton [Armored Glove/GL] (Sqd4),41
8816,Tunnel Rat IV Mining Exoskeleton [Armored Glove/GL] (Sqd5),55
9179,Tunnel Rat IV Mining Exoskeleton [Armored Glove/GL] (Sqd6),71
7215,Tunnel Rat IV Mining Exoskeleton [Armored Glove/LMG] (Sqd4),54
8817,Tunnel Rat IV Mining Exoskeleton [Armored Glove/LMG] (Sqd5),73
9180,Tunnel Rat IV Mining Exoskeleton [Armored Glove/LMG] (Sqd6),94
7216,Tunnel Rat IV Mining Exoskeleton [Battle Claw/GL] (Sqd4),44
8818,Tunnel Rat IV Mining Exoskeleton [Battle Claw/GL] (Sqd5),60
9181,Tunnel Rat IV Mining Exoskeleton [Battle Claw/GL] (Sqd6),77
7217,Tunnel Rat IV Mining Exoskeleton [Battle Claw/LMG] (Sqd4),71
8819,Tunnel Rat IV Mining Exoskeleton [Battle Claw/LMG] (Sqd5),96
9182,Tunnel Rat IV Mining Exoskeleton [Battle Claw/LMG] (Sqd6),123
3320,Turhan Urban Combat Vehicle,673
3319,Turhan Urban Combat Vehicle (C3),709
5306,Turhan Urban Combat Vehicle (Original),640
3321,Turk A,1956
3322,Turk B,1774
3323,Turk C,2226
3324,Turk D,2295
5308,Turk E,1845
3325,Turk Prime,2668
3326,Turkina A,2906
3327,Turkina B,3420
3328,Turkina C,2798
3329,Turkina D,3132
3330,Turkina E,3147
3331,Turkina H,2712
8213,Turkina M,2495
3332,Turkina Prime,2944
8212,Turkina T,3080
3333,Turkina U,2478
3334,Turkina X,3056
5832,Turkina Z,3935
5310,Typhoon TFN-2A,1548
5311,Typhoon TFN-3A,1367
5312,Typhoon TFN-3M,1593
5313,Typhoon TFN-5H,1971
3337,Typhoon Urban Assault Vehicle,1104
3335,Typhoon Urban Assault Vehicle (LB-X),1064
3336,Typhoon Urban Assault Vehicle (RAC),1434
3338,Typhoon Urban Assault Vehicle (Tracked),1166
5314,Tyr Infantry Support Tank,1260
5730,Tyr Infantry Support Tank (Kurita),687
5316,Tyre,1852
3339,Tyre (Michiko),1834
5317,Tyre 2,1837
5315,Tyre 3,1499
5547,Uller (Kit Fox) (Rood),0
3340,Uller (Kit Fox) A,1310
3341,Uller (Kit Fox) B,1087
7632,Uller (Kit Fox) BLO,988
3342,Uller (Kit Fox) C,1147
3343,Uller (Kit Fox) D,1142
3344,Uller (Kit Fox) E,1415
3345,Uller (Kit Fox) F,1219
5486,Uller (Kit Fox) G,1368
3346,Uller (Kit Fox) H,1214
6932,Uller (Kit Fox) I,1936
7744,Uller (Kit Fox) J,1178
7745,Uller (Kit Fox) K,1109
3347,Uller (Kit Fox) Prime,1085
6931,Uller (Kit Fox) R,1232
3348,Uller (Kit Fox) S,1342
7743,Uller (Kit Fox) T,1397
3349,Uller (Kit Fox) U,1486
7746,Uller (Kit Fox) V,974
3350,Uller (Kit Fox) W,1431
5319,Uma JumpShip,0
5320,Umbra RF-1,1319
8383,"Undine Battle Armor ""Sebastian"" (Sqd4)",229
3351,Undine Battle Armor (Sqd4),203
8596,Undine Battle Armor (Sqd5),273
8960,Undine Battle Armor (Sqd6),352
3352,Undine Battle Armor (Upgrade) (Sqd4),336
8597,Undine Battle Armor (Upgrade) (Sqd5),452
8961,Undine Battle Armor (Upgrade) (Sqd6),581
5321,Uni ATAE-70 CargoMech,533
8101,Uni ATAE-70A ArtilleryMech,865
6977,Uni ATAE-70M MiltiaMech,736
7175,Uni ATAE-70T CargoMech,542
5323,Union (2708),3962
5325,Union C,0
5763,Union-X (3071),9300
6677,Uraeus UAE-7R,1843
5327,Urban Enforcer IV,0
3361,UrbanMech IIC,798
3362,UrbanMech IIC 2,855
3353,UrbanMech UM-AIV,603
9498,UrbanMech UM-R27,610
5328,UrbanMech UM-R50,0
3354,UrbanMech UM-R60,504
3355,UrbanMech UM-R60L,470
3356,UrbanMech UM-R63,540
3357,UrbanMech UM-R68,561
3358,UrbanMech UM-R69,589
3359,UrbanMech UM-R70,724
3360,UrbanMech UM-R80,699
7344,UrbanMech UM-R93,894
7453,UrbanMech UM-R96,852
6627,Ursa URA-2A,1887
6628,Ursa URA-2C,2570
3363,Ursus,1778
3364,Ursus 2,2054
5329,Ursus 3,1284
3365,Ursus II,2069
5330,Ursus PR,1194
7412,UTR-588 Recovery Vehicle,407
5331,Uziel UZL-2S,1352
3366,Uziel UZL-2S (Jacob II),1271
3367,Uziel UZL-2S (Jacob),1513
5332,Uziel UZL-3S,1189
5679,Uziel UZL-8S,1393
5364,V-Twin Outlaw,0
6773,Vali Artillery Vehicle,653
6774,Vali Artillery Vehicle (Original),0
3368,Valiant V4-LNT-J3,926
3369,Valiant V4-LNT-K7,894
3370,"Valiant VAL-NT-JX ""Hot Knife""",989
3371,Valiant VLN-3T,852
7293,Valiant VLT-3E,1019
7701,Valkyrie C,936
3372,Valkyrie VLK-QA,723
3373,Valkyrie VLK-QD,807
3374,Valkyrie VLK-QD1,878
3375,Valkyrie VLK-QD2,638
3376,Valkyrie VLK-QD3,882
3377,Valkyrie VLK-QD4,657
8104,Valkyrie VLK-QD5,690
7703,Valkyrie VLK-QD6,827
6930,Valkyrie VLK-QD8,787
7702,Valkyrie VLK-QDD,834
3378,Valkyrie VLK-QF,653
3379,Valkyrie VLK-QS5,774
3380,Valkyrie VLK-QT2,863
3381,Valkyrie VLK-QW5,701
5333,Vampire,2113
5334,Vampyr SC-V-1 SalvageMech,540
3382,Vandal A,837
3383,Vandal B,878
3384,Vandal C,1312
3385,Vandal D,1010
5336,Vandal E,418
6461,Vandal LI-O,1881
6462,Vandal LI-OA,1865
6463,Vandal LI-OB,1666
3386,Vandal Prime,525
5337,Vanir Assault DropShip,0
5338,Vanquisher VQR-2A,2234
5339,Vanquisher VQR-2B,2073
5340,Vanquisher VQR-5V,2332
5721,Vanquisher VQR-7U,2144
5722,Vanquisher VQR-7V,2420
7342,Vanquisher VQR-7V (Pravuil),2073
7615,Vargr APC Tank,758
7616,Vargr APC Tank (LRM),827
6768,Vector Combat Support VTOL,512
6771,Vector Combat Support VTOL (Attack),0
6770,Vector Combat Support VTOL (EW),0
6769,Vector Combat Support VTOL (Scout),0
3395,Vedette Medium Tank,475
3387,"Vedette Medium Tank ""Doris' Delight""",1219
8299,Vedette Medium Tank (AC/10),649
3388,Vedette Medium Tank (AC2),458
9481,Vedette Medium Tank (Armor),944
3389,Vedette Medium Tank (Cell),731
3390,Vedette Medium Tank (LB-X),552
3391,Vedette Medium Tank (Liao),495
3392,Vedette Medium Tank (Light Gauss),478
3393,Vedette Medium Tank (NETC),545
3394,Vedette Medium Tank (RAC),712
3396,Vedette Medium Tank (Ultra),590
3397,Vedette Medium Tank V-G7X,1223
5341,Vedette Medium Tank V7,599
6788,Vedette Medium Tank V9,1146
5625,Vendetta Medium Fighter,0
5342,Vengeance (2682),0
5343,Vengeance (3056),0
5578,Vengeance Danai Centrella,19450
3398,Venom SDR-9K,798
3399,Venom SDR-9KA,865
3400,Venom SDR-9KB,769
3401,Venom SDR-9KC,939
8007,Venom SDR-9KE,803
5345,Venturer Light Cruiser,0
5346,Verfolger VR5-R,1639
5688,Verfolger VR6-C,1584
5689,Verfolger VR6-T,1811
5347,Verne Cargo Sub,0
3403,Victor C,1925
3404,Victor VTR-10D,1894
3405,Victor VTR-10L,2279
5458,Victor VTR-10S,2034
3406,Victor VTR-11D,2021
8259,Victor VTR-12D,1935
3407,Victor VTR-9A,1236
3408,Victor VTR-9A1,1302
3409,Victor VTR-9B,1378
6969,Victor VTR-9B (Kataga),1991
3402,Victor VTR-9B (Li),1625
5864,Victor VTR-9B (Shoji),1531
3410,Victor VTR-9D,1717
3411,Victor VTR-9K,1717
3412,Victor VTR-9K2 (St. James),2006
3413,Victor VTR-9Ka,1594
3414,Victor VTR-9S,1360
3415,Victor VTR-C,1717
3416,Victor VTR-Cr,1465
5348,Vidar Heavy Defense Tank,1396
5349,Vidar Heavy Defense Tank (ER Laser),0
5350,Vigilant Corvette,0
6634,Viking IIC,2780
3417,Viking VKG-2F,2079
3418,Viking VKG-2G,2152
3419,Viking VKG-3A,1876
3420,Viking VKG-3W,1778
5351,Vincent Corvette Mk 39,14691
5352,Vincent Corvette Mk 42,0
3421,"Vindicator VND-1AA ""Avenging Angel""",966
3422,Vindicator VND-1R,1024
3423,Vindicator VND-1R (Vong),1024
3424,Vindicator VND-1SIC,1020
3425,Vindicator VND-1X,1008
3426,Vindicator VND-3L,1105
3427,Vindicator VND-3LD (Dao),1639
3428,Vindicator VND-3Lr,1045
3429,Vindicator VND-4L,1411
3430,Vindicator VND-5L,1484
3431,Vindicator VND-6L,1739
9266,Vindicator VND-7L,1566
6503,Violator VT-U1,928
6504,Violator VT-U3,973
3432,Viper (Black Python),2813
3433,Viper (Black Python) 2,2520
3434,Viper (Black Python) 3,2421
3435,Viper (Black Python) 4,2594
7792,Viper (Black Python) 5,2925
9466,Viper VP-1,1609
9488,Viper VP-5,1539
9489,Viper VP-7,1864
9490,Viper VP-8,2679
9491,Viper VP-9,2244
3436,Visigoth A,2987
3437,Visigoth B,2534
3438,Visigoth C,2533
3439,Visigoth D,1810
5354,Visigoth E,3192
3440,Visigoth Prime,2139
7638,Vision Quest,2458
7639,Vision Quest 2,2556
5355,Vision Quest VQ-1NC,2180
3441,Vixen (Incubus),1596
3442,Vixen (Incubus) 2,1913
3443,Vixen (Incubus) 3,1324
3444,Vixen (Incubus) 4,1581
3445,Vixen (Incubus) 5,1364
8008,Vixen (Incubus) 6,1599
7541,Vixen (Incubus) 7,1175
7543,Vixen (Incubus) 8,1557
7544,Vixen (Incubus) 9,1849
5357,Void Medium Battle Armor (DCA) (Sqd4),195
8702,Void Medium Battle Armor (DCA) (Sqd5),262
9066,Void Medium Battle Armor (DCA) (Sqd6),337
5356,Void Medium Battle Armor (Minelayer) (Sqd4),312
8701,Void Medium Battle Armor (Minelayer) (Sqd5),423
9065,Void Medium Battle Armor (Minelayer) (Sqd6),544
5358,Void Medium Battle Armor (Nova Cat) (Sqd4),254
8703,Void Medium Battle Armor (Nova Cat) (Sqd5),342
9067,Void Medium Battle Armor (Nova Cat) (Sqd6),440
5359,Void Medium Battle Armor (Sqd4),176
8704,Void Medium Battle Armor (Sqd5),237
9068,Void Medium Battle Armor (Sqd6),305
3446,Void Medium Battle Armor Caltrop (Sqd4),425
8598,Void Medium Battle Armor Caltrop (Sqd5),573
8962,Void Medium Battle Armor Caltrop (Sqd6),735
5360,VoidSeeker Mk 39,0
7144,Voidseeker Mk 39-004 Interceptor,1421
7145,Voidseeker Mk 39-007 Striker,1814
8120,Voidseeker Mk 39-009,0
8121,Voidseeker Mk. 39-005,0
5361,Volga Transport (2709),0
5362,Volga Transport (Clan),0
3447,Volkh VKH-1,1635
8107,Volkh VKH-68,1679
3448,Volkh VKH-7,1578
3449,Von Luckner Heavy Tank (Royal),1261
3450,Von Luckner Heavy Tank (Star League),1216
3451,Von Luckner Heavy Tank VNL-K100,1001
3452,Von Luckner Heavy Tank VNL-K65N,1100
9482,Von Luckner Heavy Tank VNL-K65W,1319
3453,Von Luckner Heavy Tank VNL-K70,1060
3454,Von Luckner Heavy Tank VNL-K75N,1350
9483,Von Luckner Heavy Tank VNL-K85N,1584
9484,Von Luckner Heavy Tank VNL-K90,1688
5788,Von Luckner Heavy Tank VNL-X71 (Yakuza),1847
3455,Von Rohrs (Hebi) VON 4RH-5,1170
3456,Von Rohrs (Hebi) VON 4RH-6,1146
5363,Voss,0
3457,VTOL Infantry,61
7341,Vulcan (John Carras),0
3458,Vulcan VL-2T,642
7797,Vulcan VL-2T (Timms),603
8370,"Vulcan VL-5ML ""Aladdin""",947
3459,Vulcan VL-5T,942
3460,Vulcan VLC-3N,1067
5365,Vulcan VLC-5N,1327
5366,Vulcan VLC-6N,2096
5367,Vulcan VLC-8N,1766
3461,Vulcan VT-5M,811
3462,Vulcan VT-5S,883
3463,Vulcan VT-5Sr,1210
3464,Vulcan VT-6C,959
3465,Vulcan VT-6M,959
9427,Vulcan VT-7T,1499
6346,Vulpes VLP-1D,2225
8382,"Vulpes VLP-1DX ""Beast""",1223
5369,Vulture (2312),1497
7340,Vulture (2405),2482
5368,Vulture (Cargo),2482
3466,Vulture (Mad Dog) A,1923
3467,Vulture (Mad Dog) B,2284
3468,Vulture (Mad Dog) C,1892
3469,Vulture (Mad Dog) D,2447
7727,Vulture (Mad Dog) DD,1970
3470,Vulture (Mad Dog) E,2031
3471,Vulture (Mad Dog) F,2300
6891,Vulture (Mad Dog) G,2503
3472,Vulture (Mad Dog) H,2097
7728,Vulture (Mad Dog) I,2042
3473,Vulture (Mad Dog) Prime,2351
7593,Vulture (Mad Dog) S,2676
7726,Vulture (Mad Dog) T,2555
3474,Vulture (Mad Dog) U,2488
7729,Vulture (Mad Dog) V,2182
6272,Vulture Mk III (Mad Dog Mk III) A,1880
6273,Vulture Mk III (Mad Dog Mk III) B,2572
7633,Vulture Mk III (Mad Dog Mk III) BLO,2397
6274,Vulture Mk III (Mad Dog Mk III) C,2299
6275,Vulture Mk III (Mad Dog Mk III) D,2421
6271,Vulture Mk III (Mad Dog Mk III) Prime,2729
6559,Vulture Mk IV (Mad Dog Mk IV) A,2177
6560,Vulture Mk IV (Mad Dog Mk IV) B,2649
6561,Vulture Mk IV (Mad Dog Mk IV) C,2584
6562,Vulture Mk IV (Mad Dog Mk IV) D,2346
6558,Vulture Mk IV (Mad Dog Mk IV) Prime,2110
5371,Wagon Wheel Frigate,0
7774,Wakamiya Salvage Destroyer,48028
3475,Wakazashi,2909
5376,Walrus AAC-60,0
5377,Walrus Cargo Hauler,0
5378,Walrus II Cargo Hauler,0
5379,Waneta S-WN-1LAM,0
5380,Waneta S-WN-2LAM,2713
7546,War Crow A,3030
7547,War Crow B,2787
7548,War Crow C,2572
7545,War Crow Prime,2835
3476,War Dog WR-DG-02FC,1814
3477,War Dog WR-DG-03FC,1962
8802,Warg Assault Battle Armor (Reactive) (Sqd5),756
3478,Warg Assault Battle Armor (Sqd4),486
8599,Warg Assault Battle Armor (Sqd5),655
8963,Warg Assault Battle Armor (Sqd6),842
3479,Warhammer C,1728
7565,Warhammer C 2,2157
7566,Warhammer C 3,2772
3500,Warhammer IIC,2570
6859,Warhammer IIC 10,2290
6858,Warhammer IIC 11,2021
6857,Warhammer IIC 12,2680
7498,Warhammer IIC 13,2715
3501,Warhammer IIC 2,2482
3502,Warhammer IIC 3,2382
3503,Warhammer IIC 4,2386
3504,Warhammer IIC 5,2185
3505,Warhammer IIC 6,2661
3506,Warhammer IIC 7,2915
3507,Warhammer IIC 8,2380
3508,Warhammer IIC 9,2819
3480,Warhammer WHD-10CT,1758
7564,Warhammer WHM-10K,2033
3481,Warhammer WHM-10T,1891
3482,Warhammer WHM-11T,1698
3483,Warhammer WHM-4L,1743
3484,Warhammer WHM-5L,1896
3485,Warhammer WHM-6D,1471
3486,Warhammer WHM-6K,1305
7798,Warhammer WHM-6K (Olesko),1338
3487,Warhammer WHM-6L,1311
5382,Warhammer WHM-6L-DC,0
3488,Warhammer WHM-6R,1299
5383,Warhammer WHM-6R (Willis),0
5384,Warhammer WHM-6R-DC,0
3489,Warhammer WHM-6Rb,1431
5871,Warhammer WHM-6Rk,1621
3490,Warhammer WHM-7A,1679
7599,Warhammer WHM-7CS,1751
3491,Warhammer WHM-7K,1651
3492,Warhammer WHM-7M,1487
5385,Warhammer WHM-7M (GioAvanti),0
5386,Warhammer WHM-7M-DC,1402
3493,Warhammer WHM-7S,1477
3494,Warhammer WHM-8D,1744
6868,Warhammer WHM-8D2,1654
3495,Warhammer WHM-8K,1748
3496,Warhammer WHM-8M,1631
7563,Warhammer WHM-8R,1697
3497,Warhammer WHM-9D,2152
7567,Warhammer WHM-9K,1744
3498,Warhammer WHM-9S,1653
3499,"Warhammer WHM-X7 ""The Lich""",1807
9496,"Warhammer WHM-X7-2 ""The Lich""",0
8177,Warlock Prime,0
3509,Warlord BLR-2D,2041
3510,Warlord BLR-2Dr,2284
3511,Warlord BLR-2G,2033
5602,Warlord BLR-2XC,1844
3512,Warrior Attack Helicopter H-10,180
3513,Warrior Attack Helicopter H-7,295
3514,Warrior Attack Helicopter H-7A,292
3515,Warrior Attack Helicopter H-7C,446
9361,Warrior Attack Helicopter H-7F,303
3516,Warrior Attack Helicopter H-8,419
3517,Warrior Attack Helicopter H-9,484
3518,Warrior Attack Helicopter HX-9,392
5387,Warrior Stealth Helicopter S-9,668
6288,Warwolf A,3100
6289,Warwolf B,2518
6290,Warwolf C,2776
6291,Warwolf H,3184
6287,Warwolf Prime,2706
7496,Wasp C,755
5392,Wasp LAM Mk I WSP-100,0
5393,Wasp LAM Mk I WSP-100A,0
5394,Wasp LAM Mk I WSP-100b,0
5389,Wasp LAM WSP-105,0
5390,Wasp LAM WSP-105M,0
5391,Wasp LAM WSP-110,0
3519,Wasp WSP-1,314
3520,Wasp WSP-1A,384
3521,Wasp WSP-1D,403
3522,Wasp WSP-1K,376
3523,Wasp WSP-1L,335
3524,Wasp WSP-1S,423
3525,Wasp WSP-1W,373
3526,Wasp WSP-3A,401
6949,Wasp WSP-3K,477
3527,Wasp WSP-3L,534
3528,Wasp WSP-3M,394
6950,Wasp WSP-3P,537
3529,Wasp WSP-3S,595
3530,Wasp WSP-3W,342
8103,Wasp WSP-3X,521
7497,Wasp WSP-4W,551
7495,Wasp WSP-5A,517
3531,Wasp WSP-7MAF,488
3532,Wasp WSP-8T,439
3533,Watchman WTC-4DM,1225
8009,Watchman WTC-4DM2,1063
3534,Watchman WTC-4M,1067
8371,"Watchman WTC-4MB ""Belle""",1234
7671,Water Elemental Mining Suit (Sqd5),142
5395,Waterspout-class Strike Hydrofoil,0
5396,Wayland Mobile Base,953
5397,Weapons Carrier A (LL),0
5398,Weapons Carrier A (LRM),0
8304,Weapons/Troop Carrier (LRM),324
6404,Wendigo A,2072
6405,Wendigo B,2369
6406,Wendigo C,2623
6402,Wendigo Prime,2122
6409,Wendigo VP A,2414
6408,Wendigo VP Prime,2360
3535,Werewolf WER-LF-004,802
3536,Werewolf WER-LF-005,1082
5399,Wheeled PPC Carrier,0
5401,Wheeled Scout,291
7819,Wheeled Scout (Camera),291
7820,Wheeled Scout (Sensors),291
8156,Wheeler-Class Station (2556),0
8157,Wheeler-Class Station (2802),0
8147,Whippet Light VTOL,0
5402,Whirlwind Destroyer (2606),0
5403,Whirlwind Destroyer (Clan),0
9362,Whirlwind Scout Hover Tank,667
9364,Whirlwind Scout Hover Tank (AAA),811
9363,Whirlwind Scout Hover Tank (IFV),667
5404,White Flame WHF-3B,1637
5405,White Flame WHF-3C,1826
5693,White Flame WHF-4C,1680
7794,White Raven,2941
7795,White Raven 2,2703
4540,White Wolverine Arctic Crawler,0
5407,Whitestreak Jetski,0
5408,Whitestreak Speedboat,0
8146,Whitestreak Speedboat (MIM),0
3537,Whitworth WTH-0,863
3538,Whitworth WTH-1,982
3539,Whitworth WTH-1H,993
3540,Whitworth WTH-1S,917
3541,Whitworth WTH-2,936
3542,Whitworth WTH-2A,1055
9428,Whitworth WTH-2H,1148
3543,Whitworth WTH-3,882
3544,Whitworth WTH-5S,1230
3545,Whitworth WTH-K,958
3546,Wight WGT-1LAW/SC,1142
3547,Wight WGT-1LAW/SC3,1057
3548,Wight WGT-2LAW,939
3549,Wight WGT-2LAWC3,821
3550,Wight WGT-2SC,1093
3551,Wight WGT-3SC,1125
5600,"Wight WGT-4NC ""Dezgra""",1578
5409,Wildfire P1-WF,1292
5410,Wildkatze WKT-1S,1291
5411,Wildkatze WKT-2S,0
5412,Winchester Cruiser,0
5413,Windstreak Z70,0
3553,Winston Combat Vehicle,1551
3552,Winston Combat Vehicle (LAC),1314
6798,Winston Combat Vehicle (Support),1830
6799,Winston Combat Vehicle (TSEMP),2565
6800,Winston Combat Vehicle (XXL),1621
6594,Winterhawk APC,204
3554,Wolf Trap (Tora) WFT-1,1070
3555,Wolf Trap (Tora) WFT-1 (Daitama),1290
3556,Wolf Trap (Tora) WFT-2,1227
5415,Wolf Trap (Tora) WFT-2B,1439
3557,"Wolf Trap (Tora) WFT-2X ""Bear Trap""",1211
3558,Wolf Trap (Tora) WFT-B,1021
3559,Wolf Trap (Tora) WFT-C,1001
7425,Wolfhound (Lucian Finn),1941
3570,"Wolfhound IIC ""Grinner""",1579
3560,Wolfhound WLF-1,949
5416,Wolfhound WLF-1 (Allard),1941
3561,Wolfhound WLF-1A,967
3562,Wolfhound WLF-1B,967
3563,Wolfhound WLF-2,1061
5417,Wolfhound WLF-2H,1511
3564,Wolfhound WLF-2X,1812
3565,Wolfhound WLF-3M,786
3566,Wolfhound WLF-3S,1176
3567,Wolfhound WLF-4W,1090
3568,Wolfhound WLF-4WA,1050
3569,Wolfhound WLF-5,1290
8223,Wolfhound WLF-6S,1266
5418,Wolverine (Victor),0
3585,Wolverine II WVR-7H,1301
8255,Wolverine WVR-10D,1925
8256,Wolverine WVR-10R,1791
8257,Wolverine WVR-10V2,1747
8258,Wolverine WVR-11M,1778
7406,Wolverine WVR-1R,885
7408,Wolverine WVR-3R,867
7430,Wolverine WVR-6D,1115
3571,Wolverine WVR-6K,1248
3572,Wolverine WVR-6M,1291
3573,Wolverine WVR-6R,1101
8221,Wolverine WVR-6T,0
3574,Wolverine WVR-7D,1314
3575,Wolverine WVR-7K,1331
3576,Wolverine WVR-7M,1673
8253,Wolverine WVR-7M2,1752
3577,Wolverine WVR-8C,1447
3578,Wolverine WVR-8D,1547
3579,Wolverine WVR-8K,1576
3580,Wolverine WVR-9D,1369
3581,Wolverine WVR-9K,1419
3582,Wolverine WVR-9M,1617
8254,Wolverine WVR-9R,1481
3583,Wolverine WVR-9W,1404
3584,Wolverine WVR-9W2,1480
3586,Woodsman A,2741
5422,Woodsman Arrow IV,0
7643,Woodsman B,2414
7644,Woodsman C,2230
7645,Woodsman D,1902
3587,Woodsman Prime,2623
8726,Wraith Battle Armor (Anti-Infantry) (Sqd5),391
9089,Wraith Battle Armor (Anti-Infantry) (Sqd6),502
8725,Wraith Battle Armor (Sqd5),392
9088,Wraith Battle Armor (Sqd6),503
3588,Wraith TR1,1287
3589,Wraith TR2,1485
8381,"Wraith TR2-P ""Pocahontas""",2051
3590,"Wraith TR2-X ""Alexander""",1816
3591,Wraith TR3,1310
9269,Wraith TR5,1581
6257,Wulfen A,1615
6258,Wulfen B,1806
6259,Wulfen C,1334
6260,Wulfen D,859
6261,Wulfen E,1839
6262,Wulfen H,1556
6256,Wulfen Prime,983
3592,Wusun A,2372
3593,Wusun B,2453
3594,Wusun C,2368
6815,Wusun D,2362
3595,Wusun Prime,2453
7319,Wyvern City WVE-5UX,1273
3601,Wyvern IIC,1624
3602,Wyvern IIC 2,1537
3596,Wyvern WVE-10N,1199
3597,Wyvern WVE-5N,1089
3598,Wyvern WVE-5Nb,1006
5875,Wyvern WVE-5Nsl,0
3599,Wyvern WVE-6N,1005
3600,Wyvern WVE-9N,1067
6640,Würger,2284
3603,Xanthos XNT-2O,1300
3604,Xanthos XNT-3O,1948
3605,Xanthos XNT-4O,2548
3606,Xanthos XNT-5O,2146
6825,Xanthos XNT-6O,2300
6824,Xanthos XNT-7O,2620
3607,XCT Marine,145
3608,Xenoplanetary Infantry,80
5425,Xerxes,2350
5426,Xerxes 2,2479
5760,Xerxes 3,2743
6484,Xiphos Assault Battle Armor A (Sqd4),397
8758,Xiphos Assault Battle Armor A (Sqd5),535
9121,Xiphos Assault Battle Armor A (Sqd6),688
6485,Xiphos Assault Battle Armor B (Sqd4),357
8759,Xiphos Assault Battle Armor B (Sqd5),480
9122,Xiphos Assault Battle Armor B (Sqd6),617
6486,Xiphos Assault Battle Armor C (Sqd4),357
8760,Xiphos Assault Battle Armor C (Sqd5),480
9123,Xiphos Assault Battle Armor C (Sqd6),617
5427,Yamato Battleship,0
5428,Yan Stutter,0
3609,Yao Lien YOL-4C,1586
3612,Yasha VTOL,799
3610,"Yasha VTOL ""Spectre""",677
3611,Yasha VTOL (Interdictor),631
3617,Yellow Jacket Gunship,782
3613,Yellow Jacket Gunship (Ammo),803
3614,Yellow Jacket Gunship (Arrow IV),612
3615,Yellow Jacket Gunship (PPC),582
3616,Yellow Jacket Gunship (RAC),797
3618,Yeoman YMN-10-OR,1319
3619,Yeoman YMN-6Y,1344
6455,Yinghuochong YHC-3E,1401
6456,Yinghuochong YHC-3Y,1548
3620,Ymir BWP-2B,1289
5429,Ymir BWP-2E,1393
3622,Ymir BWP-3A,1491
3623,Ymir BWP-X1,1194
5430,York Destroyer/Carrier,0
5544,Yu Huang (Carson),2464
3624,Yu Huang Y-H10G,2433
3625,Yu Huang Y-H11G,2131
8010,Yu Huang Y-H12GC,2298
3626,Yu Huang Y-H9G,2074
3627,Yu Huang Y-H9GB,2039
3628,Yu Huang Y-H9GC,2017
5431,Yurei S-YR-1LAM,2106
6473,Yùn Y-2,953
6444,Zahn Heavy Transport,792
5432,Zanadu Air Bus,0
5433,Zechetinu Corvette,0
5434,Zechetinu II Corvette,34084
3632,Zephyr Hovertank,904
3629,Zephyr Hovertank (C3i),820
3630,Zephyr Hovertank (LRM),867
7301,Zephyr Hovertank (OmniDrone) A,686
7302,Zephyr Hovertank (OmniDrone) B,509
7303,Zephyr Hovertank (OmniDrone) C,478
7300,Zephyr Hovertank (OmniDrone) Prime,676
3631,Zephyr Hovertank (Royal),811
5435,Zephyr Hovertank (SRM2),896
7674,Zephyr Hovertank EC,967
3634,Zephyros Infantry Support Vehicle,840
3633,Zephyros Infantry Support Vehicle (Dual Turret),844
3635,Zero ZRO-114,881
3636,Zero ZRO-115,985
3637,Zero ZRO-116b,1044
5557,Zero ZRO-CX-3,0
3638,Zeus (Leonidas),1878
3639,Zeus ZEU-10WB,2075
7455,Zeus ZEU-11S,2280
3640,Zeus ZEU-5S,1474
3641,Zeus ZEU-5T,1729
7432,Zeus ZEU-6A,1405
3642,Zeus ZEU-6S,1348
5437,Zeus ZEU-6S-DC,0
5436,Zeus ZEU-6S1,0
3643,Zeus ZEU-6T,1436
5772,Zeus ZEU-6Y,1323
3644,Zeus ZEU-9S,1639
5438,Zeus ZEU-9S-DC,1612
5459,Zeus ZEU-9S2,1769
3645,Zeus ZEU-9T,1835
3646,Zeus-X ZEU-9WD,1716
3647,Zeus-X ZEU-9WD (Stacy),1921
6631,Zeus-X ZEU-X,2119
6632,Zeus-X ZEU-X2,1915
6633,Zeus-X ZEU-X3,2178
6630,Zeus-X ZEU-X4,2193
6474,Zhen Niao,1148
3650,Zhukov Heavy Tank,920
3648,Zhukov Heavy Tank (LB-X),956
3649,Zhukov Heavy Tank (Liao),1021
3651,Zhukov Heavy Tank (WoB),939
6322,Zibler Fast Strike Tank A,664
6323,Zibler Fast Strike Tank B,1072
6324,Zibler Fast Strike Tank C,1017
6325,Zibler Fast Strike Tank D,1021
6321,Zibler Fast Strike Tank Prime,1205
3654,Zorya Light Tank,562
3652,Zorya Light Tank (Ammo),575
3653,Zorya Light Tank (ATM),693
6370,Zou Heavy Battle Armor (C3) (Sqd4),290
6369,Zou Heavy Battle Armor (Sqd4),381
3655,Zugvogel Omni Support Aircraft A,712
3656,Zugvogel Omni Support Aircraft B,570
3657,Zugvogel Omni Support Aircraft C,570
3658,Zugvogel Omni Support Aircraft D,2022
3659,Zugvogel Omni Support Aircraft E,1028
6807,Zugvogel Omni Support Aircraft F,2894
3660,Zugvogel Omni Support Aircraft Prime,1211
5778,Şoarece Superheavy MBT,2285
