unit_id,unit_name,class,variant,type_id,type,tonnage,bv,intro
5513,'Mech Hole  ,'Mech Hole, ,97,Building,39,0,Unknown
5514,'Mech Trap  ,'Mech Trap, ,97,Building,105,0,Unknown
2,AA Jump Infantry  ,AA Jump Infantry, ,21,Infantry,4,98,3060
3,AA Mechanized infantry  ,AA Mechanized infantry, ,21,Infantry,20,85,2900
5,AC/2 Carrier,AC/2 Carrier,,19,Combat Vehicle,60,403,2520
4,AC/2 Carrier (LB-X),AC/2 Carrier,(LB-X),19,Combat Vehicle,60,536,3063
5588,AC/2 Carrier (Primitive),AC/2 Carrier,(Primitive),24,Support Vehicle,55,351,circa 2440
6,Achileus Light Battle Armor (WoB) (Sqd4),Achileus Light Battle Armor (WoB),(Sqd4),21,Infantry,0.75,150,3064
8472,Achileus Light Battle Armor (WoB) (Sqd5),Achileus Light Battle Armor (WoB),(Sqd5),21,Infantry,0.75,202,3064
8837,Achileus Light Battle Armor (WoB) (Sqd6),Achileus Light Battle Armor (WoB),(Sqd6),21,Infantry,0.75,259,3064
7,Achileus Light Battle Armor [David] (Sqd4),Achileus Light Battle Armor,[David] (Sqd4),21,Infantry,0.75,189,3064
8473,Achileus Light Battle Armor [David] (Sqd5),Achileus Light Battle Armor,[David] (Sqd5),21,Infantry,0.75,255,3064
8838,Achileus Light Battle Armor [David] (Sqd6),Achileus Light Battle Armor,[David] (Sqd6),21,Infantry,0.75,327,3064
8,Achileus Light Battle Armor [Flamer] (Sqd4),Achileus Light Battle Armor,[Flamer] (Sqd4),21,Infantry,0.75,173,3057
8474,Achileus Light Battle Armor [Flamer] (Sqd5),Achileus Light Battle Armor,[Flamer] (Sqd5),21,Infantry,0.75,233,3057
8839,Achileus Light Battle Armor [Flamer] (Sqd6),Achileus Light Battle Armor,[Flamer] (Sqd6),21,Infantry,0.75,300,3057
9,Achileus Light Battle Armor [Laser] (Sqd4),Achileus Light Battle Armor,[Laser] (Sqd4),21,Infantry,0.75,205,3057
8475,Achileus Light Battle Armor [Laser] (Sqd5),Achileus Light Battle Armor,[Laser] (Sqd5),21,Infantry,0.75,276,3057
8840,Achileus Light Battle Armor [Laser] (Sqd6),Achileus Light Battle Armor,[Laser] (Sqd6),21,Infantry,0.75,355,3057
10,Achileus Light Battle Armor [MG] (Sqd4),Achileus Light Battle Armor,[MG] (Sqd4),21,Infantry,0.75,173,3057
8476,Achileus Light Battle Armor [MG] (Sqd5),Achileus Light Battle Armor,[MG] (Sqd5),21,Infantry,0.75,233,3057
8841,Achileus Light Battle Armor [MG] (Sqd6),Achileus Light Battle Armor,[MG] (Sqd6),21,Infantry,0.75,300,3057
11,Achileus Light Battle Armor [TAG] (Sqd4),Achileus Light Battle Armor,[TAG] (Sqd4),21,Infantry,0.75,133,3059
8477,Achileus Light Battle Armor [TAG] (Sqd5),Achileus Light Battle Armor,[TAG] (Sqd5),21,Infantry,0.75,179,3059
8842,Achileus Light Battle Armor [TAG] (Sqd6),Achileus Light Battle Armor,[TAG] (Sqd6),21,Infantry,0.75,230,3059
3667,Achilles (2582),Achilles,(2582),17,Aerospace,4500,0,2582
3668,Achilles (3055),Achilles,(3055),17,Aerospace,4500,0,3055
601,Ad Hoc Clan Foot Infantry  ,Ad Hoc Clan Foot Infantry, ,21,Infantry,3,129,2815
3669,Adelante Passenger/Cargo Train  ,Adelante Passenger/Cargo Train, ,79,Advanced Support,600,0,2919
3670,Aegis Heavy Cruiser (2372),Aegis Heavy Cruiser,(2372),81,Advanced Aerospace,750000,0,2372
3671,Aegis Heavy Cruiser (2582),Aegis Heavy Cruiser,(2582),81,Advanced Aerospace,750000,153005,2582
3672,Aegis Heavy Cruiser (Clan),Aegis Heavy Cruiser,(Clan),81,Advanced Aerospace,750000,0,2843
7388,Aegis Point Defense Suit (Sqd4),Aegis Point Defense Suit,(Sqd4),21,Infantry,1,179,3132
8829,Aegis Point Defense Suit (Sqd5),Aegis Point Defense Suit,(Sqd5),21,Infantry,1,242,3132
9192,Aegis Point Defense Suit (Sqd6),Aegis Point Defense Suit,(Sqd6),21,Infantry,1,311,3132
12,Aerial Beast Infantry  ,Aerial Beast Infantry, ,21,Infantry,7,43,2300
3673,Aerie PA(L) (Salvage) (Sqd4),Aerie PA(L),(Salvage) (Sqd4),21,Infantry,0.4,27,3069
8600,Aerie PA(L) (Salvage) (Sqd5),Aerie PA(L),(Salvage) (Sqd5),21,Infantry,0.4,37,3069
8964,Aerie PA(L) (Salvage) (Sqd6),Aerie PA(L),(Salvage) (Sqd6),21,Infantry,0.4,47,3069
3674,Aerie PA(L) (Sqd4),Aerie PA(L),(Sqd4),21,Infantry,0.4,27,3067
8601,Aerie PA(L) (Sqd5),Aerie PA(L),(Sqd5),21,Infantry,0.4,37,3067
8965,Aerie PA(L) (Sqd6),Aerie PA(L),(Sqd6),21,Infantry,0.4,47,3067
14,Aeron Strike VTOL,Aeron Strike VTOL,,19,Combat Vehicle,25,875,3082
13,Aeron Strike VTOL (BAP),Aeron Strike VTOL,(BAP),19,Combat Vehicle,25,775,3084
15,Aeshna Heavy Drone Fighter,Aeshna Heavy Drone Fighter,,17,Aerospace,100,2032,3072
3675,Aeshna Heavy Drone Fighter (Original),Aeshna Heavy Drone Fighter,(Original),17,Aerospace,0,0,3058
3676,Aesir Assault DropShip  ,Aesir Assault DropShip, ,17,Aerospace,18000,0,3077
6249,Aesir Medium AA Vehicle  ,Aesir Medium AA Vehicle, ,19,Combat Vehicle,55,768,3097
6250,Aesir Medium AA Vehicle (HAG),Aesir Medium AA Vehicle,(HAG),19,Combat Vehicle,55,1505,3142
3677,Afreet Medium Battle Armor (Hell's Horses) (Sqd4),Afreet Medium Battle Armor,(Hell's Horses) (Sqd4),21,Infantry,1,164,3072
8602,Afreet Medium Battle Armor (Hell's Horses) (Sqd5),Afreet Medium Battle Armor,(Hell's Horses) (Sqd5),21,Infantry,1,221,3072
8966,Afreet Medium Battle Armor (Hell's Horses) (Sqd6),Afreet Medium Battle Armor,(Hell's Horses) (Sqd6),21,Infantry,1,285,3072
16,Afreet Medium Battle Armor (Interdictor) (Sqd4),Afreet Medium Battle Armor,(Interdictor) (Sqd4),21,Infantry,1,189,3076
8478,Afreet Medium Battle Armor (Interdictor) (Sqd5),Afreet Medium Battle Armor,(Interdictor) (Sqd5),21,Infantry,1,255,3076
8843,Afreet Medium Battle Armor (Interdictor) (Sqd6),Afreet Medium Battle Armor,(Interdictor) (Sqd6),21,Infantry,1,327,3076
3678,Afreet Medium Battle Armor (Jade Falcon) (Sqd4),Afreet Medium Battle Armor,(Jade Falcon) (Sqd4),21,Infantry,1,326,3072
8603,Afreet Medium Battle Armor (Jade Falcon) (Sqd5),Afreet Medium Battle Armor,(Jade Falcon) (Sqd5),21,Infantry,1,439,3072
8967,Afreet Medium Battle Armor (Jade Falcon) (Sqd6),Afreet Medium Battle Armor,(Jade Falcon) (Sqd6),21,Infantry,1,565,3072
3679,Afreet Medium Battle Armor (Sqd4),Afreet Medium Battle Armor,(Sqd4),21,Infantry,1,217,3067
8604,Afreet Medium Battle Armor (Sqd5),Afreet Medium Battle Armor,(Sqd5),21,Infantry,1,292,3067
8968,Afreet Medium Battle Armor (Sqd6),Afreet Medium Battle Armor,(Sqd6),21,Infantry,1,376,3067
3680,Agamemnon Heavy Cruiser  ,Agamemnon Heavy Cruiser, ,81,Advanced Aerospace,820000,162059,3058
6459,Agrotera AGT-1A,Agrotera,AGT-1A,18,BattleMech,50,1578,3108
8365,"Agrotera AGT-UA ""Ariel""",Agrotera,"AGT-UA ""Ariel""",18,BattleMech,50,2199,3145
17,Ahab AHB-443,Ahab,AHB-443,17,Aerospace,90,1738,2703
3681,Ahab AHB-443b,Ahab,AHB-443b,17,Aerospace,90,1889,2703
18,Ahab AHB-643,Ahab,AHB-643,17,Aerospace,90,1537,3067
19,Ahab AHB-MD,Ahab,AHB-MD,17,Aerospace,90,1876,3071
20,Ahab AHB-X,Ahab,AHB-X,17,Aerospace,90,1818,2697
3682,Ahab Whaler  ,Ahab Whaler, ,79,Advanced Support,310,0,3066
5579,Ailette Rescue PA(L) (Sqd4),Ailette,Rescue PA(L) (Sqd4),21,Infantry,0.4,28,3080
8708,Ailette Rescue PA(L) (Sqd5),Ailette,Rescue PA(L) (Sqd5),21,Infantry,0.4,38,3080
9072,Ailette Rescue PA(L) (Sqd6),Ailette,Rescue PA(L) (Sqd6),21,Infantry,0.4,49,3080
3683,Ailette Zero-G Engineering Exoskeleton (Sqd4),Ailette Zero-G Engineering Exoskeleton,(Sqd4),21,Infantry,0.4,20,3056
8605,Ailette Zero-G Engineering Exoskeleton (Sqd5),Ailette Zero-G Engineering Exoskeleton,(Sqd5),21,Infantry,0.4,27,3056
8969,Ailette Zero-G Engineering Exoskeleton (Sqd6),Ailette Zero-G Engineering Exoskeleton,(Sqd6),21,Infantry,0.4,35,3056
3684,Air Car  ,Air Car, ,19,Combat Vehicle,40,0,Unknown
5375,AirRescue VTOL  ,AirRescue VTOL, ,24,Support Vehicle,0,0,2903
3685,Aithon Assault Transport  ,Aithon Assault Transport, ,19,Combat Vehicle,100,1666,3084
3686,Aithon Assault Transport 2,Aithon Assault Transport,2,19,Combat Vehicle,100,0,Unknown
21,Ajax Assault Tank (Sealed),Ajax Assault Tank,(Sealed),19,Combat Vehicle,90,1551,3078
3688,Ajax Assault Tank A,Ajax Assault Tank,A,19,Combat Vehicle,90,2042,3065
3689,Ajax Assault Tank B,Ajax Assault Tank,B,19,Combat Vehicle,90,1706,3065
5740,Ajax Assault Tank C,Ajax Assault Tank,C,19,Combat Vehicle,90,1883,3068
5741,Ajax Assault Tank D,Ajax Assault Tank,D,19,Combat Vehicle,90,1507,3075
3690,Ajax Assault Tank Prime,Ajax Assault Tank,Prime,19,Combat Vehicle,90,1789,3065
3691,Akuma AKU-1X,Akuma,AKU-1X,18,BattleMech,90,1959,3058
3692,Akuma AKU-1XJ,Akuma,AKU-1XJ,18,BattleMech,90,2203,3064
5713,Akuma AKU-2X,Akuma,AKU-2X,18,BattleMech,90,2122,3071
22,Akuma AKU-2XC,Akuma,AKU-2XC,18,BattleMech,90,2134,3077
5714,Akuma AKU-2XK,Akuma,AKU-2XK,18,BattleMech,90,2170,3083
5622,Alacorn Heavy Tank Mk. I,Alacorn Heavy Tank,Mk. I,19,Combat Vehicle,95,1080,2561
5623,Alacorn Heavy Tank Mk. II,Alacorn Heavy Tank,Mk. II,19,Combat Vehicle,95,1017,2561
23,Alacorn Heavy Tank Mk. III,Alacorn Heavy Tank,Mk. III,19,Combat Vehicle,95,1432,2587
24,Alacorn Heavy Tank Mk. IV,Alacorn Heavy Tank,Mk. IV,19,Combat Vehicle,95,1400,2588
8151,Alacorn Heavy Tank Mk. V,Alacorn Heavy Tank,Mk. V,19,Combat Vehicle,95,0,2589
25,Alacorn Heavy Tank Mk. VI,Alacorn Heavy Tank,Mk. VI,19,Combat Vehicle,95,1850,2590
26,Alacorn Heavy Tank Mk. VII,Alacorn Heavy Tank,Mk. VII,19,Combat Vehicle,95,2163,3063
27,Albatross ALB-3U,Albatross,ALB-3U,18,BattleMech,95,1668,3053
28,Albatross ALB-3Ur,Albatross,ALB-3Ur,18,BattleMech,95,1902,3076
29,Albatross ALB-4U,Albatross,ALB-4U,18,BattleMech,95,1907,3063
9510,Albatross ALB-4Ur,Albatross,ALB-4Ur,18,BattleMech,95,1893,3088
9511,Albatross ALB-5U,Albatross,ALB-5U,18,BattleMech,95,1885,3091
9509,Albatross ALB-5W,Albatross,ALB-5W,18,BattleMech,95,2370,3070
30,Albatross ALB-5W (Dantalion),Albatross,ALB-5W (Dantalion),18,BattleMech,95,2296,3073
9507,Albatross ALB-6U,Albatross,ALB-6U,18,BattleMech,95,2162,3118
9508,"Albatross C ""Sooty Albatross"" ",Albatross,"C ""Sooty Albatross"" ",18,BattleMech,95,2885,3148
3694,Alfar AL-A1,Alfar,AL-A1,18,BattleMech,55,1447,2573
3693,"Alfar AL-D1 ""Dökkálfar""",Alfar,"AL-D1 ""Dökkálfar""",18,BattleMech,55,0,2573
3695,Alliance Station  ,Alliance Station, ,81,Advanced Aerospace,0,0,Unknown
8441,Alpha Wolf A,Alpha Wolf,A,18,BattleMech,90,3359,3150
8442,Alpha Wolf B,Alpha Wolf,B,18,BattleMech,90,2672,3150
8443,Alpha Wolf C,Alpha Wolf,C,18,BattleMech,90,2535,3150
8440,Alpha Wolf Prime,Alpha Wolf,Prime,18,BattleMech,90,2966,3150
8239,Amarok  ,Amarok, ,18,BattleMech,100,3185,3149
8240,Amarok 2,Amarok,2,18,BattleMech,100,3351,3150
8241,Amarok 3,Amarok,3,18,BattleMech,100,2675,3150
6428,Amazon Battle Armor [MRR] (Sqd4),Amazon Battle Armor,[MRR] (Sqd4),21,Infantry,1,328,3101
8743,Amazon Battle Armor [MRR] (Sqd5),Amazon Battle Armor,[MRR] (Sqd5),21,Infantry,1,441,3101
9106,Amazon Battle Armor [MRR] (Sqd6),Amazon Battle Armor,[MRR] (Sqd6),21,Infantry,1,566,3101
6429,Amazon Battle Armor [PPC] (Sqd4),Amazon Battle Armor,[PPC] (Sqd4),21,Infantry,1,288,3101
8744,Amazon Battle Armor [PPC] (Sqd5),Amazon Battle Armor,[PPC] (Sqd5),21,Infantry,1,388,3101
9107,Amazon Battle Armor [PPC] (Sqd6),Amazon Battle Armor,[PPC] (Sqd6),21,Infantry,1,498,3101
3696,Ammon  ,Ammon, ,17,Aerospace,65,2202,3064
5753,Ammon 2,Ammon,2,17,Aerospace,65,2628,3075
3697,Ammon XR,Ammon,XR,17,Aerospace,65,2549,3076
3698,Anastaska Maro Freighter  ,Anastaska Maro Freighter, ,79,Advanced Support,30000,0,2602
6245,Anat APC  ,Anat APC, ,19,Combat Vehicle,25,308,3092
3699,Andryusha-class Bombardment Frigate  ,Andryusha-class Bombardment Frigate, ,79,Advanced Support,0,0,3067
31,Angerona Scout Suit (Recon) (Sqd4),Angerona Scout Suit,(Recon) (Sqd4),21,Infantry,1,170,3085
8479,Angerona Scout Suit (Recon) (Sqd5),Angerona Scout Suit,(Recon) (Sqd5),21,Infantry,1,229,3085
8844,Angerona Scout Suit (Recon) (Sqd6),Angerona Scout Suit,(Recon) (Sqd6),21,Infantry,1,295,3085
32,Angerona Scout Suit (Sqd4),Angerona Scout Suit,(Sqd4),21,Infantry,1,238,3083
8480,Angerona Scout Suit (Sqd5),Angerona Scout Suit,(Sqd5),21,Infantry,1,320,3083
8845,Angerona Scout Suit (Sqd6),Angerona Scout Suit,(Sqd6),21,Infantry,1,411,3083
33,Anhur (P-Stealth),Anhur,(P-Stealth),19,Combat Vehicle,30,1035,3074
35,Anhur Transport  ,Anhur Transport, ,19,Combat Vehicle,30,720,2840
34,Anhur Transport (BA),Anhur Transport,(BA),19,Combat Vehicle,30,637,3069
3700,Annihilator ANH-1A,Annihilator,ANH-1A,18,BattleMech,100,1434,3005
36,Annihilator ANH-1E,Annihilator,ANH-1E,18,BattleMech,100,1625,3028
37,Annihilator ANH-1G,Annihilator,ANH-1G,18,BattleMech,100,2274,2823
38,Annihilator ANH-1X,Annihilator,ANH-1X,18,BattleMech,100,1926,2779
39,Annihilator ANH-2A,Annihilator,ANH-2A,18,BattleMech,100,1595,3048
40,Annihilator ANH-2AX,Annihilator,ANH-2AX,18,BattleMech,100,2553,3074
41,Annihilator ANH-3A,Annihilator,ANH-3A,18,BattleMech,100,1712,3068
42,Annihilator ANH-4A,Annihilator,ANH-4A,18,BattleMech,100,1726,3069
8386,Annihilator ANH-5W,Annihilator,ANH-5W,18,BattleMech,100,2595,3134
43,Annihilator C,Annihilator,C,18,BattleMech,100,2520,2848
44,"Annihilator C ""Gausszilla""",Annihilator,"C ""Gausszilla""",18,BattleMech,100,2455,2844
45,Annihilator C 2,Annihilator,C 2,18,BattleMech,100,2722,2850
3701,Antares Series AS-17 C3ISR Satellite  ,Antares Series AS-17 C3ISR Satellite, ,79,Advanced Support,45,0,3064
5463,Anti-'Mech Jump Infantry  ,Anti-'Mech Jump Infantry, ,21,Infantry,4,158,2600
46,Anti-Infantry Unit  ,Anti-Infantry Unit, ,21,Infantry,6,168,3060
6338,Antlion LK-3D,Antlion,LK-3D,18,BattleMech,45,859,3117
3702,Anubis ABS-3L,Anubis,ABS-3L,18,BattleMech,30,951,3063
5562,Anubis ABS-3MC,Anubis,ABS-3MC,18,BattleMech,30,1074,3081
3703,Anubis ABS-3R,Anubis,ABS-3R,18,BattleMech,30,970,3064
3704,Anubis ABS-3T,Anubis,ABS-3T,18,BattleMech,30,1150,3067
5656,Anubis ABS-4C,Anubis,ABS-4C,18,BattleMech,30,833,3082
6453,Anubis ABS-5Y,Anubis,ABS-5Y,18,BattleMech,30,1042,3121
6454,Anubis ABS-5Z,Anubis,ABS-5Z,18,BattleMech,30,1066,3124
48,Anvil ANV-3M,Anvil,ANV-3M,18,BattleMech,60,1441,3055
49,Anvil ANV-3R,Anvil,ANV-3R,18,BattleMech,60,1496,3067
50,Anvil ANV-5M,Anvil,ANV-5M,18,BattleMech,60,1687,3057
51,Anvil ANV-5Q,Anvil,ANV-5Q,18,BattleMech,60,1336,3067
52,Anvil ANV-6M,Anvil,ANV-6M,18,BattleMech,60,1366,3058
53,Anvil ANV-8M,Anvil,ANV-8M,18,BattleMech,60,1690,3060
6510,Anzu ZU-G60,Anzu,ZU-G60,18,BattleMech,60,1486,3098
6511,Anzu ZU-J70,Anzu,ZU-J70,18,BattleMech,60,1680,3106
3705,Apocalypse World Rover  ,Apocalypse World Rover, ,24,Support Vehicle,2,0,2983
54,Apollo APL-1M,Apollo,APL-1M,18,BattleMech,55,1207,3054
55,Apollo APL-1R,Apollo,APL-1R,18,BattleMech,55,1148,3056
56,Apollo APL-2S,Apollo,APL-2S,18,BattleMech,55,1283,3056
57,Apollo APL-3T,Apollo,APL-3T,18,BattleMech,55,1240,3057
3706,Apollo APL-4M,Apollo,APL-4M,18,BattleMech,55,1302,3083
7414,Apostle Self-Propelled Artillery,Apostle Self-Propelled Artillery,,24,Support Vehicle,80,387,2321
3708,Apple-Churchill Surveillance VTOL  ,Apple-Churchill Surveillance VTOL, ,24,Support Vehicle,0,0,2971
3707,Apple-Churchill Surveillance VTOL (Personnel),Apple-Churchill Surveillance VTOL,(Personnel),24,Support Vehicle,0,0,3020
58,Aquagladius AQS-3,Aquagladius,AQS-3,18,BattleMech,50,834,3065
59,Aquagladius AQS-4,Aquagladius,AQS-4,18,BattleMech,50,1486,3066
8108,Aquagladius AQS-5 MAM,Aquagladius,AQS-5 MAM,18,BattleMech,50,1946,3090
3709,Aquarius Escort  ,Aquarius Escort, ,17,Aerospace,200,2263,2515
3710,Aquarius Escort M1,Aquarius Escort,M1,17,Aerospace,200,2568,3073
3711,Aquarius Escort W1,Aquarius Escort,W1,17,Aerospace,200,2698,3073
3712,Aqueduct Liquid Carrier  ,Aqueduct Liquid Carrier, ,17,Aerospace,45000,0,2638
6518,Aquila AQA-1M,Aquila,AQA-1M,17,Aerospace,55,1489,3104
3713,Aquilla Transport JumpShip  ,Aquilla Transport JumpShip, ,81,Advanced Aerospace,100000,957,2148
5798,Araña ARA-S-1 MilitiaMech,Araña,ARA-S-1 MilitiaMech,20,IndustrialMech,40,1092,3087
62,Arbalest  ,Arbalest, ,18,BattleMech,25,1029,3077
60,Arbalest 2,Arbalest,2,18,BattleMech,25,1098,3079
61,Arbalest 3,Arbalest,3,18,BattleMech,25,921,3081
3714,Arbiter ARB-001 SecurityMech,Arbiter,ARB-001 SecurityMech,20,IndustrialMech,35,507,3074
3715,Arbiter ARB-001r SecurityMech,Arbiter,ARB-001r SecurityMech,20,IndustrialMech,35,0,3074
3716,Arcadia (3066),Arcadia,(3066),17,Aerospace,3000,10965,3066
5762,Arcadia (3080),Arcadia,(3080),17,Aerospace,3000,13403,3080
3717,Arcas  ,Arcas, ,18,BattleMech,65,2484,3061
3718,Arcas 2,Arcas,2,18,BattleMech,65,2835,3061
5686,Arcas 3,Arcas,3,18,BattleMech,65,2305,3078
64,Archangel C-ANG-O (Berith),Archangel,C-ANG-O (Berith),18,BattleMech,100,2060,3072
65,Archangel C-ANG-O Invictus,Archangel,C-ANG-O Invictus,18,BattleMech,100,2237,3069
66,Archangel C-ANG-OA Dominus,Archangel,C-ANG-OA Dominus,18,BattleMech,100,2134,3069
67,Archangel C-ANG-OB Infernus,Archangel,C-ANG-OB Infernus,18,BattleMech,100,2069,3069
68,Archangel C-ANG-OC Comminus,Archangel,C-ANG-OC Comminus,18,BattleMech,100,2014,3069
69,Archangel C-ANG-OD Luminos,Archangel,C-ANG-OD Luminos,18,BattleMech,100,2105,3069
70,Archangel C-ANG-OE Eminus,Archangel,C-ANG-OE Eminus,18,BattleMech,100,2097,3072
71,Archangel C-ANG-OS Caelestis,Archangel,C-ANG-OS Caelestis,18,BattleMech,100,2026,3075
72,Archer (Wolf),Archer,(Wolf),18,BattleMech,70,2365,3055
3721,Archer ARC-1A,Archer,ARC-1A,18,BattleMech,70,1269,2458
73,Archer ARC-2K,Archer,ARC-2K,18,BattleMech,70,1356,2856
74,Archer ARC-2R,Archer,ARC-2R,18,BattleMech,70,1477,2474
8274,Archer ARC-2R (Ismail),Archer,ARC-2R (Ismail),18,BattleMech,70,0,Unknown
3722,Archer ARC-2R (Rubinsky),Archer,ARC-2R (Rubinsky),18,BattleMech,70,1411,3059
75,Archer ARC-2Rb,Archer,ARC-2Rb,18,BattleMech,70,1705,2752
76,Archer ARC-2S,Archer,ARC-2S,18,BattleMech,70,1393,2915
77,Archer ARC-2W,Archer,ARC-2W,18,BattleMech,70,1338,3010
78,Archer ARC-4M,Archer,ARC-4M,18,BattleMech,70,1705,3049
8275,Archer ARC-4M (Ismail),Archer,ARC-4M (Ismail),18,BattleMech,70,0,3050
7730,Archer ARC-4M2,Archer,ARC-4M2,18,BattleMech,70,1742,3086
7598,Archer ARC-5CS,Archer,ARC-5CS,18,BattleMech,70,1609,3052
79,Archer ARC-5R,Archer,ARC-5R,18,BattleMech,70,1674,3050
80,Archer ARC-5S,Archer,ARC-5S,18,BattleMech,70,1353,3050
81,Archer ARC-5W,Archer,ARC-5W,18,BattleMech,70,1337,3050
82,Archer ARC-6S,Archer,ARC-6S,18,BattleMech,70,1694,3067
83,Archer ARC-6W,Archer,ARC-6W,18,BattleMech,70,1405,3067
7731,Archer ARC-7C,Archer,ARC-7C,18,BattleMech,70,2408,3119
84,Archer ARC-7L,Archer,ARC-7L,18,BattleMech,70,1881,3067
85,Archer ARC-7S,Archer,ARC-7S,18,BattleMech,70,1658,3070
86,Archer ARC-8M,Archer,ARC-8M,18,BattleMech,70,1759,3067
87,Archer ARC-9K,Archer,ARC-9K,18,BattleMech,70,1391,3071
6875,Archer ARC-9KC,Archer,ARC-9KC,18,BattleMech,70,1361,3089
88,Archer ARC-9M,Archer,ARC-9M,18,BattleMech,70,1811,3076
7732,Archer ARC-9R,Archer,ARC-9R,18,BattleMech,70,1668,3114
89,Archer ARC-9W,Archer,ARC-9W,18,BattleMech,70,1774,3078
5523,Archer Artillery Bunker  ,Archer Artillery Bunker, ,97,Building,150,0,Unknown
90,Archer C,Archer,C,18,BattleMech,70,1811,2824
8387,Archer C 2,Archer,C 2,18,BattleMech,70,2167,3063
91,Arctic Fox AF1,Arctic Fox,AF1,18,BattleMech,30,983,3059
92,Arctic Fox AF1A,Arctic Fox,AF1A,18,BattleMech,30,858,3059
93,Arctic Fox AF1B,Arctic Fox,AF1B,18,BattleMech,30,735,3059
94,Arctic Fox AF1C,Arctic Fox,AF1C,18,BattleMech,30,948,3059
95,Arctic Fox AF1D,Arctic Fox,AF1D,18,BattleMech,30,744,3059
96,Arctic Fox AF1E,Arctic Fox,AF1E,18,BattleMech,30,1094,3069
97,Arctic Fox AF1F,Arctic Fox,AF1F,18,BattleMech,30,891,3072
98,Arctic Fox AF1U,Arctic Fox,AF1U,18,BattleMech,30,821,3072
99,Arctic Wolf  ,Arctic Wolf, ,18,BattleMech,40,1330,3059
100,Arctic Wolf 2,Arctic Wolf,2,18,BattleMech,40,1511,3060
101,Arctic Wolf A,Arctic Wolf,A,18,BattleMech,40,1587,3067
8155,Arctic Wolf II (Lana),Arctic Wolf II,(Lana),18,BattleMech,40,0,3148
104,Arctic Wolf II A,Arctic Wolf II,A,18,BattleMech,40,1645,3085
105,Arctic Wolf II B,Arctic Wolf II,B,18,BattleMech,40,1678,3085
106,Arctic Wolf II C,Arctic Wolf II,C,18,BattleMech,40,1913,3085
107,Arctic Wolf II Prime,Arctic Wolf II,Prime,18,BattleMech,40,2111,3085
102,Arctic Wolf J,Arctic Wolf,J,18,BattleMech,40,1786,3070
103,Arctic Wolf Prime,Arctic Wolf,Prime,18,BattleMech,40,1641,3067
6685,Ares ARS-V1 Zeus,Ares,ARS-V1 Zeus,18,BattleMech,135,3247,3136
6686,Ares ARS-V1A Hera,Ares,ARS-V1A Hera,18,BattleMech,135,2944,3136
6687,Ares ARS-V1B Hades,Ares,ARS-V1B Hades,18,BattleMech,135,2839,3136
6688,Ares ARS-V1C Aphrodite,Ares,ARS-V1C Aphrodite,18,BattleMech,135,2903,3136
6689,Ares ARS-V1D Hephaestus,Ares,ARS-V1D Hephaestus,18,BattleMech,135,2960,3136
9500,Ares ARS-V1E Apollo,Ares,ARS-V1E Apollo,18,BattleMech,135,2986,3151
5805,Ares Assault Craft Mk. III,Ares Assault Craft,Mk. III,17,Aerospace,200,0,2451
7940,Ares Assault Craft Mk. VI,Ares Assault Craft,Mk. VI,17,Aerospace,200,0,2476
3727,Ares Assault Craft Mk. VII,Ares Assault Craft,Mk. VII,17,Aerospace,200,0,2824
3726,Ares Attack Craft Mk. IX,Ares Attack Craft,Mk. IX,17,Aerospace,200,0,3077
5804,Ares Close Assault Landing Craft Mk. II,Ares Close Assault Landing Craft,Mk. II,17,Aerospace,200,0,2444
5592,Ares Landing Craft Mk. I,Ares Landing Craft,Mk. I,17,Aerospace,200,0,2438
109,Ares Medium Tank  ,Ares Medium Tank, ,19,Combat Vehicle,40,1151,2842
108,Ares Medium Tank (Plasma),Ares Medium Tank,(Plasma),19,Combat Vehicle,40,1201,3069
7617,Argo  ,Argo, ,17,Aerospace,97000,1063,2762
3728,Argo Submersible Carrier  ,Argo Submersible Carrier, ,79,Advanced Support,30000,0,3060
3729,Argus AGS-2D,Argus,AGS-2D,18,BattleMech,60,1566,3062
3730,Argus AGS-4D,Argus,AGS-4D,18,BattleMech,60,1638,3062
5683,Argus AGS-5D,Argus,AGS-5D,18,BattleMech,60,2065,3071
5684,Argus AGS-6F,Argus,AGS-6F,18,BattleMech,60,1524,3078
110,Argus AGS-8DX,Argus,AGS-8DX,18,BattleMech,60,1598,3074
6252,Arion  ,Arion, ,18,BattleMech,35,849,3136
111,Armored Personnel Carrier (Hover LRM),Armored Personnel Carrier,(Hover LRM),19,Combat Vehicle,10,193,2500
112,Armored Personnel Carrier (Hover MG),Armored Personnel Carrier,(Hover MG),19,Combat Vehicle,10,114,2500
113,Armored Personnel Carrier (Hover Primitive),Armored Personnel Carrier,(Hover Primitive),24,Support Vehicle,10,41,2390
114,Armored Personnel Carrier (Hover SRM),Armored Personnel Carrier,(Hover SRM),19,Combat Vehicle,10,131,2500
3731,Armored Personnel Carrier (Hover Sensors),Armored Personnel Carrier,(Hover Sensors),19,Combat Vehicle,10,78,2620
115,Armored Personnel Carrier (Hover),Armored Personnel Carrier,(Hover),19,Combat Vehicle,10,102,2500
116,Armored Personnel Carrier (Tracked LRM),Armored Personnel Carrier,(Tracked LRM),19,Combat Vehicle,10,208,2500
117,Armored Personnel Carrier (Tracked MG),Armored Personnel Carrier,(Tracked MG),19,Combat Vehicle,10,157,2500
118,Armored Personnel Carrier (Tracked Primitive),Armored Personnel Carrier,(Tracked Primitive),24,Support Vehicle,10,61,2390
119,Armored Personnel Carrier (Tracked SRM),Armored Personnel Carrier,(Tracked SRM),19,Combat Vehicle,10,168,2500
120,Armored Personnel Carrier (Tracked),Armored Personnel Carrier,(Tracked),19,Combat Vehicle,10,142,2500
121,Armored Personnel Carrier (Wheeled LRM),Armored Personnel Carrier,(Wheeled LRM),19,Combat Vehicle,10,194,2500
122,Armored Personnel Carrier (Wheeled MG),Armored Personnel Carrier,(Wheeled MG),19,Combat Vehicle,10,172,2500
123,Armored Personnel Carrier (Wheeled Primitive),Armored Personnel Carrier,(Wheeled Primitive),24,Support Vehicle,10,57,2390
124,Armored Personnel Carrier (Wheeled SRM),Armored Personnel Carrier,(Wheeled SRM),19,Combat Vehicle,10,176,2500
125,Armored Personnel Carrier (Wheeled),Armored Personnel Carrier,(Wheeled),19,Combat Vehicle,10,157,2500
6446,Arrow IV Assault Vehicle  ,Arrow IV Assault Vehicle, ,19,Combat Vehicle,80,1404,3089
3735,Arrow IV Carrier  ,Arrow IV Carrier, ,19,Combat Vehicle,60,0,3058
7410,Asher Hover Scout,Asher Hover Scout,,24,Support Vehicle,45,386,2298
3736,"Ashigaru Freighter ""Ash Barge""  ","Ashigaru Freighter ""Ash Barge""", ,79,Advanced Support,30000,0,2801
5466,Assassin,Assassin,,21,Infantry,1.5,22,2800
3737,"Assassin ""Servitor""",Assassin,"""Servitor""",18,BattleMech,40,1019,3066
126,Assassin ASN-101,Assassin,ASN-101,18,BattleMech,40,757,3024
9395,Assassin ASN-109,Assassin,ASN-109,18,BattleMech,40,1158,3140
127,Assassin ASN-21,Assassin,ASN-21,18,BattleMech,40,749,2676
128,Assassin ASN-23,Assassin,ASN-23,18,BattleMech,40,740,3050
129,Assassin ASN-30,Assassin,ASN-30,18,BattleMech,40,925,3062
3738,Assassin ASN-30 (Alice),Assassin,ASN-30 (Alice),18,BattleMech,40,1507,3066
130,Assassin ASN-99,Assassin,ASN-99,18,BattleMech,40,1116,3068
132,Assault Commando  ,Assault Commando, ,21,Infantry,1,52,3060
5765,Assault Triumph (3082),Assault Triumph,(3082),17,Aerospace,8000,7673,3082
133,Asshur Artillery Spotter  ,Asshur Artillery Spotter, ,19,Combat Vehicle,20,930,2893
135,Asshur Fast Reconnaissance Vehicle  ,Asshur Fast Reconnaissance Vehicle, ,19,Combat Vehicle,20,952,2842
134,Asshur Fast Reconnaissance Vehicle (Proto AC),Asshur Fast Reconnaissance Vehicle,(Proto AC),19,Combat Vehicle,20,333,3073
9223,Assuan Armored Bike  ,Assuan Armored Bike, ,24,Support Vehicle,0,0,Unknown
3742,Astrolux StarYacht LC-100,Astrolux StarYacht,LC-100,17,Aerospace,200,0,2953
3743,Asura Medium Battle Armor (Anti-Infantry) (Sqd4),Asura Medium Battle Armor,(Anti-Infantry) (Sqd4),21,Infantry,1,200,3072
8606,Asura Medium Battle Armor (Anti-Infantry) (Sqd5),Asura Medium Battle Armor,(Anti-Infantry) (Sqd5),21,Infantry,1,270,3072
8970,Asura Medium Battle Armor (Anti-Infantry) (Sqd6),Asura Medium Battle Armor,(Anti-Infantry) (Sqd6),21,Infantry,1,347,3072
3744,Asura Medium Battle Armor (SRM) (Sqd4),Asura Medium Battle Armor,(SRM) (Sqd4),21,Infantry,1,211,3072
8607,Asura Medium Battle Armor (SRM) (Sqd5),Asura Medium Battle Armor,(SRM) (Sqd5),21,Infantry,1,298,3072
8971,Asura Medium Battle Armor (SRM) (Sqd6),Asura Medium Battle Armor,(SRM) (Sqd6),21,Infantry,1,383,3072
3745,Asura Medium Battle Armor (Sqd4),Asura Medium Battle Armor,(Sqd4),21,Infantry,1,297,3072
8608,Asura Medium Battle Armor (Sqd5),Asura Medium Battle Armor,(Sqd5),21,Infantry,1,400,3072
8972,Asura Medium Battle Armor (Sqd6),Asura Medium Battle Armor,(Sqd6),21,Infantry,1,514,3072
6993,Athena  ,Athena, ,81,Advanced Aerospace,500000,107892,2569
137,Athena Combat Vehicle  ,Athena Combat Vehicle, ,19,Combat Vehicle,75,1855,3008
136,Athena Combat Vehicle (HAG),Athena Combat Vehicle,(HAG),19,Combat Vehicle,75,2444,3071
3747,Athena Combat Vehicle XR,Athena Combat Vehicle,XR,19,Combat Vehicle,75,1427,3068
3748,Atlantia Luxury Yacht  ,Atlantia Luxury Yacht, ,24,Support Vehicle,190,0,2890
5564,Atlas AS7-00 (Jurn),Atlas,AS7-00 (Jurn),18,BattleMech,100,2058,3081
7433,Atlas AS7-A,Atlas,AS7-A,18,BattleMech,100,1787,2954
138,Atlas AS7-C,Atlas,AS7-C,18,BattleMech,100,2163,3050
139,Atlas AS7-CM,Atlas,AS7-CM,18,BattleMech,100,2036,3050
140,Atlas AS7-D,Atlas,AS7-D,18,BattleMech,100,1897,2755
141,Atlas AS7-D (Danielle),Atlas,AS7-D (Danielle),18,BattleMech,100,1976,3028
142,Atlas AS7-D-DC,Atlas,AS7-D-DC,18,BattleMech,100,1858,2776
143,Atlas AS7-Dr,Atlas,AS7-Dr,18,BattleMech,100,2101,3070
144,Atlas AS7-K,Atlas,AS7-K,18,BattleMech,100,2175,3049
3749,Atlas AS7-K-DC,Atlas,AS7-K-DC,18,BattleMech,100,2158,3050
145,Atlas AS7-K2,Atlas,AS7-K2,18,BattleMech,100,2160,3082
5541,Atlas AS7-K2 (Jedra),Atlas,AS7-K2 (Jedra),18,BattleMech,100,1971,Unknown
146,Atlas AS7-K3,Atlas,AS7-K3,18,BattleMech,100,2346,3083
6832,Atlas AS7-K4,Atlas,AS7-K4,18,BattleMech,100,2153,3098
147,Atlas AS7-RS,Atlas,AS7-RS,18,BattleMech,100,1849,2892
148,Atlas AS7-S,Atlas,AS7-S,18,BattleMech,100,1929,3050
8291,Atlas AS7-S (Hanssen),Atlas,AS7-S (Hanssen),18,BattleMech,100,0,3051
149,Atlas AS7-S2,Atlas,AS7-S2,18,BattleMech,100,2378,3061
5461,Atlas AS7-S3,Atlas,AS7-S3,18,BattleMech,100,2378,3062
8437,Atlas AS7-S3-DC,Atlas,AS7-S3-DC,18,BattleMech,100,2276,3064
8436,Atlas AS7-S4,Atlas,AS7-S4,18,BattleMech,100,2568,3109
150,Atlas AS7-WGS (Samsonov),Atlas,AS7-WGS (Samsonov),18,BattleMech,100,1884,3025
151,Atlas AS8-D,Atlas,AS8-D,18,BattleMech,100,2432,3074
8435,Atlas AS8-K,Atlas,AS8-K,18,BattleMech,100,2668,3140
8434,Atlas AS8-KE,Atlas,AS8-KE,18,BattleMech,100,2658,3140
8433,Atlas AS8-S,Atlas,AS8-S,18,BattleMech,100,2789,3138
3750,Atlas C,Atlas,C,18,BattleMech,100,2340,2830
8431,Atlas C 2,Atlas,C 2,18,BattleMech,100,2736,2840
8432,Atlas C 3,Atlas,C 3,18,BattleMech,100,2606,2842
152,Atlas II AS7-D-H,Atlas II,AS7-D-H,18,BattleMech,100,2169,2765
7398,Atlas II AS7-D-H (Devlin),Atlas II,AS7-D-H (Devlin),18,BattleMech,100,2491,Unknown
7310,Atlas II AS7-D-H (Kerensky),Atlas II,AS7-D-H (Kerensky),18,BattleMech,100,2777,2833
153,Atlas II AS7-D-H2,Atlas II,AS7-D-H2,18,BattleMech,100,2340,2780
7618,Atlas II AS7-D-HT,Atlas II,AS7-D-HT,18,BattleMech,100,2205,2780
8459,Atlas II AS7-DK-H,Atlas II,AS7-DK-H,18,BattleMech,100,2599,3139
6359,Atlas III AS7-D2,Atlas III,AS7-D2,18,BattleMech,100,2890,3110
6358,Atlas III AS7-D3,Atlas III,AS7-D3,18,BattleMech,100,2564,3137
8148,Atlaua Costal Cutter  ,Atlaua Costal Cutter, ,24,Support Vehicle,40,0,Unknown
3751,Atreus Battleship  ,Atreus Battleship, ,81,Advanced Aerospace,1100000,0,2552
154,Augustus MBT A3,Augustus MBT,A3,24,Support Vehicle,75,676,2439
3756,Aurora  ,Aurora, ,17,Aerospace,1600,3262,3062
3752,Aurora (Armor Carrier),Aurora,(Armor Carrier),17,Aerospace,1600,3262,3062
3754,Aurora (CV),Aurora,(CV),17,Aerospace,1600,3262,3062
3753,Aurora (Cargo),Aurora,(Cargo),17,Aerospace,1600,3262,3062
7336,Aurora (Combined Arms),Aurora,(Combined Arms),17,Aerospace,1600,3262,3062
3755,Aurora (GunShip),Aurora,(GunShip),17,Aerospace,1600,7319,3062
7337,Aurora (Tanker),Aurora,(Tanker),17,Aerospace,1600,3262,3062
7338,Aurora (Vehicle),Aurora,(Vehicle),17,Aerospace,1600,3262,3062
8302,Auxiliary Defense Tank ADT-1,Auxiliary Defense Tank,ADT-1,24,Support Vehicle,28,192,2833
8303,Auxiliary Defense Tank ADT-2,Auxiliary Defense Tank,ADT-2,24,Support Vehicle,28,0,2903
6396,Avalanche AVL-1O,Avalanche,AVL-1O,18,BattleMech,50,1540,3133
6397,Avalanche AVL-1OA,Avalanche,AVL-1OA,18,BattleMech,50,1484,3133
6398,Avalanche AVL-1OB,Avalanche,AVL-1OB,18,BattleMech,50,1529,3133
6399,Avalanche AVL-1OC,Avalanche,AVL-1OC,18,BattleMech,50,1341,3133
6400,Avalanche AVL-1ON,Avalanche,AVL-1ON,18,BattleMech,50,1873,3133
6401,Avalanche AVL-1OR,Avalanche,AVL-1OR,18,BattleMech,50,2043,3133
3758,Avalonmax-class Freighter  ,Avalonmax-class Freighter, ,79,Advanced Support,0,0,Unknown
155,Avar A,Avar,A,17,Aerospace,35,2151,2878
156,Avar B,Avar,B,17,Aerospace,35,2142,2878
157,Avar C,Avar,C,17,Aerospace,35,1747,2878
158,Avar D,Avar,D,17,Aerospace,35,1765,3063
3762,Avar E,Avar,E,17,Aerospace,35,1438,3063
159,Avar Prime,Avar,Prime,17,Aerospace,35,2068,2878
160,Avatar AV1-O,Avatar,AV1-O,18,BattleMech,70,1395,3056
161,Avatar AV1-OA,Avatar,AV1-OA,18,BattleMech,70,1481,3056
162,Avatar AV1-OB,Avatar,AV1-OB,18,BattleMech,70,1496,3056
7634,Avatar AV1-OBLO,Avatar,AV1-OBLO,18,BattleMech,70,1550,3127
163,Avatar AV1-OC,Avatar,AV1-OC,18,BattleMech,70,1406,3056
164,Avatar AV1-OD,Avatar,AV1-OD,18,BattleMech,70,1475,3060
165,Avatar AV1-OE,Avatar,AV1-OE,18,BattleMech,70,1563,3062
166,Avatar AV1-OF,Avatar,AV1-OF,18,BattleMech,70,1667,3064
167,Avatar AV1-OG,Avatar,AV1-OG,18,BattleMech,70,1775,3056
168,Avatar AV1-OH,Avatar,AV1-OH,18,BattleMech,70,1604,3069
169,Avatar AV1-OI,Avatar,AV1-OI,18,BattleMech,70,1606,3078
6874,Avatar AV1-OJ,Avatar,AV1-OJ,18,BattleMech,70,2223,3099
170,Avatar AV1-OR,Avatar,AV1-OR,18,BattleMech,70,1833,3059
171,Avatar AV1-OU,Avatar,AV1-OU,18,BattleMech,70,1359,3077
3764,Avatar Heavy Cruiser  ,Avatar Heavy Cruiser, ,81,Advanced Aerospace,830000,0,2531
3765,Avenger (2816),Avenger,(2816),17,Aerospace,1400,0,2816
3766,Avenger (3048),Avenger,(3048),17,Aerospace,1400,0,3048
7423,Awesome (Jeff X. Mink),Awesome,(Jeff X. Mink),18,BattleMech,80,2166,Unknown
172,Awesome AWS-10KM,Awesome,AWS-10KM,18,BattleMech,80,1961,3068
7397,Awesome AWS-10KM (Cameron),Awesome,AWS-10KM (Cameron),18,BattleMech,80,2466,3070
7501,Awesome AWS-11H,Awesome,AWS-11H,18,BattleMech,80,2036,3142
173,Awesome AWS-11M,Awesome,AWS-11M,18,BattleMech,80,1801,3079
7349,Awesome AWS-11R,Awesome,AWS-11R,18,BattleMech,80,1878,3133
7977,Awesome AWS-11V,Awesome,AWS-11V,18,BattleMech,80,1855,3135
174,Awesome AWS-8Q,Awesome,AWS-8Q,18,BattleMech,80,1605,2665
3767,Awesome AWS-8Q (Barton),Awesome,AWS-8Q (Barton),18,BattleMech,80,0,3044
7311,Awesome AWS-8Q (Buck),Awesome,AWS-8Q (Buck),18,BattleMech,80,1787,Unknown
3768,Awesome AWS-8Q (Smith),Awesome,AWS-8Q (Smith),18,BattleMech,80,2166,Unknown
175,Awesome AWS-8R,Awesome,AWS-8R,18,BattleMech,80,1470,2683
176,Awesome AWS-8T,Awesome,AWS-8T,18,BattleMech,80,1593,2815
177,Awesome AWS-8V,Awesome,AWS-8V,18,BattleMech,80,1510,2980
178,Awesome AWS-9M,Awesome,AWS-9M,18,BattleMech,80,1812,3049
5594,Awesome AWS-9Ma,Awesome,AWS-9Ma,18,BattleMech,80,1836,3051
179,Awesome AWS-9Q,Awesome,AWS-9Q,18,BattleMech,80,1875,3057
3770,Awesome AWS-9Q (Klatt),Awesome,AWS-9Q (Klatt),18,BattleMech,80,1805,3071
8470,Awesome C,Awesome,C,18,BattleMech,80,2737,3143
182,Axel Heavy Tank IIC  ,Axel Heavy Tank IIC, ,19,Combat Vehicle,65,1612,3074
183,Axel Heavy Tank IIC (XL),Axel Heavy Tank IIC,(XL),19,Combat Vehicle,65,2003,3074
180,Axel Heavy Tank Mk 1,Axel Heavy Tank,Mk 1,19,Combat Vehicle,65,931,3036
181,Axel Heavy Tank Mk 2,Axel Heavy Tank,Mk 2,19,Combat Vehicle,65,902,3036
184,Axman AXM-1N,Axman,AXM-1N,18,BattleMech,65,1374,3048
185,Axman AXM-2N,Axman,AXM-2N,18,BattleMech,65,1458,3049
186,Axman AXM-3S,Axman,AXM-3S,18,BattleMech,65,1649,3060
187,Axman AXM-3Sr,Axman,AXM-3Sr,18,BattleMech,65,1734,3069
188,Axman AXM-4D,Axman,AXM-4D,18,BattleMech,65,1222,3071
7790,Axman AXM-5N,Axman,AXM-5N,18,BattleMech,65,2575,3148
3771,Axman AXM-6T,Axman,AXM-6T,18,BattleMech,65,1830,3083
3772,Axman AXM-6X,Axman,AXM-6X,18,BattleMech,65,2132,3074
189,Baboon (Howler)  ,Baboon (Howler), ,18,BattleMech,20,645,2871
190,Baboon (Howler) 2,Baboon (Howler),2,18,BattleMech,20,757,3063
191,"Baboon (Howler) 3 ""Devil""",Baboon (Howler),"3 ""Devil""",18,BattleMech,20,1277,3066
7568,Baboon (Howler) 4,Baboon (Howler),4,18,BattleMech,20,506,2877
7569,Baboon (Howler) 5,Baboon (Howler),5,18,BattleMech,20,1363,3053
7570,Baboon (Howler) 6,Baboon (Howler),6,18,BattleMech,20,550,3086
5516,Backstab Bunker  ,Backstab Bunker, ,97,Building,150,0,Unknown
192,Badger (C) Tracked Transport A,Badger (C) Tracked Transport,A,19,Combat Vehicle,30,492,2875
193,Badger (C) Tracked Transport B,Badger (C) Tracked Transport,B,19,Combat Vehicle,30,540,2875
194,Badger (C) Tracked Transport C,Badger (C) Tracked Transport,C,19,Combat Vehicle,30,537,2875
195,Badger (C) Tracked Transport D,Badger (C) Tracked Transport,D,19,Combat Vehicle,30,506,2875
196,Badger (C) Tracked Transport E,Badger (C) Tracked Transport,E,19,Combat Vehicle,30,474,3062
197,Badger (C) Tracked Transport F,Badger (C) Tracked Transport,F,19,Combat Vehicle,30,441,3072
198,Badger (C) Tracked Transport H,Badger (C) Tracked Transport,H,19,Combat Vehicle,30,516,3062
199,Badger (C) Tracked Transport Prime,Badger (C) Tracked Transport,Prime,19,Combat Vehicle,30,602,2875
3774,"Badger Tracked Transport ""Booze Cruiser""",Badger Tracked Transport,"""Booze Cruiser""",19,Combat Vehicle,30,0,3053
200,Badger Tracked Transport A,Badger Tracked Transport,A,19,Combat Vehicle,30,437,3008
201,Badger Tracked Transport B,Badger Tracked Transport,B,19,Combat Vehicle,30,431,3008
202,Badger Tracked Transport C,Badger Tracked Transport,C,19,Combat Vehicle,30,450,3008
203,Badger Tracked Transport D,Badger Tracked Transport,D,19,Combat Vehicle,30,540,3008
204,Badger Tracked Transport E,Badger Tracked Transport,E,19,Combat Vehicle,30,434,3008
205,Badger Tracked Transport F,Badger Tracked Transport,F,19,Combat Vehicle,30,399,3058
206,Badger Tracked Transport G,Badger Tracked Transport,G,19,Combat Vehicle,30,474,3070
207,Badger Tracked Transport Prime,Badger Tracked Transport,Prime,19,Combat Vehicle,30,549,3008
3777,Bailey Armored Car  ,Bailey Armored Car, ,24,Support Vehicle,27,0,3062
6975,Bakeneko BKN-1K,Bakeneko,BKN-1K,18,BattleMech,55,2022,3100
210,Balac Strike VTOL  ,Balac Strike VTOL, ,19,Combat Vehicle,25,1271,3079
6750,Balac Strike VTOL (Hybrid),Balac Strike VTOL,(Hybrid),19,Combat Vehicle,25,797,3090
208,Balac Strike VTOL (LRM),Balac Strike VTOL,(LRM),19,Combat Vehicle,25,1278,3079
209,Balac Strike VTOL (Spotter),Balac Strike VTOL,(Spotter),19,Combat Vehicle,25,934,3079
3778,Baleena Passenger Submarine  ,Baleena Passenger Submarine, ,24,Support Vehicle,200,0,2545
8135,Baleena Passenger Submarine IIC,Baleena Passenger Submarine,IIC,24,Support Vehicle,0,0,Unknown
211,Balius A,Balius,A,18,BattleMech,65,2201,3075
212,Balius B,Balius,B,18,BattleMech,65,2029,3075
213,Balius C,Balius,C,18,BattleMech,65,2103,3075
214,Balius D,Balius,D,18,BattleMech,65,2417,3075
6883,Balius E,Balius,E,18,BattleMech,65,2156,3127
215,Balius Prime,Balius,Prime,18,BattleMech,65,2157,3075
216,Balius U,Balius,U,18,BattleMech,65,2014,3077
6330,Ballista Artillery Trailer  ,Ballista Artillery Trailer, ,19,Combat Vehicle,100,1461,3100
6775,Ballista Self-Propelled Artillery Tank  ,Ballista Self-Propelled Artillery Tank, ,19,Combat Vehicle,55,531,2480
217,Bandersnatch BNDR-01A,Bandersnatch,BNDR-01A,18,BattleMech,75,1478,3052
3780,Bandersnatch BNDR-01A (Horus),Bandersnatch,BNDR-01A (Horus),18,BattleMech,75,1587,3061
218,Bandersnatch BNDR-01Ar,Bandersnatch,BNDR-01Ar,18,BattleMech,75,1522,3071
219,Bandersnatch BNDR-01B,Bandersnatch,BNDR-01B,18,BattleMech,75,1630,3065
220,Bandit (C) Hovercraft A,Bandit (C) Hovercraft,A,19,Combat Vehicle,50,1145,2875
221,Bandit (C) Hovercraft B,Bandit (C) Hovercraft,B,19,Combat Vehicle,50,1162,2875
222,Bandit (C) Hovercraft C,Bandit (C) Hovercraft,C,19,Combat Vehicle,50,1231,2875
223,Bandit (C) Hovercraft D,Bandit (C) Hovercraft,D,19,Combat Vehicle,50,1093,2875
224,Bandit (C) Hovercraft E,Bandit (C) Hovercraft,E,19,Combat Vehicle,50,1063,3062
225,Bandit (C) Hovercraft F,Bandit (C) Hovercraft,F,19,Combat Vehicle,50,1119,3072
226,Bandit (C) Hovercraft G,Bandit (C) Hovercraft,G,19,Combat Vehicle,50,915,3072
227,Bandit (C) Hovercraft H,Bandit (C) Hovercraft,H,19,Combat Vehicle,50,1209,3062
228,Bandit (C) Hovercraft Prime,Bandit (C) Hovercraft,Prime,19,Combat Vehicle,50,1054,2875
229,"Bandit Hovercraft ""Warthog""",Bandit Hovercraft,"""Warthog""",19,Combat Vehicle,50,872,3077
230,Bandit Hovercraft A,Bandit Hovercraft,A,19,Combat Vehicle,50,902,3008
231,Bandit Hovercraft B,Bandit Hovercraft,B,19,Combat Vehicle,50,753,3008
232,Bandit Hovercraft C,Bandit Hovercraft,C,19,Combat Vehicle,50,792,3008
233,Bandit Hovercraft D,Bandit Hovercraft,D,19,Combat Vehicle,50,827,3008
234,Bandit Hovercraft E,Bandit Hovercraft,E,19,Combat Vehicle,50,839,3008
235,Bandit Hovercraft F,Bandit Hovercraft,F,19,Combat Vehicle,50,887,3008
236,Bandit Hovercraft G,Bandit Hovercraft,G,19,Combat Vehicle,50,837,3008
237,Bandit Hovercraft H,Bandit Hovercraft,H,19,Combat Vehicle,50,708,3058
238,Bandit Hovercraft I,Bandit Hovercraft,I,19,Combat Vehicle,50,914,3070
3783,Bandit Hovercraft Mk. II  ,Bandit Hovercraft Mk. II, ,19,Combat Vehicle,50,770,3084
239,Bandit Hovercraft Prime,Bandit Hovercraft,Prime,19,Combat Vehicle,50,929,3008
7424,Banshee (John Bauer),Banshee,(John Bauer),18,BattleMech,95,1853,3063
5855,Banshee Aerospace Fighter BSE-X2,Banshee Aerospace Fighter,BSE-X2,17,Aerospace,50,0,3046
3784,Banshee BNC-11X,Banshee,BNC-11X,18,BattleMech,95,2030,3076
8246,Banshee BNC-12S,Banshee,BNC-12S,18,BattleMech,95,2562,3138
3785,Banshee BNC-1E,Banshee,BNC-1E,18,BattleMech,95,1458,2445
240,Banshee BNC-3E,Banshee,BNC-3E,18,BattleMech,95,1422,2475
8281,Banshee BNC-3E (El Guapo),Banshee,BNC-3E (El Guapo),18,BattleMech,95,0,Unknown
241,Banshee BNC-3M,Banshee,BNC-3M,18,BattleMech,95,1595,2579
242,Banshee BNC-3MC,Banshee,BNC-3MC,18,BattleMech,95,1487,3037
243,Banshee BNC-3Mr,Banshee,BNC-3Mr,18,BattleMech,95,1801,3073
244,Banshee BNC-3Q,Banshee,BNC-3Q,18,BattleMech,95,1394,2915
245,Banshee BNC-3S,Banshee,BNC-3S,18,BattleMech,95,1751,3026
246,Banshee BNC-3S (Reinesblatt),Banshee,BNC-3S (Reinesblatt),18,BattleMech,95,1678,3029
247,Banshee BNC-5S,Banshee,BNC-5S,18,BattleMech,95,2065,3053
3786,Banshee BNC-5S (Sawyer),Banshee,BNC-5S (Sawyer),18,BattleMech,95,2094,3057
3787,Banshee BNC-5S (Vandergriff),Banshee,BNC-5S (Vandergriff),18,BattleMech,95,1853,3062
248,Banshee BNC-6S,Banshee,BNC-6S,18,BattleMech,95,1889,3062
249,Banshee BNC-7S,Banshee,BNC-7S,18,BattleMech,95,2126,3063
250,Banshee BNC-8S,Banshee,BNC-8S,18,BattleMech,95,2408,3070
3788,Banshee BNC-9S,Banshee,BNC-9S,18,BattleMech,95,2496,3071
6844,Banshee BNC-9S2,Banshee,BNC-9S2,18,BattleMech,95,2426,3109
251,Banzai BNZ-X,Banzai,BNZ-X,18,BattleMech,90,2647,3076
6496,Bardiche Heavy Strike Tank  ,Bardiche Heavy Strike Tank, ,19,Combat Vehicle,70,1305,3101
6497,Bardiche Heavy Strike Tank (Minesweeper),Bardiche Heavy Strike Tank,(Minesweeper),19,Combat Vehicle,70,1198,3114
8049,Bardiche Heavy Strike Tank C,Bardiche Heavy Strike Tank,C,19,Combat Vehicle,70,1291,3143
252,Barghest BGS-1T,Barghest,BGS-1T,18,BattleMech,70,1787,3058
253,Barghest BGS-2T,Barghest,BGS-2T,18,BattleMech,70,1794,3060
254,Barghest BGS-3T,Barghest,BGS-3T,18,BattleMech,70,1900,3062
3790,Barghest BGS-4T,Barghest,BGS-4T,18,BattleMech,70,1734,3083
3791,Barghest BGS-4X,Barghest,BGS-4X,18,BattleMech,70,1667,3078
255,Barghest BGS-7S,Barghest,BGS-7S,18,BattleMech,70,1526,3074
3792,Baron Destroyer  ,Baron Destroyer, ,81,Advanced Aerospace,480000,27692,2520
3832,Baronet Passenger VTOL  ,Baronet Passenger VTOL, ,24,Support Vehicle,50,0,3071
3793,Barouche Military Transport  ,Barouche Military Transport, ,24,Support Vehicle,80,424,3078
256,Bashkir A,Bashkir,A,17,Aerospace,20,763,2930
257,Bashkir B,Bashkir,B,17,Aerospace,20,697,2930
258,Bashkir C,Bashkir,C,17,Aerospace,20,1069,2930
259,Bashkir D,Bashkir,D,17,Aerospace,20,1009,3063
3795,Bashkir E,Bashkir,E,17,Aerospace,20,877,3071
260,Bashkir Prime,Bashkir,Prime,17,Aerospace,20,1108,2930
5833,Bashkir Z,Bashkir,Z,17,Aerospace,20,1151,3072
3797,Basilisk  ,Basilisk, ,23,Protomech,7,319,3063
3796,Basilisk (Quad)  ,Basilisk (Quad), ,23,Protomech,7,258,3072
5835,Basilisk (Quad) B,Basilisk (Quad),B,23,Protomech,7,218,3072
3798,Basilisk 2,Basilisk,2,23,Protomech,7,237,3064
3799,Basilisk 3,Basilisk,3,23,Protomech,7,306,3072
3800,Bastion System Defense Station  ,Bastion System Defense Station, ,81,Advanced Aerospace,150000,0,2584
261,Battle Cobra A,Battle Cobra,A,18,BattleMech,40,1466,2873
262,Battle Cobra B,Battle Cobra,B,18,BattleMech,40,1892,2873
263,Battle Cobra BTL-C-2O,Battle Cobra,BTL-C-2O,18,BattleMech,40,944,3063
264,Battle Cobra BTL-C-2OA,Battle Cobra,BTL-C-2OA,18,BattleMech,40,1113,3063
265,Battle Cobra BTL-C-2OB,Battle Cobra,BTL-C-2OB,18,BattleMech,40,895,3063
266,Battle Cobra BTL-C-2OC,Battle Cobra,BTL-C-2OC,18,BattleMech,40,726,3063
267,Battle Cobra BTL-C-2OD,Battle Cobra,BTL-C-2OD,18,BattleMech,40,1221,3069
268,Battle Cobra BTL-C-2OE,Battle Cobra,BTL-C-2OE,18,BattleMech,40,840,3070
269,Battle Cobra BTL-C-2OF,Battle Cobra,BTL-C-2OF,18,BattleMech,40,1300,3070
9492,Battle Cobra BTL-C-2OG,Battle Cobra,BTL-C-2OG,18,BattleMech,40,1217,3083
9493,Battle Cobra BTL-C-2OH,Battle Cobra,BTL-C-2OH,18,BattleMech,40,1305,3083
9494,Battle Cobra BTL-C-2OI,Battle Cobra,BTL-C-2OI,18,BattleMech,40,1019,3083
9495,Battle Cobra BTL-C-2OJ,Battle Cobra,BTL-C-2OJ,18,BattleMech,40,1269,3144
270,Battle Cobra C,Battle Cobra,C,18,BattleMech,40,1484,3062
271,Battle Cobra F,Battle Cobra,F,18,BattleMech,40,1507,3057
8390,Battle Cobra G,Battle Cobra,G,18,BattleMech,40,1593,3140
272,Battle Cobra H,Battle Cobra,H,18,BattleMech,40,1592,3061
8391,Battle Cobra I,Battle Cobra,I,18,BattleMech,40,1385,3147
8392,Battle Cobra J,Battle Cobra,J,18,BattleMech,40,1272,3147
273,Battle Cobra Prime,Battle Cobra,Prime,18,BattleMech,40,1487,2873
8389,Battle Cobra T,Battle Cobra,T,18,BattleMech,40,1666,3142
274,Battle Cobra X,Battle Cobra,X,18,BattleMech,40,1492,3073
275,Battle Hawk BH-K305,Battle Hawk,BH-K305,18,BattleMech,30,771,3053
276,Battle Hawk BH-K306,Battle Hawk,BH-K306,18,BattleMech,30,926,3067
3802,Battle Taxi NL-42,Battle Taxi,NL-42,17,Aerospace,200,0,3053
5610,Battle Taxi NL-43,Battle Taxi,NL-43,17,Aerospace,100,0,3074
5584,BattleAxe BKX-1X,BattleAxe,BKX-1X,18,BattleMech,70,1079,2459
277,BattleAxe BKX-7K,BattleAxe,BKX-7K,18,BattleMech,70,1329,2475
278,BattleAxe BKX-7NC,BattleAxe,BKX-7NC,18,BattleMech,70,1252,2480
279,BattleAxe BKX-8D,BattleAxe,BKX-8D,18,BattleMech,70,1592,3073
280,BattleMaster BLR-10S,BattleMaster,BLR-10S,18,BattleMech,85,1927,3070
281,BattleMaster BLR-10S2,BattleMaster,BLR-10S2,18,BattleMech,85,1927,3072
282,BattleMaster BLR-1D,BattleMaster,BLR-1D,18,BattleMech,85,1522,2867
283,BattleMaster BLR-1G,BattleMaster,BLR-1G,18,BattleMech,85,1519,2633
284,BattleMaster BLR-1G (Red Corsair),BattleMaster,BLR-1G (Red Corsair),18,BattleMech,85,2745,3055
288,BattleMaster BLR-1G-DC,BattleMaster,BLR-1G-DC,18,BattleMech,85,1494,2633
5877,"BattleMaster BLR-1GHE ""HellSlinger""",BattleMaster,"BLR-1GHE ""HellSlinger""",18,BattleMech,85,0,Unknown
285,BattleMaster BLR-1Gb,BattleMaster,BLR-1Gb,18,BattleMech,85,1825,2760
286,BattleMaster BLR-1Gbc,BattleMaster,BLR-1Gbc,18,BattleMech,85,1825,2763
287,BattleMaster BLR-1Gc,BattleMaster,BLR-1Gc,18,BattleMech,85,1577,2763
5867,BattleMaster BLR-1Gd,BattleMaster,BLR-1Gd,18,BattleMech,85,0,Unknown
289,BattleMaster BLR-1S,BattleMaster,BLR-1S,18,BattleMech,85,1507,3025
290,BattleMaster BLR-2C,BattleMaster,BLR-2C,18,BattleMech,85,1563,2925
291,BattleMaster BLR-3M,BattleMaster,BLR-3M,18,BattleMech,85,1679,3049
3805,BattleMaster BLR-3M (Rogers),BattleMaster,BLR-3M (Rogers),18,BattleMech,85,1818,3057
3806,BattleMaster BLR-3M-DC,BattleMaster,BLR-3M-DC,18,BattleMech,85,1627,3053
292,BattleMaster BLR-3S,BattleMaster,BLR-3S,18,BattleMech,85,1441,3050
293,BattleMaster BLR-4L,BattleMaster,BLR-4L,18,BattleMech,85,1890,3081
294,BattleMaster BLR-4S,BattleMaster,BLR-4S,18,BattleMech,85,2018,3062
295,BattleMaster BLR-4S (Calvin II),BattleMaster,BLR-4S (Calvin II),18,BattleMech,85,2274,3071
296,BattleMaster BLR-4S (Calvin),BattleMaster,BLR-4S (Calvin),18,BattleMech,85,2029,3070
297,BattleMaster BLR-5M,BattleMaster,BLR-5M,18,BattleMech,85,1766,3067
7476,BattleMaster BLR-6C,BattleMaster,BLR-6C,18,BattleMech,85,1557,3081
7475,BattleMaster BLR-6G,BattleMaster,BLR-6G,18,BattleMech,85,1960,3088
7978,BattleMaster BLR-6M,BattleMaster,BLR-6M,18,BattleMech,85,1958,3120
9404,BattleMaster BLR-6R,BattleMaster,BLR-6R,18,BattleMech,85,2181,3104
298,BattleMaster BLR-6X,BattleMaster,BLR-6X,18,BattleMech,85,1966,3085
299,BattleMaster BLR-CM,BattleMaster,BLR-CM,18,BattleMech,85,1883,3064
300,BattleMaster BLR-K3,BattleMaster,BLR-K3,18,BattleMech,85,1851,3064
301,BattleMaster BLR-K4,BattleMaster,BLR-K4,18,BattleMech,85,2232,3073
302,BattleMaster BLR-M3,BattleMaster,BLR-M3,18,BattleMech,85,1674,3070
303,BattleMaster C,BattleMaster,C,18,BattleMech,85,3025,3070
7979,BattleMaster C 2,BattleMaster,C 2,18,BattleMech,85,2538,3145
7477,BattleMaster C 3,BattleMaster,C 3,18,BattleMech,85,2532,3145
7835,BattleMech Landing Craft  ,BattleMech Landing Craft, ,79,Advanced Support,2000,2437,2651
304,BattleMech Recovery Vehicle  ,BattleMech Recovery Vehicle, ,19,Combat Vehicle,50,90,2500
305,Batu A,Batu,A,17,Aerospace,40,1975,2987
306,Batu B,Batu,B,17,Aerospace,40,2651,2987
307,Batu C,Batu,C,17,Aerospace,40,2109,2987
308,Batu D,Batu,D,17,Aerospace,40,2435,3065
6963,Batu E,Batu,E,17,Aerospace,40,1602,3065
309,Batu Prime,Batu,Prime,17,Aerospace,40,2495,2987
3809,Batu Z,Batu,Z,17,Aerospace,40,3143,3072
3810,Bayamo Hoverbike  ,Bayamo Hoverbike, ,24,Support Vehicle,0.6,0,3030
312,Beagle Hover Scout  ,Beagle Hover Scout, ,19,Combat Vehicle,15,335,2666
310,Beagle Hover Scout (C3i),Beagle Hover Scout,(C3i),19,Combat Vehicle,15,266,3069
7330,Beagle Hover Scout (LRRP),Beagle Hover Scout,(LRRP),19,Combat Vehicle,15,219,2723
311,Beagle Hover Scout (Sealed),Beagle Hover Scout,(Sealed),19,Combat Vehicle,15,249,3076
313,Beagle Hover Scout (TAG),Beagle Hover Scout,(TAG),19,Combat Vehicle,15,295,3069
314,Bear Cub  ,Bear Cub, ,18,BattleMech,25,1052,3068
315,Bear Cub 2,Bear Cub,2,18,BattleMech,25,988,3070
316,Bear Cub 3,Bear Cub,3,18,BattleMech,25,1086,3071
317,Beast Mounted Infantry  ,Beast Mounted Infantry, ,21,Infantry,15,79,2500
9224,Beast Riot Car  ,Beast Riot Car, ,24,Support Vehicle,0,0,Unknown
3812,Behemoth  ,Behemoth, ,17,Aerospace,100000,0,2782
3811,Behemoth (2658),Behemoth,(2658),17,Aerospace,100000,0,2658
318,Behemoth (Stone Rhino)  ,Behemoth (Stone Rhino), ,18,BattleMech,100,3001,2847
319,Behemoth (Stone Rhino) 2,Behemoth (Stone Rhino),2,18,BattleMech,100,3107,3061
320,Behemoth (Stone Rhino) 3,Behemoth (Stone Rhino),3,18,BattleMech,100,3072,3068
3814,Behemoth (Stone Rhino) 4,Behemoth (Stone Rhino),4,18,BattleMech,100,2601,2846
3815,Behemoth (Stone Rhino) 5,Behemoth (Stone Rhino),5,18,BattleMech,100,2157,2846
3816,Behemoth (Stone Rhino) 6,Behemoth (Stone Rhino),6,18,BattleMech,100,2981,2999
7448,Behemoth (Stone Rhino) 7,Behemoth (Stone Rhino),7,18,BattleMech,100,2916,3001
7449,Behemoth (Stone Rhino) 8,Behemoth (Stone Rhino),8,18,BattleMech,100,2804,3128
8301,Behemoth BHN-6H,Behemoth,BHN-6H,18,BattleMech,100,1703,3004
324,Behemoth Heavy Tank  ,Behemoth Heavy Tank, ,19,Combat Vehicle,100,1173,2952
321,Behemoth Heavy Tank (Armor),Behemoth Heavy Tank,(Armor),19,Combat Vehicle,100,1406,2952
9457,Behemoth Heavy Tank (Davion),Behemoth Heavy Tank,(Davion),19,Combat Vehicle,100,1662,3087
322,Behemoth Heavy Tank (Flamer),Behemoth Heavy Tank,(Flamer),19,Combat Vehicle,100,1130,2981
9458,Behemoth Heavy Tank (Kurita Upgrade),Behemoth Heavy Tank,(Kurita Upgrade),19,Combat Vehicle,100,1789,3140
323,Behemoth Heavy Tank (Kurita),Behemoth Heavy Tank,(Kurita),19,Combat Vehicle,100,1336,3062
9459,Behemoth Heavy Tank (Liao),Behemoth Heavy Tank,(Liao),19,Combat Vehicle,100,1324,3138
9460,Behemoth Heavy Tank (Refit),Behemoth Heavy Tank,(Refit),19,Combat Vehicle,100,1246,3060
6447,Behemoth II Heavy Tank  ,Behemoth II Heavy Tank, ,19,Combat Vehicle,100,1903,3102
6448,Behemoth II Heavy Tank (Support),Behemoth II Heavy Tank,(Support),19,Combat Vehicle,100,1781,3102
3817,Bellerophon BEL-1X,Bellerophon,BEL-1X,18,BattleMech,60,957,2442
326,Bellona Hover Tank  ,Bellona Hover Tank, ,19,Combat Vehicle,45,1018,3070
325,Bellona Hover Tank (Laser),Bellona Hover Tank,(Laser),19,Combat Vehicle,45,1262,3076
8036,Bellona Hover Tank (XL),Bellona Hover Tank,(XL),19,Combat Vehicle,45,1603,3135
327,Beowulf BEO-12,Beowulf,BEO-12,18,BattleMech,45,1319,3059
328,Beowulf BEO-14,Beowulf,BEO-14,18,BattleMech,45,1287,3075
5548,Beowulf BEO-X-7A,Beowulf,BEO-X-7A,18,BattleMech,45,1473,3068
3818,Beowulf IIC  ,Beowulf IIC, ,18,BattleMech,45,2048,3084
7294,Beowulf IIC PR,Beowulf IIC,PR,18,BattleMech,45,1992,3086
329,Berserker BRZ-A3,Berserker,BRZ-A3,18,BattleMech,100,2117,3056
330,Berserker BRZ-B3,Berserker,BRZ-B3,18,BattleMech,100,2020,3056
331,Berserker BRZ-C3,Berserker,BRZ-C3,18,BattleMech,100,2354,3067
6831,Berserker BRZ-D4,Berserker,BRZ-D4,18,BattleMech,100,2659,3112
332,Bishamon BSN-3K,Bishamon,BSN-3K,18,BattleMech,45,1374,3060
333,Bishamon BSN-4K,Bishamon,BSN-4K,18,BattleMech,45,1105,3060
334,Bishamon BSN-5KC,Bishamon,BSN-5KC,18,BattleMech,45,1443,3076
6545,Bishop Transport VTOL  ,Bishop Transport VTOL, ,24,Support Vehicle,45,199,3093
5593,Black Eagle  ,Black Eagle, ,17,Aerospace,4500,0,2453
3821,Black Hawk (Nova) (Phelan 2),Black Hawk (Nova),(Phelan 2),18,BattleMech,50,0,Unknown
3822,Black Hawk (Nova) (Phelan),Black Hawk (Nova),(Phelan),18,BattleMech,50,0,Unknown
335,Black Hawk (Nova) A,Black Hawk (Nova),A,18,BattleMech,50,2422,2870
336,Black Hawk (Nova) B,Black Hawk (Nova),B,18,BattleMech,50,1543,2870
337,Black Hawk (Nova) C,Black Hawk (Nova),C,18,BattleMech,50,1515,2870
338,Black Hawk (Nova) D,Black Hawk (Nova),D,18,BattleMech,50,1450,2870
339,Black Hawk (Nova) E,Black Hawk (Nova),E,18,BattleMech,50,2078,3054
340,Black Hawk (Nova) F,Black Hawk (Nova),F,18,BattleMech,50,1976,3068
8165,Black Hawk (Nova) G,Black Hawk (Nova),G,18,BattleMech,50,1822,3092
341,Black Hawk (Nova) H,Black Hawk (Nova),H,18,BattleMech,50,1832,3059
6909,Black Hawk (Nova) I,Black Hawk (Nova),I,18,BattleMech,50,2224,3094
8166,Black Hawk (Nova) J,Black Hawk (Nova),J,18,BattleMech,50,2295,3128
8167,Black Hawk (Nova) K,Black Hawk (Nova),K,18,BattleMech,50,1932,3134
8168,Black Hawk (Nova) L,Black Hawk (Nova),L,18,BattleMech,50,2177,3134
342,Black Hawk (Nova) Prime,Black Hawk (Nova),Prime,18,BattleMech,50,2663,2870
8169,Black Hawk (Nova) R,Black Hawk (Nova),R,18,BattleMech,50,1597,3140
343,Black Hawk (Nova) S,Black Hawk (Nova),S,18,BattleMech,50,2056,3050
8164,Black Hawk (Nova) T,Black Hawk (Nova),T,18,BattleMech,50,1579,3142
344,Black Hawk (Nova) U,Black Hawk (Nova),U,18,BattleMech,50,1413,3077
6910,Black Hawk (Nova) X,Black Hawk (Nova),X,18,BattleMech,50,2761,3137
6554,Black Hawk (Standard)  ,Black Hawk (Standard), ,18,BattleMech,50,2183,3073
6555,Black Hawk (Standard) 2,Black Hawk (Standard),2,18,BattleMech,50,2161,3092
6556,Black Hawk (Standard) 3,Black Hawk (Standard),3,18,BattleMech,50,2317,3092
345,Black Hawk-KU BHKU-O,Black Hawk-KU,BHKU-O,18,BattleMech,60,1731,3055
346,Black Hawk-KU BHKU-O (Albert),Black Hawk-KU,BHKU-O (Albert),18,BattleMech,60,2377,3070
347,Black Hawk-KU BHKU-OA,Black Hawk-KU,BHKU-OA,18,BattleMech,60,1770,3055
348,Black Hawk-KU BHKU-OB,Black Hawk-KU,BHKU-OB,18,BattleMech,60,1303,3055
349,Black Hawk-KU BHKU-OC,Black Hawk-KU,BHKU-OC,18,BattleMech,60,1597,3055
350,Black Hawk-KU BHKU-OD,Black Hawk-KU,BHKU-OD,18,BattleMech,60,1539,3055
351,Black Hawk-KU BHKU-OE,Black Hawk-KU,BHKU-OE,18,BattleMech,60,1982,3063
352,Black Hawk-KU BHKU-OF,Black Hawk-KU,BHKU-OF,18,BattleMech,60,1759,3069
6890,Black Hawk-KU BHKU-OG,Black Hawk-KU,BHKU-OG,18,BattleMech,60,1719,3089
3825,Black Hawk-KU BHKU-OR,Black Hawk-KU,BHKU-OR,18,BattleMech,60,2193,3059
353,Black Hawk-KU BHKU-OU,Black Hawk-KU,BHKU-OU,18,BattleMech,60,1687,3077
354,Black Hawk-KU BHKU-OX,Black Hawk-KU,BHKU-OX,18,BattleMech,60,1941,3058
355,Black Knight BL-10-KNT (Ross),Black Knight,BL-10-KNT (Ross),18,BattleMech,75,2103,3055
356,Black Knight BL-12-KNT,Black Knight,BL-12-KNT,18,BattleMech,75,1840,3063
7791,Black Knight BL-18-KNT,Black Knight,BL-18-KNT,18,BattleMech,75,2585,3130
358,Black Knight BL-6-KNT,Black Knight,BL-6-KNT,18,BattleMech,75,1551,2578
359,Black Knight BL-6-KNT (Ian),Black Knight,BL-6-KNT (Ian),18,BattleMech,75,1830,3039
3826,Black Knight BL-6-RR,Black Knight,BL-6-RR,18,BattleMech,75,1954,3057
357,Black Knight BL-6b-KNT,Black Knight,BL-6b-KNT,18,BattleMech,75,1627,2751
360,Black Knight BL-7-KNT,Black Knight,BL-7-KNT,18,BattleMech,75,1443,2809
361,Black Knight BL-7-KNT-L,Black Knight,BL-7-KNT-L,18,BattleMech,75,1409,2809
362,Black Knight BL-9-KNT,Black Knight,BL-9-KNT,18,BattleMech,75,1678,3052
5783,Black Knight BL-X-KNT “Red Reaper”,Black Knight,BL-X-KNT “Red Reaper”,18,BattleMech,75,1858,3069
6347,Black Knight BLK-NT-2Y,Black Knight,BLK-NT-2Y,18,BattleMech,75,1847,3091
6348,Black Knight BLK-NT-3A,Black Knight,BLK-NT-3A,18,BattleMech,75,1707,3095
6349,Black Knight BLK-NT-3B,Black Knight,BLK-NT-3B,18,BattleMech,75,1911,3100
6350,Black Knight BLK-NT-4D,Black Knight,BLK-NT-4D,18,BattleMech,75,2280,3127
6351,Black Knight BLK-NT-5H,Black Knight,BLK-NT-5H,18,BattleMech,75,2423,3138
363,Black Lanner A,Black Lanner,A,18,BattleMech,55,2308,3052
364,Black Lanner B,Black Lanner,B,18,BattleMech,55,1961,3052
365,Black Lanner C,Black Lanner,C,18,BattleMech,55,2523,3052
366,Black Lanner D,Black Lanner,D,18,BattleMech,55,1809,3052
367,Black Lanner E,Black Lanner,E,18,BattleMech,55,2331,3062
8185,Black Lanner F,Black Lanner,F,18,BattleMech,55,2154,3121
8186,Black Lanner G,Black Lanner,G,18,BattleMech,55,1929,3134
368,Black Lanner H,Black Lanner,H,18,BattleMech,55,1928,3061
8187,Black Lanner I,Black Lanner,I,18,BattleMech,55,1803,3143
8188,Black Lanner J,Black Lanner,J,18,BattleMech,55,2022,3144
369,Black Lanner Prime,Black Lanner,Prime,18,BattleMech,55,2268,3052
8184,Black Lanner T,Black Lanner,T,18,BattleMech,55,2040,3142
370,Black Lanner X,Black Lanner,X,18,BattleMech,55,1672,3075
3828,Black Lion Battlecruiser (2691),Black Lion Battlecruiser,(2691),81,Advanced Aerospace,810000,227332,2691
6983,Black Lion Battlecruiser (Block I),Black Lion Battlecruiser,(Block I),81,Advanced Aerospace,720000,119805,2315
3829,Black Lion Battlecruiser (Clan),Black Lion Battlecruiser,(Clan),81,Advanced Aerospace,810000,0,2843
371,Black Watch BKW-7R,Black Watch,BKW-7R,18,BattleMech,85,1998,3061
372,Black Watch BKW-9R,Black Watch,BKW-9R,18,BattleMech,85,2144,3070
6239,Black Wolf Battle Armor [ERSPL] (Sqd4),Black Wolf Battle Armor,[ERSPL] (Sqd4),21,Infantry,1.5,348,3138
8727,Black Wolf Battle Armor [ERSPL] (Sqd5),Black Wolf Battle Armor,[ERSPL] (Sqd5),21,Infantry,1.5,468,3138
6240,Black Wolf Battle Armor [Heavy Flamer] (Sqd4),Black Wolf Battle Armor,[Heavy Flamer] (Sqd4),21,Infantry,1.5,289,3138
8728,Black Wolf Battle Armor [Heavy Flamer] (Sqd5),Black Wolf Battle Armor,[Heavy Flamer] (Sqd5),21,Infantry,1.5,389,3138
6241,Black Wolf Battle Armor [Heavy Mortar] (Sqd4),Black Wolf Battle Armor,[Heavy Mortar] (Sqd4),21,Infantry,1.5,294,3138
8729,Black Wolf Battle Armor [Heavy Mortar] (Sqd5),Black Wolf Battle Armor,[Heavy Mortar] (Sqd5),21,Infantry,1.5,396,3138
6243,Black Wolf Battle Armor [LB-X] (Sqd4),Black Wolf Battle Armor,[LB-X] (Sqd4),21,Infantry,1.5,303,3138
8731,Black Wolf Battle Armor [LB-X] (Sqd5),Black Wolf Battle Armor,[LB-X] (Sqd5),21,Infantry,1.5,407,3138
6242,Black Wolf Battle Armor [Plasma] (Sqd4),Black Wolf Battle Armor,[Plasma] (Sqd4),21,Infantry,1.5,280,3138
8730,Black Wolf Battle Armor [Plasma] (Sqd5),Black Wolf Battle Armor,[Plasma] (Sqd5),21,Infantry,1.5,377,3138
390,BlackWasp Mk. 30,BlackWasp,Mk. 30,17,Aerospace,50,1200,2728
373,Blackjack BJ-1,Blackjack,BJ-1,18,BattleMech,45,949,2757
374,Blackjack BJ-1DB,Blackjack,BJ-1DB,18,BattleMech,45,1015,3023
375,Blackjack BJ-1DC,Blackjack,BJ-1DC,18,BattleMech,45,917,3024
376,Blackjack BJ-1X,Blackjack,BJ-1X,18,BattleMech,45,964,2756
377,Blackjack BJ-2,Blackjack,BJ-2,18,BattleMech,45,1148,3052
6914,Blackjack BJ-2r,Blackjack,BJ-2r,18,BattleMech,45,1136,3131
388,Blackjack BJ-3,Blackjack,BJ-3,18,BattleMech,45,1271,3042
3831,Blackjack BJ-3X,Blackjack,BJ-3X,18,BattleMech,45,0,3029
389,Blackjack BJ-4,Blackjack,BJ-4,18,BattleMech,45,1063,3067
7499,Blackjack BJ-5,Blackjack,BJ-5,18,BattleMech,45,1165,3107
378,Blackjack BJ2-O,Blackjack,BJ2-O,18,BattleMech,50,1201,3057
379,Blackjack BJ2-OA,Blackjack,BJ2-OA,18,BattleMech,50,1318,3057
380,Blackjack BJ2-OB,Blackjack,BJ2-OB,18,BattleMech,50,1323,3057
381,Blackjack BJ2-OC,Blackjack,BJ2-OC,18,BattleMech,50,1189,3057
382,Blackjack BJ2-OD,Blackjack,BJ2-OD,18,BattleMech,50,1375,3057
383,Blackjack BJ2-OE,Blackjack,BJ2-OE,18,BattleMech,50,1260,3059
384,Blackjack BJ2-OF,Blackjack,BJ2-OF,18,BattleMech,50,1405,3061
6908,Blackjack BJ2-OG,Blackjack,BJ2-OG,18,BattleMech,50,1448,3134
385,Blackjack BJ2-OR,Blackjack,BJ2-OR,18,BattleMech,50,2010,3059
386,Blackjack BJ2-OU,Blackjack,BJ2-OU,18,BattleMech,50,1223,3077
387,Blackjack BJ2-OX,Blackjack,BJ2-OX,18,BattleMech,50,1320,3074
8388,Blackjack C,Blackjack,C,18,BattleMech,45,1639,Unknown
6929,Blade BLD-7R,Blade,BLD-7R,18,BattleMech,35,1227,3094
391,Blade BLD-XL,Blade,BLD-XL,18,BattleMech,35,1314,3087
7345,Blade BLD-XR,Blade,BLD-XR,18,BattleMech,35,1101,3125
392,Blade BLD-XS,Blade,BLD-XS,18,BattleMech,35,944,3087
393,Blade BLD-XX,Blade,BLD-XX,18,BattleMech,35,1064,3087
394,Blitzkrieg BTZ-3F,Blitzkrieg,BTZ-3F,18,BattleMech,50,1273,3061
395,Blitzkrieg BTZ-4F,Blitzkrieg,BTZ-4F,18,BattleMech,50,1740,3074
398,Blizzard Hover Transport  ,Blizzard Hover Transport, ,19,Combat Vehicle,25,277,3054
396,"Blizzard Hover Transport ""Black Blizzard""",Blizzard Hover Transport,"""Black Blizzard""",19,Combat Vehicle,25,464,3064
397,Blizzard Hover Transport (SRM),Blizzard Hover Transport,(SRM),19,Combat Vehicle,25,264,3062
3836,Blood Kite  ,Blood Kite, ,18,BattleMech,85,2776,2907
3837,Blood Kite 2,Blood Kite,2,18,BattleMech,85,3122,3066
408,Blood Reaper  ,Blood Reaper, ,18,BattleMech,70,2665,3079
407,Blood Reaper 2,Blood Reaper,2,18,BattleMech,70,2521,3080
9576,Blood Reaper 3,Blood Reaper,3,18,BattleMech,70,2837,3148
3838,Bloodhound B1-HND,Bloodhound,B1-HND,18,BattleMech,45,1248,3064
3839,Bloodhound B2-HND,Bloodhound,B2-HND,18,BattleMech,45,1363,3067
5671,Bloodhound B3-HND,Bloodhound,B3-HND,18,BattleMech,45,1005,3081
3840,Blue Flame BLF-21,Blue Flame,BLF-21,18,BattleMech,45,1256,3062
5672,Blue Flame BLF-40,Blue Flame,BLF-40,18,BattleMech,45,1195,3073
4104,Blue Nova Convertible  ,Blue Nova Convertible, ,24,Support Vehicle,1.5,0,3067
3841,Bluehawk Combat Support Fighter MSF-42,Bluehawk Combat Support Fighter,MSF-42,17,Aerospace,50,0,3019
3842,Bluestreak Monocycle DB-6000,Bluestreak Monocycle,DB-6000,24,Support Vehicle,0,0,3061
409,Boeing Jump Bomber  ,Boeing Jump Bomber, ,17,Aerospace,20,64,3037
3843,Boggart  ,Boggart, ,23,Protomech,13,538,3072
5635,Boggart 2,Boggart,2,23,Protomech,13,497,3072
3844,Bokkusu Support Trailer  ,Bokkusu Support Trailer, ,19,Combat Vehicle,75,0,3086
410,Bolla Stealth Tank (RotS) A,Bolla Stealth Tank (RotS),A,19,Combat Vehicle,60,1059,3084
411,Bolla Stealth Tank (RotS) B,Bolla Stealth Tank (RotS),B,19,Combat Vehicle,60,961,3084
412,Bolla Stealth Tank (RotS) C,Bolla Stealth Tank (RotS),C,19,Combat Vehicle,60,1068,3084
6791,Bolla Stealth Tank (RotS) D,Bolla Stealth Tank (RotS),D,19,Combat Vehicle,60,877,3091
413,Bolla Stealth Tank (RotS) Prime,Bolla Stealth Tank (RotS),Prime,19,Combat Vehicle,60,1243,3084
414,Bolla Stealth Tank Comminus,Bolla Stealth Tank,Comminus,19,Combat Vehicle,60,1005,3074
415,Bolla Stealth Tank Dominus,Bolla Stealth Tank,Dominus,19,Combat Vehicle,60,908,3074
416,Bolla Stealth Tank Infernus,Bolla Stealth Tank,Infernus,19,Combat Vehicle,60,1076,3074
417,Bolla Stealth Tank Invictus,Bolla Stealth Tank,Invictus,19,Combat Vehicle,60,968,3074
418,Bombard BMB-010,Bombard,BMB-010,18,BattleMech,50,850,3054
419,Bombard BMB-013,Bombard,BMB-013,18,BattleMech,50,1019,3063
7980,Bombard BMB-016,Bombard,BMB-016,18,BattleMech,50,1247,3138
420,Bombard BMB-1X,Bombard,BMB-1X,18,BattleMech,50,1652,3068
421,Bombardier BMB-05A,Bombardier,BMB-05A,18,BattleMech,65,1440,3070
422,Bombardier BMB-10D,Bombardier,BMB-10D,18,BattleMech,65,1340,2866
423,Bombardier BMB-12D,Bombardier,BMB-12D,18,BattleMech,65,1480,2735
424,Bombardier BMB-14C,Bombardier,BMB-14C,18,BattleMech,65,1549,3062
425,Bombardier BMB-14K,Bombardier,BMB-14K,18,BattleMech,65,1249,3071
3847,Bombduster Truck  ,Bombduster Truck, ,24,Support Vehicle,0,0,2489
3848,Bonaventure Corvette  ,Bonaventure Corvette, ,81,Advanced Aerospace,240000,0,2317
3854,Boomerang Spotter Plane  ,Boomerang Spotter Plane, ,24,Support Vehicle,5,0,2888
3849,Boomerang Spotter Plane (Chameleon),Boomerang Spotter Plane,(Chameleon),24,Support Vehicle,5,0,2895
3850,Boomerang Spotter Plane (Dragonfly),Boomerang Spotter Plane,(Dragonfly),24,Support Vehicle,5,0,2895
3851,Boomerang Spotter Plane (Hyperion),Boomerang Spotter Plane,(Hyperion),24,Support Vehicle,5,0,2912
3852,Boomerang Spotter Plane (Quick Dart),Boomerang Spotter Plane,(Quick Dart),24,Support Vehicle,5,0,2895
3853,Boomerang Spotter Plane (Shuriken),Boomerang Spotter Plane,(Shuriken),24,Support Vehicle,5,0,2901
3855,Boomerang Spotter Plane (Warbler),Boomerang Spotter Plane,(Warbler),24,Support Vehicle,5,0,2910
7352,Boreas A,Boreas,A,18,BattleMech,60,1221,3132
7353,Boreas B,Boreas,B,18,BattleMech,60,1331,3132
7354,Boreas C,Boreas,C,18,BattleMech,60,1502,3132
9218,Boreas Cavalry Hovercraft A,Boreas Cavalry Hovercraft,A,24,Support Vehicle,0,0,Unknown
9219,Boreas Cavalry Hovercraft B,Boreas Cavalry Hovercraft,B,24,Support Vehicle,0,0,Unknown
9217,Boreas Cavalry Hovercraft Prime,Boreas Cavalry Hovercraft,Prime,24,Support Vehicle,0,0,Unknown
7355,Boreas D,Boreas,D,18,BattleMech,60,1394,3132
7351,Boreas Prime,Boreas,Prime,18,BattleMech,60,1583,3132
3857,Bowman  ,Bowman, ,18,BattleMech,70,2308,2973
3858,Bowman 2,Bowman,2,18,BattleMech,70,2567,2974
5690,Bowman 3,Bowman,3,18,BattleMech,70,2767,3076
5691,Bowman 4,Bowman,4,18,BattleMech,70,1854,2923
426,Brahma BRM-5A,Brahma,BRM-5A,18,BattleMech,60,1572,3080
427,Brahma BRM-5B,Brahma,BRM-5B,18,BattleMech,60,1730,3080
7981,Brahma BRM-6T,Brahma,BRM-6T,18,BattleMech,60,1642,3148
428,Bridge-builder Engineers  ,Bridge-builder Engineers, ,21,Infantry,14,42,2830
3859,Brigand LDT-1,Brigand,LDT-1,18,BattleMech,25,771,3065
7312,Brigand LDT-5,Brigand,LDT-5,18,BattleMech,25,762,3083
3860,Brigand LDT-X1,Brigand,LDT-X1,18,BattleMech,25,937,3066
3861,Brigand LDT-X2,Brigand,LDT-X2,18,BattleMech,25,764,3066
5653,Brigand LDT-X3,Brigand,LDT-X3,18,BattleMech,25,695,3075
5654,Brigand LDT-X4,Brigand,LDT-X4,18,BattleMech,25,1038,3078
7313,Brigand LDT-XPR1,Brigand,LDT-XPR1,18,BattleMech,25,723,3076
7314,Brigand LDT-XPR2,Brigand,LDT-XPR2,18,BattleMech,25,956,3076
7315,Brigand LDT-XPR3,Brigand,LDT-XPR3,18,BattleMech,25,752,3076
7316,Brigand LDT-XPR4,Brigand,LDT-XPR4,18,BattleMech,25,739,3076
7317,Brigand LDT-XPR5,Brigand,LDT-XPR5,18,BattleMech,25,743,3076
5857,Bright Star Auto Scout  ,Bright Star Auto Scout, ,81,Advanced Aerospace,60000,0,2539
3863,Broadsword  ,Broadsword, ,17,Aerospace,1900,0,2979
9399,Browning Mobile Headquarters  ,Browning Mobile Headquarters, ,19,Combat Vehicle,25,365,2625
9386,Browning Mobile Headquarters (Half-Track),Browning Mobile Headquarters,(Half-Track),19,Combat Vehicle,25,377,2625
430,Bruin,Bruin,,18,BattleMech,80,2630,3081
429,Bruin 2,Bruin,2,18,BattleMech,80,2200,3083
3866,Brunel Dump Truck  ,Brunel Dump Truck, ,24,Support Vehicle,150,0,2637
3864,Brunel Dump Truck (AC),Brunel Dump Truck,(AC),24,Support Vehicle,150,0,2801
3865,Brunel Dump Truck (LRM),Brunel Dump Truck,(LRM),24,Support Vehicle,150,0,2801
435,Brutus Assault Tank  ,Brutus Assault Tank, ,19,Combat Vehicle,75,1115,2998
431,Brutus Assault Tank (HPPC),Brutus Assault Tank,(HPPC),19,Combat Vehicle,75,1186,3075
432,Brutus Assault Tank (LRM),Brutus Assault Tank,(LRM),19,Combat Vehicle,75,1248,3001
433,Brutus Assault Tank (PPC 2),Brutus Assault Tank,(PPC 2),19,Combat Vehicle,75,979,3011
434,Brutus Assault Tank (PPC),Brutus Assault Tank,(PPC),19,Combat Vehicle,75,1208,3005
3868,Buccaneer  ,Buccaneer, ,17,Aerospace,3500,0,2708
7143,Buccaneer (Rezak),Buccaneer,(Rezak),17,Aerospace,3500,0,Unknown
436,Buccaneer BCN-3R,Buccaneer,BCN-3R,18,BattleMech,55,1434,3055
437,Buccaneer BCN-5W,Buccaneer,BCN-5W,18,BattleMech,55,1393,3069
8379,"Buccaneer BCN-6PX ""Pan""",Buccaneer,"BCN-6PX ""Pan""",18,BattleMech,55,1490,3140
438,Buccaneer BCN-6W,Buccaneer,BCN-6W,18,BattleMech,55,1121,3073
5777,Buffalo BFFL Drone Bomb,Buffalo,BFFL Drone Bomb,24,Support Vehicle,100,270,Unknown
3819,Buffalo BFFL Hovertruck,Buffalo,BFFL Hovertruck,24,Support Vehicle,100,0,2670
441,Bulldog Medium Tank  ,Bulldog Medium Tank, ,19,Combat Vehicle,60,605,2673
439,Bulldog Medium Tank (AC2),Bulldog Medium Tank,(AC2),19,Combat Vehicle,60,556,2812
6792,Bulldog Medium Tank (Cell),Bulldog Medium Tank,(Cell),19,Combat Vehicle,60,861,3088
9256,Bulldog Medium Tank (Chemical),Bulldog Medium Tank,(Chemical),19,Combat Vehicle,60,999,3146
9255,Bulldog Medium Tank (ERLL),Bulldog Medium Tank,(ERLL),19,Combat Vehicle,60,842,3098
9257,Bulldog Medium Tank (LB-X),Bulldog Medium Tank,(LB-X),19,Combat Vehicle,60,855,3110
440,Bulldog Medium Tank (LRM),Bulldog Medium Tank,(LRM),19,Combat Vehicle,60,748,2793
9258,Bulldog Medium Tank (Plasma),Bulldog Medium Tank,(Plasma),19,Combat Vehicle,60,977,3115
4827,Bulldog Medium Truck  ,Bulldog Medium Truck, ,24,Support Vehicle,3,0,3020
3875,Bullet Suicide Drone  ,Bullet Suicide Drone, ,17,Aerospace,20,104,3071
3876,Bullfrog V/STOL Fighter  ,Bullfrog V/STOL Fighter, ,17,Aerospace,0,0,Unknown
6498,Bulwark Assault Vehicle  ,Bulwark Assault Vehicle, ,19,Combat Vehicle,85,1737,3114
6499,Bulwark Assault Vehicle (Original),Bulwark Assault Vehicle,(Original),19,Combat Vehicle,85,1681,3068
6234,Buraq Fast Battle Armor (Hunter-Killer) (Sqd4),Buraq Fast Battle Armor,(Hunter-Killer) (Sqd4),21,Infantry,1,168,3104
8723,Buraq Fast Battle Armor (Hunter-Killer) (Sqd5),Buraq Fast Battle Armor,(Hunter-Killer) (Sqd5),21,Infantry,1,226,3104
9086,Buraq Fast Battle Armor (Hunter-Killer) (Sqd6),Buraq Fast Battle Armor,(Hunter-Killer) (Sqd6),21,Infantry,1,290,3104
6233,Buraq Fast Battle Armor (Sqd4),Buraq Fast Battle Armor,(Sqd4),21,Infantry,1,199,3104
8722,Buraq Fast Battle Armor (Sqd5),Buraq Fast Battle Armor,(Sqd5),21,Infantry,1,268,3104
9085,Buraq Fast Battle Armor (Sqd6),Buraq Fast Battle Armor,(Sqd6),21,Infantry,1,345,3104
6235,Buraq Fast Battle Armor (Support) (Sqd4),Buraq Fast Battle Armor,(Support) (Sqd4),21,Infantry,1,330,3104
8724,Buraq Fast Battle Armor (Support) (Sqd5),Buraq Fast Battle Armor,(Support) (Sqd5),21,Infantry,1,444,3104
9087,Buraq Fast Battle Armor (Support) (Sqd6),Buraq Fast Battle Armor,(Support) (Sqd6),21,Infantry,1,571,3104
445,Burke Defense Tank  ,Burke Defense Tank, ,19,Combat Vehicle,75,815,2580
443,Burke Defense Tank (HPPC),Burke Defense Tank,(HPPC),19,Combat Vehicle,75,875,3068
444,Burke Defense Tank (Royal),Burke Defense Tank,(Royal),19,Combat Vehicle,75,1105,2713
7328,Burke II Superheavy Tank  ,Burke II Superheavy Tank, ,19,Combat Vehicle,140,1222,2776
4381,Burro Heavy Support Truck  ,Burro Heavy Support Truck, ,24,Support Vehicle,1.5,0,2430
4382,Burro II Super Heavy Cargo Truck  ,Burro II Super Heavy Cargo Truck, ,24,Support Vehicle,50,247,3064
3878,Burrock  ,Burrock, ,18,BattleMech,75,2230,3066
5694,Burrock 2,Burrock,2,18,BattleMech,75,2864,3071
7874,Burrower DTM-1 MiningMech,Burrower,DTM-1 MiningMech,20,IndustrialMech,65,482,3115
7875,Burrower DTM-1M MiningMech MOD,Burrower,DTM-1M MiningMech MOD,20,IndustrialMech,65,556,3132
3879,Bus S-7A,Bus,S-7A,17,Aerospace,100,0,2602
3880,Bus S-7AC,Bus,S-7AC,17,Aerospace,100,0,2843
446,"Bus S7-P ""Scarab""",Bus,"S7-P ""Scarab""",17,Aerospace,100,412,3073
447,Bushwacker BSW-L1,Bushwacker,BSW-L1,18,BattleMech,55,1513,3063
448,Bushwacker BSW-S2,Bushwacker,BSW-S2,18,BattleMech,55,1293,3056
449,Bushwacker BSW-S2r,Bushwacker,BSW-S2r,18,BattleMech,55,1339,3075
450,Bushwacker BSW-X1,Bushwacker,BSW-X1,18,BattleMech,55,1223,3053
3881,Bushwacker BSW-X1 (Black),Bushwacker,BSW-X1 (Black),18,BattleMech,55,0,Unknown
451,Bushwacker BSW-X2,Bushwacker,BSW-X2,18,BattleMech,55,1193,3054
7454,Bushwacker BSW-X4,Bushwacker,BSW-X4,18,BattleMech,55,1751,3125
452,Buster BC XV HaulerMech,Buster,BC XV HaulerMech,20,IndustrialMech,50,222,2615
453,Buster BC XV-M HaulerMech MOD / BC XV (AC),Buster,BC XV-M HaulerMech MOD / BC XV (AC),20,IndustrialMech,50,443,2801
454,Buster BC XV-M-B HaulerMech MOD / BC XV (PPC),Buster,BC XV-M-B HaulerMech MOD / BC XV (PPC),20,IndustrialMech,50,475,2801
7178,Buster BC XV-M-C HaulerMech MOD,Buster,BC XV-M-C HaulerMech MOD,20,IndustrialMech,50,726,3076
7179,Buster BC XV-M-W HaulerMech MOD,Buster,BC XV-M-W HaulerMech MOD,20,IndustrialMech,50,713,3077
7220,Buster BC XXI HaulerMech,Buster,BC XXI HaulerMech,20,IndustrialMech,50,228,3059
7865,Buster BC XXI-M HaulerMech MOD,Buster,BC XXI-M HaulerMech MOD,20,IndustrialMech,50,504,3132
7739,Butcherbird (Ion Sparrow) A,Butcherbird (Ion Sparrow),A,18,BattleMech,20,501,3147
7740,Butcherbird (Ion Sparrow) B,Butcherbird (Ion Sparrow),B,18,BattleMech,20,626,3147
7741,Butcherbird (Ion Sparrow) C,Butcherbird (Ion Sparrow),C,18,BattleMech,20,889,3147
7742,Butcherbird (Ion Sparrow) D,Butcherbird (Ion Sparrow),D,18,BattleMech,20,1121,3147
7738,Butcherbird (Ion Sparrow) Prime,Butcherbird (Ion Sparrow),Prime,18,BattleMech,20,885,3147
9342,Buzzard Hover Tank  ,Buzzard Hover Tank, ,19,Combat Vehicle,50,780,3076
5477,Büffel Engineering Support Vehicle VII  ,Büffel Engineering Support Vehicle VII, ,24,Support Vehicle,70,365,2407
5475,Büffel Engineering Support Vehicle VII (Cargo),Büffel Engineering Support Vehicle VII,(Cargo),24,Support Vehicle,70,343,2451
5476,Büffel Engineering Support Vehicle VII (Reverse),Büffel Engineering Support Vehicle VII,(Reverse),24,Support Vehicle,70,365,2552
5478,Büffel Engineering Support Vehicle VIII  ,Büffel Engineering Support Vehicle VIII, ,24,Support Vehicle,70,339,3074
3942,CS535 Hover Car  ,CS535 Hover Car, ,24,Support Vehicle,3,0,3065
6550,Cadaver CVR-A1,Cadaver,CVR-A1,18,BattleMech,30,962,3094
6551,Cadaver CVR-T1,Cadaver,CVR-T1,18,BattleMech,30,1288,3097
6520,Caerleon  ,Caerleon, ,17,Aerospace,195,1885,3093
455,Caesar CES-3R,Caesar,CES-3R,18,BattleMech,70,1578,3049
3883,"Caesar CES-3R ""Archangel""",Caesar,"CES-3R ""Archangel""",18,BattleMech,70,2098,3057
3884,"Caesar CES-3R ""Gertrude""",Caesar,"CES-3R ""Gertrude""",18,BattleMech,70,1833,3062
456,Caesar CES-3S,Caesar,CES-3S,18,BattleMech,70,1909,3067
457,Caesar CES-4R,Caesar,CES-4R,18,BattleMech,70,2024,3067
458,Caesar CES-4S,Caesar,CES-4S,18,BattleMech,70,1739,3064
7982,Caesar CES-5D,Caesar,CES-5D,18,BattleMech,70,3123,3148
9321,Caesar CES-5R,Caesar,CES-5R,18,BattleMech,70,2192,3148
6457,Calliope CAL-1MAF,Calliope,CAL-1MAF,18,BattleMech,40,1125,3127
8368,"Calliope CAL-1MAFW ""Snow White""",Calliope,"CAL-1MAFW ""Snow White""",18,BattleMech,40,1668,3141
9437,Callisto Battle Armor A [Bearhunter] (Sqd4),Callisto Battle Armor,A [Bearhunter] (Sqd4),21,Infantry,1,256,3147
9438,Callisto Battle Armor A [Bearhunter] (Sqd5),Callisto Battle Armor,A [Bearhunter] (Sqd5),21,Infantry,1,315,3147
9439,Callisto Battle Armor A [Bearhunter] (Sqd6),Callisto Battle Armor,A [Bearhunter] (Sqd6),21,Infantry,1,380,3147
9440,Callisto Battle Armor A [ER Laser] (Sqd4),Callisto Battle Armor,A [ER Laser] (Sqd4),21,Infantry,1,280,3147
9441,Callisto Battle Armor A [ER Laser] (Sqd5),Callisto Battle Armor,A [ER Laser] (Sqd5),21,Infantry,1,347,3147
9442,Callisto Battle Armor A [ER Laser] (Sqd6),Callisto Battle Armor,A [ER Laser] (Sqd6),21,Infantry,1,422,3147
9443,Callisto Battle Armor A [HMG] (Sqd4),Callisto Battle Armor,A [HMG] (Sqd4),21,Infantry,1,272,3147
9444,Callisto Battle Armor A [HMG] (Sqd5),Callisto Battle Armor,A [HMG] (Sqd5),21,Infantry,1,337,3147
9445,Callisto Battle Armor A [HMG] (Sqd6),Callisto Battle Armor,A [HMG] (Sqd6),21,Infantry,1,408,3147
9446,Callisto Battle Armor B [MRR] (Sqd4),Callisto Battle Armor,B [MRR] (Sqd4),21,Infantry,1,383,3147
9447,Callisto Battle Armor B [MRR] (Sqd5),Callisto Battle Armor,B [MRR] (Sqd5),21,Infantry,1,510,3147
9448,Callisto Battle Armor B [MRR] (Sqd6),Callisto Battle Armor,B [MRR] (Sqd6),21,Infantry,1,651,3147
9449,Callisto Battle Armor B [SRM] (Sqd4),Callisto Battle Armor,B [SRM] (Sqd4),21,Infantry,1,404,3147
9450,Callisto Battle Armor B [SRM] (Sqd5),Callisto Battle Armor,B [SRM] (Sqd5),21,Infantry,1,533,3147
9451,Callisto Battle Armor B [SRM] (Sqd6),Callisto Battle Armor,B [SRM] (Sqd6),21,Infantry,1,676,3147
3890,Cameron Battlecruiser (2688),Cameron Battlecruiser,(2688),81,Advanced Aerospace,860000,0,2688
3891,Cameron Battlecruiser (Clan),Cameron Battlecruiser,(Clan),81,Advanced Aerospace,860000,0,2851
3892,Cameroon  ,Cameroon, ,18,BattleMech,0,0,2785
459,Canis  ,Canis, ,18,BattleMech,80,2498,3058
460,Canis 2,Canis,2,18,BattleMech,80,2822,3071
7146,"Capital Drone M-5 “Caspar""",Capital Drone,"M-5 “Caspar""",81,Advanced Aerospace,680000,95051,2710
7148,"Capital Drone M-5C ""Caspar""",Capital Drone,"M-5C ""Caspar""",81,Advanced Aerospace,680000,100128,Unknown
5624,Caravan Heavy Transport,Caravan Heavy Transport,,24,Support Vehicle,200,0,2346
461,Carbine CON-1 ConstructionMech,Carbine,CON-1 ConstructionMech,20,IndustrialMech,30,198,2691
462,Carbine CON-1 ConstructionMech (RL),Carbine,CON-1 ConstructionMech (RL),20,IndustrialMech,30,296,2801
3894,Carbine CON-7 ConstructionMech,Carbine,CON-7 ConstructionMech,20,IndustrialMech,30,198,3028
7161,Carbine CON-7M ConstructionMech MOD,Carbine,CON-7M ConstructionMech MOD,20,IndustrialMech,30,306,3078
3895,Carbine CON-8 ConstructionMech,Carbine,CON-8 ConstructionMech,20,IndustrialMech,30,185,3066
7162,Carbine CON-8H HaulerMech,Carbine,CON-8H HaulerMech,20,IndustrialMech,30,177,3070
7163,Carbine CON-9 ConstructionMech,Carbine,CON-9 ConstructionMech,20,IndustrialMech,30,246,3071
7851,Carbine CON-9M (Karenna),Carbine,CON-9M (Karenna),20,IndustrialMech,30,280,3132
7164,Carbine CON-9M ConstructionMech MOD,Carbine,CON-9M ConstructionMech MOD,20,IndustrialMech,30,289,3078
7165,Carbine CON-9M-B ConstructionMech MOD,Carbine,CON-9M-B ConstructionMech MOD,20,IndustrialMech,30,293,3078
8098,Carbine CON-9M-D ConstructionMech Mod,Carbine,CON-9M-D ConstructionMech Mod,20,IndustrialMech,30,257,3133
7849,Carbine CON-9M-J ConstructionMech MOD,Carbine,CON-9M-J ConstructionMech MOD,20,IndustrialMech,30,271,3132
7850,Carbine CON-9M-JB ConstructionMech MOD,Carbine,CON-9M-JB ConstructionMech MOD,20,IndustrialMech,30,302,3132
6542,Cardinal Transport  ,Cardinal Transport, ,19,Combat Vehicle,50,641,3112
6543,Cardinal Transport (RAF),Cardinal Transport,(RAF),19,Combat Vehicle,50,582,3112
3896,Cargoking  ,Cargoking, ,17,Aerospace,0,0,2790
3897,Cargomaster  ,Cargomaster, ,17,Aerospace,0,0,2790
465,Carnivore Assault Tank  ,Carnivore Assault Tank, ,19,Combat Vehicle,80,1997,3082
463,Carnivore Assault Tank (HAG),Carnivore Assault Tank,(HAG),19,Combat Vehicle,80,2286,3083
464,Carnivore Assault Tank (Second Line),Carnivore Assault Tank,(Second Line),19,Combat Vehicle,80,1248,3084
3900,Carrack Transport  ,Carrack Transport, ,81,Advanced Aerospace,300000,0,2603
3898,Carrack Transport (Clan),Carrack Transport,(Clan),81,Advanced Aerospace,300000,0,2950
3899,Carrack Transport (Merchant),Carrack Transport,(Merchant),81,Advanced Aerospace,300000,0,2985
3901,Carrier  ,Carrier, ,17,Aerospace,5000,0,2882
7776,Carrion Crow A,Carrion Crow,A,18,BattleMech,40,1622,3145
7777,Carrion Crow B,Carrion Crow,B,18,BattleMech,40,2083,3145
7778,Carrion Crow C,Carrion Crow,C,18,BattleMech,40,1826,3145
7779,Carrion Crow D,Carrion Crow,D,18,BattleMech,40,1930,3145
7775,Carrion Crow Prime,Carrion Crow,Prime,18,BattleMech,40,2397,3145
6512,Carronade CRN-7M,Carronade,CRN-7M,18,BattleMech,70,1799,3102
3902,Carson Destroyer  ,Carson Destroyer, ,81,Advanced Aerospace,510000,43435,2632
5620,Carter Medical Emergency Response Vehicle  ,Carter Medical Emergency Response Vehicle, ,24,Support Vehicle,25,117,2341
4833,Cascatelle Firefighting VTOL  ,Cascatelle Firefighting VTOL, ,24,Support Vehicle,60,0,3063
3834,Cassion Payload Satellite  ,Cassion Payload Satellite, ,79,Advanced Support,200,0,3058
7308,Castrum Pocket Warship  ,Castrum Pocket Warship, ,17,Aerospace,100000,67223,3097
5795,Cataphract CTF-0X,Cataphract,CTF-0X,18,BattleMech,70,1258,3025
466,Cataphract CTF-1X,Cataphract,CTF-1X,18,BattleMech,70,1316,3025
467,Cataphract CTF-2X,Cataphract,CTF-2X,18,BattleMech,70,1344,3027
468,Cataphract CTF-2X (George),Cataphract,CTF-2X (George),18,BattleMech,70,1311,3039
469,Cataphract CTF-3D,Cataphract,CTF-3D,18,BattleMech,70,1325,3050
470,Cataphract CTF-3L,Cataphract,CTF-3L,18,BattleMech,70,1545,3050
471,Cataphract CTF-3LL,Cataphract,CTF-3LL,18,BattleMech,70,1664,3068
472,Cataphract CTF-3X (Sara),Cataphract,CTF-3X (Sara),18,BattleMech,70,1734,3062
473,Cataphract CTF-4L,Cataphract,CTF-4L,18,BattleMech,70,2002,3067
474,Cataphract CTF-4X,Cataphract,CTF-4X,18,BattleMech,70,1216,3029
475,Cataphract CTF-5D,Cataphract,CTF-5D,18,BattleMech,70,1742,3070
7527,Cataphract CTF-5L,Cataphract,CTF-5L,18,BattleMech,70,2090,3132
9407,Cataphract CTF-5LL,Cataphract,CTF-5LL,18,BattleMech,70,2322,3135
476,Cataphract CTF-5MOC (Naomi),Cataphract,CTF-5MOC (Naomi),18,BattleMech,70,2028,3067
7365,"Catapult ""Butterbee 2""",Catapult,"""Butterbee 2""",18,BattleMech,65,0,3063
477,Catapult CPLT-A1,Catapult,CPLT-A1,18,BattleMech,65,1285,2563
478,Catapult CPLT-C1,Catapult,CPLT-C1,18,BattleMech,65,1399,2561
479,"Catapult CPLT-C1 (Jenny) ""Butterbee""",Catapult,"CPLT-C1 (Jenny) ""Butterbee""",18,BattleMech,65,1242,3027
480,Catapult CPLT-C1b,Catapult,CPLT-C1b,18,BattleMech,65,1570,2688
5452,Catapult CPLT-C2,Catapult,CPLT-C2,18,BattleMech,65,1346,3062
481,Catapult CPLT-C3,Catapult,CPLT-C3,18,BattleMech,65,1368,3049
482,Catapult CPLT-C4,Catapult,CPLT-C4,18,BattleMech,65,1358,2565
5453,Catapult CPLT-C4C,Catapult,CPLT-C4C,18,BattleMech,65,1449,3055
483,Catapult CPLT-C5,Catapult,CPLT-C5,18,BattleMech,65,1748,3061
484,Catapult CPLT-C5A,Catapult,CPLT-C5A,18,BattleMech,65,1772,3068
485,Catapult CPLT-C6,Catapult,CPLT-C6,18,BattleMech,65,1874,3069
486,Catapult CPLT-H2,Catapult,CPLT-H2,18,BattleMech,65,1473,3064
487,Catapult CPLT-K2,Catapult,CPLT-K2,18,BattleMech,65,1319,2603
8286,Catapult CPLT-K2 (Kasigi),Catapult,CPLT-K2 (Kasigi),18,BattleMech,65,1597,3050
5454,Catapult CPLT-K2K,Catapult,CPLT-K2K,18,BattleMech,65,1716,3058
3903,Catapult CPLT-K3,Catapult,CPLT-K3,18,BattleMech,65,1437,3047
488,Catapult CPLT-K4,Catapult,CPLT-K4,18,BattleMech,65,1880,3068
489,Catapult CPLT-K5,Catapult,CPLT-K5,18,BattleMech,65,1457,3058
7509,Catapult CPLT-K6,Catapult,CPLT-K6,18,BattleMech,65,1619,3136
6464,Catapult II CPLT-L7,Catapult II,CPLT-L7,18,BattleMech,70,2574,3135
6465,Catapult II CPLT-L7L,Catapult II,CPLT-L7L,18,BattleMech,70,1656,3136
3905,"Cattlemaster CTL-3R ""Herder"" IndustrialMech",Cattlemaster,"CTL-3R ""Herder"" IndustrialMech",20,IndustrialMech,25,228,3024
3906,"Cattlemaster CTL-3R2 ""Hunter"" IndustrialMech",Cattlemaster,"CTL-3R2 ""Hunter"" IndustrialMech",20,IndustrialMech,25,245,3024
7158,Cattlemaster CTL-3R3 SecurityMech,Cattlemaster,CTL-3R3 SecurityMech,20,IndustrialMech,25,358,3072
5862,Cauldron-Born (Ebon Jaguar) (Samantha),Cauldron-Born (Ebon Jaguar),(Samantha),18,BattleMech,65,2372,3059
490,Cauldron-Born (Ebon Jaguar) A,Cauldron-Born (Ebon Jaguar),A,18,BattleMech,65,2429,3049
491,Cauldron-Born (Ebon Jaguar) B,Cauldron-Born (Ebon Jaguar),B,18,BattleMech,65,2535,3049
492,Cauldron-Born (Ebon Jaguar) C,Cauldron-Born (Ebon Jaguar),C,18,BattleMech,65,1831,3049
493,Cauldron-Born (Ebon Jaguar) D,Cauldron-Born (Ebon Jaguar),D,18,BattleMech,65,2228,3059
494,Cauldron-Born (Ebon Jaguar) E,Cauldron-Born (Ebon Jaguar),E,18,BattleMech,65,2391,3069
8210,Cauldron-Born (Ebon Jaguar) F,Cauldron-Born (Ebon Jaguar),F,18,BattleMech,65,2681,3104
8211,Cauldron-Born (Ebon Jaguar) G,Cauldron-Born (Ebon Jaguar),G,18,BattleMech,65,2849,3125
495,Cauldron-Born (Ebon Jaguar) H,Cauldron-Born (Ebon Jaguar),H,18,BattleMech,65,2359,3062
496,Cauldron-Born (Ebon Jaguar) Prime,Cauldron-Born (Ebon Jaguar),Prime,18,BattleMech,65,1952,3049
8209,Cauldron-Born (Ebon Jaguar) T,Cauldron-Born (Ebon Jaguar),T,18,BattleMech,65,2219,3142
497,Cauldron-Born (Ebon Jaguar) U,Cauldron-Born (Ebon Jaguar),U,18,BattleMech,65,2593,3077
498,Cauldron-Born (Ebon Jaguar) X,Cauldron-Born (Ebon Jaguar),X,18,BattleMech,65,2435,3075
499,Cavalier Battle Armor [Flamer] (Sqd4),Cavalier Battle Armor,[Flamer] (Sqd4),21,Infantry,1,199,3058
8481,Cavalier Battle Armor [Flamer] (Sqd5),Cavalier Battle Armor,[Flamer] (Sqd5),21,Infantry,1,268,3058
8846,Cavalier Battle Armor [Flamer] (Sqd6),Cavalier Battle Armor,[Flamer] (Sqd6),21,Infantry,1,344,3058
500,Cavalier Battle Armor [Laser] (Sqd4),Cavalier Battle Armor,[Laser] (Sqd4),21,Infantry,1,231,3058
8482,Cavalier Battle Armor [Laser] (Sqd5),Cavalier Battle Armor,[Laser] (Sqd5),21,Infantry,1,311,3058
8847,Cavalier Battle Armor [Laser] (Sqd6),Cavalier Battle Armor,[Laser] (Sqd6),21,Infantry,1,400,3058
501,Cavalier Battle Armor [MG] (Sqd4),Cavalier Battle Armor,[MG] (Sqd4),21,Infantry,1,199,3058
8483,Cavalier Battle Armor [MG] (Sqd5),Cavalier Battle Armor,[MG] (Sqd5),21,Infantry,1,268,3058
9534,Cavalier Battle Armor [MG] (Sqd6),Cavalier Battle Armor,[MG] (Sqd6),21,Infantry,1,344,3058
502,Cavalier Battle Armor [SRM] (Sqd4),Cavalier Battle Armor,[SRM] (Sqd4),21,Infantry,1,219,3058
8484,Cavalier Battle Armor [SRM] (Sqd5),Cavalier Battle Armor,[SRM] (Sqd5),21,Infantry,1,295,3058
8848,Cavalier Battle Armor [SRM] (Sqd6),Cavalier Battle Armor,[SRM] (Sqd6),21,Infantry,1,379,3058
9506,Cavalier II Battle Armor [Flamer] (Sqd4),Cavalier II Battle Armor,[Flamer] (Sqd4),21,Infantry,1,229,3142
9513,Cavalier II Battle Armor [Flamer] (Sqd5),Cavalier II Battle Armor,[Flamer] (Sqd5),21,Infantry,1,308,3142
9514,Cavalier II Battle Armor [Flamer] (Sqd6),Cavalier II Battle Armor,[Flamer] (Sqd6),21,Infantry,1,396,3142
8018,Cavalier II Battle Armor [MRR] (Sqd4),Cavalier II Battle Armor,[MRR] (Sqd4),21,Infantry,1,357,3142
9515,Cavalier II Battle Armor [MRR] (Sqd5),Cavalier II Battle Armor,[MRR] (Sqd5),21,Infantry,1,481,3142
9516,Cavalier II Battle Armor [MRR] (Sqd6),Cavalier II Battle Armor,[MRR] (Sqd6),21,Infantry,1,618,3142
8019,Cavalier II Battle Armor [PPC] (Sqd4),Cavalier II Battle Armor,[PPC] (Sqd4),21,Infantry,1,293,3142
9517,Cavalier II Battle Armor [PPC] (Sqd5),Cavalier II Battle Armor,[PPC] (Sqd5),21,Infantry,1,395,3142
9518,Cavalier II Battle Armor [PPC] (Sqd6),Cavalier II Battle Armor,[PPC] (Sqd6),21,Infantry,1,507,3142
8020,Cavalier II Battle Armor [SRM] (Sqd4),Cavalier II Battle Armor,[SRM] (Sqd4),21,Infantry,1,252,3142
9519,Cavalier II Battle Armor [SRM] (Sqd5),Cavalier II Battle Armor,[SRM] (Sqd5),21,Infantry,1,339,3142
9520,Cavalier II Battle Armor [SRM] (Sqd6),Cavalier II Battle Armor,[SRM] (Sqd6),21,Infantry,1,436,3142
506,Cavalry Attack Helicopter  ,Cavalry Attack Helicopter, ,19,Combat Vehicle,25,503,3054
9465,Cavalry Attack Helicopter (BA),Cavalry Attack Helicopter,(BA),19,Combat Vehicle,25,604,3063
503,Cavalry Attack Helicopter (Infantry),Cavalry Attack Helicopter,(Infantry),19,Combat Vehicle,25,605,3063
3909,Cavalry Attack Helicopter (Infiltrator),Cavalry Attack Helicopter,(Infiltrator),19,Combat Vehicle,25,446,3085
504,Cavalry Attack Helicopter (LRM),Cavalry Attack Helicopter,(LRM),19,Combat Vehicle,25,487,3055
505,Cavalry Attack Helicopter (SRM),Cavalry Attack Helicopter,(SRM),19,Combat Vehicle,25,509,3055
507,Cavalry Attack Helicopter (TAG),Cavalry Attack Helicopter,(TAG),19,Combat Vehicle,25,495,3059
3910,Cavalry Attack Helicopter (Two Crewman),Cavalry Attack Helicopter,(Two Crewman),19,Combat Vehicle,25,0,3062
508,Cavalry Attack Helicopter Cadence Rain,Cavalry Attack Helicopter,Cadence Rain,19,Combat Vehicle,25,568,3075
6954,Cave Lion,Cave Lion,,18,BattleMech,75,3044,3122
7881,Cazador  ,Cazador, ,18,BattleMech,35,921,3102
3911,Cecerops  ,Cecerops, ,23,Protomech,3,86,3067
3912,Cecerops 2,Cecerops,2,23,Protomech,3,109,3067
3913,Cecerops 3,Cecerops,3,23,Protomech,3,105,3072
3914,Cecerops 4,Cecerops,4,23,Protomech,3,82,3072
8031,Cecerops 5,Cecerops,5,23,Protomech,3,87,3146
5553,Celerity CLR-02-X-D,Celerity,CLR-02-X-D,18,BattleMech,15,157,3052
6671,Celerity CLR-03-O,Celerity,CLR-03-O,18,BattleMech,15,187,3138
6704,Celerity CLR-03-OA,Celerity,CLR-03-OA,18,BattleMech,15,275,3138
6705,Celerity CLR-03-OB,Celerity,CLR-03-OB,18,BattleMech,15,339,3138
6706,Celerity CLR-03-OC,Celerity,CLR-03-OC,18,BattleMech,15,202,3138
6707,Celerity CLR-03-OD,Celerity,CLR-03-OD,18,BattleMech,15,304,3138
6708,Celerity CLR-03-OE,Celerity,CLR-03-OE,18,BattleMech,15,919,3138
8366,"Celerity CLR-03-OMM ""Rajah""",Celerity,"CLR-03-OMM ""Rajah""",18,BattleMech,15,278,3142
6709,Celerity CLR-04-R,Celerity,CLR-04-R,18,BattleMech,15,384,Unknown
6710,Celerity CLR-05-X,Celerity,CLR-05-X,18,BattleMech,15,225,Unknown
8136,CellCo Ranger C,CellCo Ranger,C,24,Support Vehicle,17,0,Unknown
3915,CellCo Ranger UPU-3000,CellCo Ranger,UPU-3000,24,Support Vehicle,17,0,3022
3916,CellCo Ranger UPU-3000 (Armored Car),CellCo Ranger,UPU-3000 (Armored Car),24,Support Vehicle,17,0,3031
3917,CellCo Ranger UPU-3000 (MHQ),CellCo Ranger,UPU-3000 (MHQ),24,Support Vehicle,17,0,3027
509,Centaur  ,Centaur, ,23,Protomech,5,192,3060
510,Centaur 2,Centaur,2,23,Protomech,5,154,3063
511,Centaur 3,Centaur,3,23,Protomech,5,238,3065
512,Centaur 4,Centaur,4,23,Protomech,5,228,3071
6651,Centaur Battle Armor (Sqd4),Centaur Battle Armor,(Sqd4),21,Infantry,1.5,269,3136
8781,Centaur Battle Armor (Sqd5),Centaur Battle Armor,(Sqd5),21,Infantry,1.5,362,3136
5628,Centaur Z,Centaur,Z,23,Protomech,5,179,3072
514,Centipede Scout Car  ,Centipede Scout Car, ,19,Combat Vehicle,20,271,3054
513,Centipede Scout Car (SRM),Centipede Scout Car,(SRM),19,Combat Vehicle,20,431,3062
515,Centipede Scout Car (TAG),Centipede Scout Car,(TAG),19,Combat Vehicle,20,327,3067
3918,Centipede Scout Car (Wheeled Fusion),Centipede Scout Car,(Wheeled Fusion),19,Combat Vehicle,0,0,2825
3919,Centipede Scout Car (Wheeled ICE),Centipede Scout Car,(Wheeled ICE),19,Combat Vehicle,0,0,2854
3920,Centipede Scout Car Commando,Centipede Scout Car,Commando,19,Combat Vehicle,20,455,3074
3921,Centurion CN10-B,Centurion,CN10-B,18,BattleMech,55,1243,3057
7725,Centurion CN10-D,Centurion,CN10-D,18,BattleMech,55,1260,3121
7696,Centurion CN10-J,Centurion,CN10-J,18,BattleMech,55,1257,3057
7695,Centurion CN10-W,Centurion,CN10-W,18,BattleMech,55,1112,3057
6340,Centurion CN11-O,Centurion,CN11-O,18,BattleMech,50,1236,3111
6341,Centurion CN11-OA,Centurion,CN11-OA,18,BattleMech,50,1398,3111
6342,Centurion CN11-OB,Centurion,CN11-OB,18,BattleMech,50,1430,3111
6343,Centurion CN11-OC,Centurion,CN11-OC,18,BattleMech,50,1628,3111
6344,Centurion CN11-OD,Centurion,CN11-OD,18,BattleMech,50,1177,3111
6345,Centurion CN11-OE,Centurion,CN11-OE,18,BattleMech,50,1515,3111
516,Centurion CN9-A,Centurion,CN9-A,18,BattleMech,50,945,2801
517,Centurion CN9-AH,Centurion,CN9-AH,18,BattleMech,50,945,2874
518,Centurion CN9-AL,Centurion,CN9-AL,18,BattleMech,50,1057,2915
519,Centurion CN9-Ar,Centurion,CN9-Ar,18,BattleMech,50,1226,3072
520,Centurion CN9-D,Centurion,CN9-D,18,BattleMech,50,1130,3049
521,Centurion CN9-D3,Centurion,CN9-D3,18,BattleMech,50,1324,3052
5448,Centurion CN9-D3D,Centurion,CN9-D3D,18,BattleMech,50,1373,3060
5449,Centurion CN9-D4D,Centurion,CN9-D4D,18,BattleMech,50,1369,3066
522,Centurion CN9-D5,Centurion,CN9-D5,18,BattleMech,50,1738,3062
523,Centurion CN9-D9,Centurion,CN9-D9,18,BattleMech,50,1638,3071
524,Centurion CN9-Da,Centurion,CN9-Da,18,BattleMech,50,1035,3065
3922,Centurion CN9-H,Centurion,CN9-H,18,BattleMech,50,848,3077
7866,Centurion CN9-H2,Centurion,CN9-H2,20,IndustrialMech,50,799,3084
7867,Centurion CN9-H2H MilitiaMech,Centurion,CN9-H2H MilitiaMech,20,IndustrialMech,50,919,3106
7868,Centurion CN9-H3 MilitiaMech,Centurion,CN9-H3 MilitiaMech,20,IndustrialMech,50,962,3131
525,"Centurion CN9-YLW ""Yen-lo-wang""",Centurion,"CN9-YLW ""Yen-lo-wang""",18,BattleMech,50,957,3027
3923,"Centurion CN9-YLW2 ""Yen-lo-wang""",Centurion,"CN9-YLW2 ""Yen-lo-wang""",18,BattleMech,50,1415,3051
7404,"Centurion CN9-YLW3 ""Yen-lo-wang""",Centurion,"CN9-YLW3 ""Yen-lo-wang""",18,BattleMech,50,1815,3101
3924,Centurion CNT-1A,Centurion,CNT-1A,17,Aerospace,30,568,2430
3925,Centurion CNT-1D,Centurion,CNT-1D,17,Aerospace,30,701,2473
3926,Centurion CNT-2D,Centurion,CNT-2D,17,Aerospace,30,757,2837
3927,Centurion CNT-3S,Centurion,CNT-3S,17,Aerospace,30,822,3068
3929,Cephalus A,Cephalus,A,18,BattleMech,25,809,3072
5638,Cephalus B,Cephalus,B,18,BattleMech,25,785,3072
5639,Cephalus C,Cephalus,C,18,BattleMech,25,1209,3072
5640,Cephalus D,Cephalus,D,18,BattleMech,25,1450,3072
5641,Cephalus E,Cephalus,E,18,BattleMech,25,1284,3072
3930,Cephalus Prime,Cephalus,Prime,18,BattleMech,25,1038,3072
5642,Cephalus U,Cephalus,U,18,BattleMech,25,878,3072
526,Cerberus MR-5M,Cerberus,MR-5M,18,BattleMech,95,2057,3055
527,Cerberus MR-6B,Cerberus,MR-6B,18,BattleMech,95,2128,3067
7983,Cerberus MR-7K,Cerberus,MR-7K,18,BattleMech,95,2182,3121
528,Cerberus MR-V2,Cerberus,MR-V2,18,BattleMech,95,2001,3054
529,Cerberus MR-V3,Cerberus,MR-V3,18,BattleMech,95,2094,3062
3931,"Ceres-85 Delivery Vehicle C-85A ""Sprinter""",Ceres-85 Delivery Vehicle,"C-85A ""Sprinter""",24,Support Vehicle,0,0,3067
3932,"Ceres-85 Delivery Vehicle C-85B ""Sprinter""",Ceres-85 Delivery Vehicle,"C-85B ""Sprinter""",24,Support Vehicle,0,0,3067
3934,Cestus (Allard-Liao),Cestus,(Allard-Liao),18,BattleMech,65,0,3060
532,Cestus CTS-6X,Cestus,CTS-6X,18,BattleMech,65,1424,2609
533,Cestus CTS-6Y,Cestus,CTS-6Y,18,BattleMech,65,1701,2766
7681,Cestus CTS-6Y-EC,Cestus,CTS-6Y-EC,18,BattleMech,65,1783,2825
534,Cestus CTS-6Z,Cestus,CTS-6Z,18,BattleMech,65,1560,3058
535,Cestus CTS-7A,Cestus,CTS-7A,18,BattleMech,65,1519,3070
3935,Chaeronea  ,Chaeronea, ,17,Aerospace,25,1233,2849
3936,Chaeronea 2,Chaeronea,2,17,Aerospace,25,1384,2883
3937,Chaeronea 3,Chaeronea,3,17,Aerospace,25,1450,2901
5744,Chaeronea 4,Chaeronea,4,17,Aerospace,25,988,3071
7151,Chaffee BT1 ServiceMech,Chaffee,BT1 ServiceMech,20,IndustrialMech,15,212,3081
537,Chalchiuhtotolin Support Tank  ,Chalchiuhtotolin Support Tank, ,19,Combat Vehicle,50,1057,3084
536,Chalchiuhtotolin Support Tank (Bombast Laser),Chalchiuhtotolin Support Tank,(Bombast Laser),19,Combat Vehicle,50,912,3085
3938,Chalchiuhtotolin Support Tank (Chemical Laser),Chalchiuhtotolin Support Tank,(Chemical Laser),19,Combat Vehicle,50,1177,3085
6756,Chalchiuhtotolin Support Tank (XL),Chalchiuhtotolin Support Tank,(XL),19,Combat Vehicle,50,1498,3120
3939,Challenger MBT Mk. XV,Challenger MBT,Mk. XV,19,Combat Vehicle,90,1724,3081
538,Challenger MBT X,Challenger MBT,X,19,Combat Vehicle,90,1710,3057
539,Challenger MBT XI,Challenger MBT,XI,19,Combat Vehicle,90,1830,3062
540,Challenger MBT XII,Challenger MBT,XII,19,Combat Vehicle,90,1851,3065
541,Challenger MBT XIVs,Challenger MBT,XIVs,19,Combat Vehicle,90,1512,3077
542,Challenger MBT XVc,Challenger MBT,XVc,19,Combat Vehicle,90,1894,3075
543,Chameleon CLN-7V,Chameleon,CLN-7V,18,BattleMech,50,1042,3056
5601,"Chameleon CLN-7VQ ""Q-'Mech""",Chameleon,"CLN-7VQ ""Q-'Mech""",18,BattleMech,50,2105,3071
544,Chameleon CLN-7W,Chameleon,CLN-7W,18,BattleMech,50,1243,3058
545,Chameleon CLN-7Z,Chameleon,CLN-7Z,18,BattleMech,50,1527,3058
9267,Chameleon CLN-8V,Chameleon,CLN-8V,18,BattleMech,50,1426,3086
9268,Chameleon CLN-9V,Chameleon,CLN-9V,18,BattleMech,50,1276,3120
546,Chameleon TRC-4B,Chameleon,TRC-4B,18,BattleMech,50,999,2510
9405,Chameleon TRC-4C,Chameleon,TRC-4C,18,BattleMech,50,999,2820
547,Champion C,Champion,C,18,BattleMech,60,2191,2867
548,Champion CHP-1N,Champion,CHP-1N,18,BattleMech,60,1233,2602
3940,Champion CHP-1N (Irin),Champion,CHP-1N (Irin),18,BattleMech,60,0,3052
549,Champion CHP-1N2,Champion,CHP-1N2,18,BattleMech,60,1233,2667
550,Champion CHP-1Nb,Champion,CHP-1Nb,18,BattleMech,60,1632,2751
6765,Champion CHP-1Nb2,Champion,CHP-1Nb2,18,BattleMech,60,0,2737
551,Champion CHP-2N,Champion,CHP-2N,18,BattleMech,60,1116,2810
552,Champion CHP-3N,Champion,CHP-3N,18,BattleMech,60,1400,3052
553,Champion CHP-3P,Champion,CHP-3P,18,BattleMech,60,1503,3061
5847,Champion LAM CPN-1X1,Champion LAM,CPN-1X1,18,BattleMech,60,0,2699
558,Chaparral Missile Artillery Tank  ,Chaparral Missile Artillery Tank, ,19,Combat Vehicle,50,812,2611
554,Chaparral Missile Artillery Tank (CASE),Chaparral Missile Artillery Tank,(CASE),19,Combat Vehicle,50,814,3071
555,Chaparral Missile Artillery Tank (ERML),Chaparral Missile Artillery Tank,(ERML),19,Combat Vehicle,50,847,3074
556,Chaparral Missile Artillery Tank (MG),Chaparral Missile Artillery Tank,(MG),19,Combat Vehicle,50,801,3062
557,Chaparral Missile Artillery Tank (SRM),Chaparral Missile Artillery Tank,(SRM),19,Combat Vehicle,50,832,2614
9397,Charger C,Charger,C,18,BattleMech,80,2756,3130
559,Charger CGR-1A1,Charger,CGR-1A1,18,BattleMech,80,981,2665
560,Charger CGR-1A5,Charger,CGR-1A5,18,BattleMech,80,1468,3023
561,Charger CGR-1A9,Charger,CGR-1A9,18,BattleMech,80,1397,3034
562,Charger CGR-1L,Charger,CGR-1L,18,BattleMech,80,980,3022
563,Charger CGR-1X1,Charger,CGR-1X1,18,BattleMech,80,2009,3076
564,Charger CGR-2A2,Charger,CGR-2A2,18,BattleMech,80,1109,3064
565,Charger CGR-3K,Charger,CGR-3K,18,BattleMech,80,1656,3049
566,Charger CGR-3Kr,Charger,CGR-3Kr,18,BattleMech,80,2092,3078
567,Charger CGR-C,Charger,CGR-C,18,BattleMech,80,1592,3052
568,Charger CGR-KMZ,Charger,CGR-KMZ,18,BattleMech,80,1781,3071
569,Charger CGR-SA5,Charger,CGR-SA5,18,BattleMech,80,2105,3063
570,"Charger CGR-SB ""Challenger""",Charger,"CGR-SB ""Challenger""",18,BattleMech,80,1604,3025
3945,Chariot High-Speed Medevac  ,Chariot High-Speed Medevac, ,24,Support Vehicle,90,0,3031
571,Cheetah F-10,Cheetah,F-10,17,Aerospace,25,448,2630
572,Cheetah F-11,Cheetah,F-11,17,Aerospace,25,563,3051
573,Cheetah F-11-R,Cheetah,F-11-R,17,Aerospace,25,197,2802
574,Cheetah F-11-RR,Cheetah,F-11-RR,17,Aerospace,25,448,3054
575,Cheetah F-12-S,Cheetah,F-12-S,17,Aerospace,25,299,2868
576,Cheetah F-13,Cheetah,F-13,17,Aerospace,25,1047,3069
577,Cheetah F-14-S,Cheetah,F-14-S,17,Aerospace,25,305,3052
5856,Cheetah II F-12A,Cheetah II,F-12A,17,Aerospace,25,154,3021
8011,Cheetah IIC,Cheetah,IIC,17,Aerospace,25,1339,3149
578,Cheetah OF-17,Cheetah,OF-17,17,Aerospace,25,352,3076
3946,Cheetah OF-17A-R,Cheetah,OF-17A-R,17,Aerospace,25,290,3080
3947,CherryPicker CK-3 AgroMech,CherryPicker,CK-3 AgroMech,20,IndustrialMech,0,0,Unknown
582,Chevalier Light Tank  ,Chevalier Light Tank, ,19,Combat Vehicle,35,668,2690
579,Chevalier Light Tank (BAP),Chevalier Light Tank,(BAP),19,Combat Vehicle,35,583,2958
580,Chevalier Light Tank (MML),Chevalier Light Tank,(MML),19,Combat Vehicle,35,671,3069
581,Chevalier Light Tank (Speed),Chevalier Light Tank,(Speed),19,Combat Vehicle,35,613,3051
3948,Chi-ha CCV  ,Chi-ha CCV, ,24,Support Vehicle,24,0,2451
7187,Chi-ha ICV  ,Chi-ha ICV, ,24,Support Vehicle,22,132,2352
7188,Chi-ha ICV (Original),Chi-ha ICV,(Original),24,Support Vehicle,22,115,2284
3950,Chimera CMA-1S,Chimera,CMA-1S,18,BattleMech,40,1173,3063
5667,Chimera CMA-2K,Chimera,CMA-2K,18,BattleMech,40,1528,3069
3951,Chimera CMA-C,Chimera,CMA-C,18,BattleMech,40,1182,3063
583,Chippewa CHP-W10,Chippewa,CHP-W10,17,Aerospace,90,1820,2953
584,Chippewa CHP-W5,Chippewa,CHP-W5,17,Aerospace,90,1520,2584
585,Chippewa CHP-W5b,Chippewa,CHP-W5b,17,Aerospace,90,2051,2731
586,Chippewa CHP-W7,Chippewa,CHP-W7,17,Aerospace,90,1613,2735
3952,Chippewa CHP-W7 (Manfred),Chippewa,CHP-W7 (Manfred),17,Aerospace,90,2109,3068
587,Chippewa CHP-W7T,Chippewa,CHP-W7T,17,Aerospace,90,2159,3069
588,Chippewa CHP-W8,Chippewa,CHP-W8,17,Aerospace,90,1662,3068
589,Chippewa CHP-X-P (Gladstone),Chippewa,CHP-X-P (Gladstone),17,Aerospace,90,1882,3074
590,Chippewa IIC  ,Chippewa IIC, ,17,Aerospace,90,3431,2860
7670,Chippewa IIC 2,Chippewa IIC,2,17,Aerospace,90,2914,2861
3953,Chrysaor  ,Chrysaor, ,23,Protomech,6,174,3067
3954,Chrysaor 2,Chrysaor,2,23,Protomech,6,177,3067
591,Cicada CDA-2A,Cicada,CDA-2A,18,BattleMech,40,659,2740
592,Cicada CDA-2B,Cicada,CDA-2B,18,BattleMech,40,626,2840
593,Cicada CDA-3C,Cicada,CDA-3C,18,BattleMech,40,771,2840
594,Cicada CDA-3F,Cicada,CDA-3F,18,BattleMech,40,1329,3052
595,Cicada CDA-3G,Cicada,CDA-3G,18,BattleMech,40,1270,3056
596,Cicada CDA-3M,Cicada,CDA-3M,18,BattleMech,40,812,3049
597,Cicada CDA-3MA,Cicada,CDA-3MA,18,BattleMech,40,1158,3068
598,Cicada CDA-3P,Cicada,CDA-3P,18,BattleMech,40,1502,3070
9376,Cicada CDA-4A,Cicada,CDA-4A,18,BattleMech,40,1097,3150
6380,Cizin Hover Tank  ,Cizin Hover Tank, ,19,Combat Vehicle,45,1762,3097
6381,Cizin Hover Tank (Support),Cizin Hover Tank,(Support),19,Combat Vehicle,45,1932,3124
599,Clan Anti-Infantry  ,Clan Anti-Infantry, ,21,Infantry,20,56,2825
600,Clan Assault Infantry  ,Clan Assault Infantry, ,21,Infantry,4,271,3015
602,Clan Foot Point (Advanced) (Flamer),Clan Foot Point (Advanced),(Flamer),21,Infantry,3,100,2815
604,Clan Foot Point (Advanced) (LRM),Clan Foot Point (Advanced),(LRM),21,Infantry,3,126,3064
605,Clan Foot Point (Advanced) (MG),Clan Foot Point (Advanced),(MG),21,Infantry,3,114,2815
606,"Clan Foot Point (Advanced) (Rifle, Ballistic)",Clan Foot Point (Advanced),"(Rifle, Ballistic)",21,Infantry,3,118,2815
603,"Clan Foot Point (Advanced) (Rifle, Energy)",Clan Foot Point (Advanced),"(Rifle, Energy)",21,Infantry,3,114,2815
607,Clan Foot Point (Advanced) (SRM),Clan Foot Point (Advanced),(SRM),21,Infantry,3,122,2815
9588,Clan Foot Point (Basic) (Flamer),Clan Foot Point (Basic),(Flamer),21,Infantry,3,54,2815
9589,Clan Foot Point (Basic) (LRM),Clan Foot Point (Basic),(LRM),21,Infantry,3,89,3064
9590,Clan Foot Point (Basic) (MG),Clan Foot Point (Basic),(MG),21,Infantry,3,89,2815
9591,"Clan Foot Point (Basic) (Rifle, Ballistic)",Clan Foot Point (Basic),"(Rifle, Ballistic)",21,Infantry,3,80,2815
9592,"Clan Foot Point (Basic) (Rifle, Energy)",Clan Foot Point (Basic),"(Rifle, Energy)",21,Infantry,3,76,2815
9593,Clan Foot Point (Basic) (SRM),Clan Foot Point (Basic),(SRM),21,Infantry,3,84,2815
608,Clan Heavy Foot Infantry  ,Clan Heavy Foot Infantry, ,21,Infantry,1,68,3013
609,Clan Heavy Jump Infantry  ,Clan Heavy Jump Infantry, ,21,Infantry,4,327,3015
7387,Clan Interface Armor (Sqd4),Clan Interface Armor,(Sqd4),21,Infantry,0.2,37,3083
8828,Clan Interface Armor (Sqd5),Clan Interface Armor,(Sqd5),21,Infantry,0.2,50,3083
9191,Clan Interface Armor (Sqd6),Clan Interface Armor,(Sqd6),21,Infantry,0.2,65,3083
610,Clan Jump Point (Advanced) (Flamer),Clan Jump Point (Advanced),(Flamer),21,Infantry,4,96,2815
612,Clan Jump Point (Advanced) (LRM),Clan Jump Point (Advanced),(LRM),21,Infantry,4,95,3064
613,Clan Jump Point (Advanced) (MG),Clan Jump Point (Advanced),(MG),21,Infantry,4,112,2815
614,"Clan Jump Point (Advanced) (Rifle, Ballistic)",Clan Jump Point (Advanced),"(Rifle, Ballistic)",21,Infantry,4,121,2815
611,"Clan Jump Point (Advanced) (Rifle, Energy)",Clan Jump Point (Advanced),"(Rifle, Energy)",21,Infantry,4,116,2815
615,Clan Jump Point (Advanced) (SRM),Clan Jump Point (Advanced),(SRM),21,Infantry,4,121,2815
9594,Clan Jump Point (Basic) (Flamer),Clan Jump Point (Basic),(Flamer),21,Infantry,4,60,2815
9595,Clan Jump Point (Basic) (LRM),Clan Jump Point (Basic),(LRM),21,Infantry,4,67,3064
9596,Clan Jump Point (Basic) (MG),Clan Jump Point (Basic),(MG),21,Infantry,4,75,2815
9597,"Clan Jump Point (Basic) (Rifle, Ballistic)",Clan Jump Point (Basic),"(Rifle, Ballistic)",21,Infantry,4,81,2815
9598,"Clan Jump Point (Basic) (Rifle, Energy)",Clan Jump Point (Basic),"(Rifle, Energy)",21,Infantry,4,76,2815
9599,Clan Jump Point (Basic) (SRM),Clan Jump Point (Basic),(SRM),21,Infantry,4,84,2815
616,Clan Mechanized Hover Point (Advanced) (Flamer),Clan Mechanized Hover Point (Advanced),(Flamer),21,Infantry,20,60,2815
618,Clan Mechanized Hover Point (Advanced) (LRM),Clan Mechanized Hover Point (Advanced),(LRM),21,Infantry,20,56,3064
619,Clan Mechanized Hover Point (Advanced) (MG),Clan Mechanized Hover Point (Advanced),(MG),21,Infantry,20,68,2815
620,"Clan Mechanized Hover Point (Advanced) (Rifle, Ballistic)",Clan Mechanized Hover Point (Advanced),"(Rifle, Ballistic)",21,Infantry,20,73,2815
617,"Clan Mechanized Hover Point (Advanced) (Rifle, Energy)",Clan Mechanized Hover Point (Advanced),"(Rifle, Energy)",21,Infantry,20,70,2815
621,Clan Mechanized Hover Point (Advanced) (SRM),Clan Mechanized Hover Point (Advanced),(SRM),21,Infantry,20,54,2815
622,Clan Mechanized Infantry  ,Clan Mechanized Infantry, ,21,Infantry,20,103,2900
623,Clan Mechanized Tracked Point (Advanced) (Flamer),Clan Mechanized Tracked Point (Advanced),(Flamer),21,Infantry,28,94,2815
625,Clan Mechanized Tracked Point (Advanced) (LRM),Clan Mechanized Tracked Point (Advanced),(LRM),21,Infantry,28,92,3064
626,Clan Mechanized Tracked Point (Advanced) (MG),Clan Mechanized Tracked Point (Advanced),(MG),21,Infantry,28,105,2815
627,"Clan Mechanized Tracked Point (Advanced) (Rifle, Ballistic)",Clan Mechanized Tracked Point (Advanced),"(Rifle, Ballistic)",21,Infantry,28,102,2815
624,"Clan Mechanized Tracked Point (Advanced) (Rifle, Energy)",Clan Mechanized Tracked Point (Advanced),"(Rifle, Energy)",21,Infantry,28,99,2815
628,Clan Mechanized Tracked Point (Advanced) (SRM),Clan Mechanized Tracked Point (Advanced),(SRM),21,Infantry,28,111,2815
9617,Clan Mechanized Tracked Point (Basic) (Flamer),Clan Mechanized Tracked Point (Basic),(Flamer),21,Infantry,28,57,2815
9616,Clan Mechanized Tracked Point (Basic) (LRM),Clan Mechanized Tracked Point (Basic),(LRM),21,Infantry,28,62,3064
9615,Clan Mechanized Tracked Point (Basic) (MG),Clan Mechanized Tracked Point (Basic),(MG),21,Infantry,28,67,2815
9614,"Clan Mechanized Tracked Point (Basic) (Rifle, Ballistic)",Clan Mechanized Tracked Point (Basic),"(Rifle, Ballistic)",21,Infantry,28,65,2815
9612,"Clan Mechanized Tracked Point (Basic) (Rifle, Energy)",Clan Mechanized Tracked Point (Basic),"(Rifle, Energy)",21,Infantry,28,65,2815
9613,Clan Mechanized Tracked Point (Basic) (SRM),Clan Mechanized Tracked Point (Basic),(SRM),21,Infantry,28,74,2815
629,Clan Mechanized Wheeled Point (Advanced) (Flamer),Clan Mechanized Wheeled Point (Advanced),(Flamer),21,Infantry,24,67,2815
631,Clan Mechanized Wheeled Point (Advanced) (LRM),Clan Mechanized Wheeled Point (Advanced),(LRM),21,Infantry,24,61,3064
632,Clan Mechanized Wheeled Point (Advanced) (MG),Clan Mechanized Wheeled Point (Advanced),(MG),21,Infantry,24,74,2815
633,"Clan Mechanized Wheeled Point (Advanced) (Rifle, Ballistic)",Clan Mechanized Wheeled Point (Advanced),"(Rifle, Ballistic)",21,Infantry,24,75,2815
630,"Clan Mechanized Wheeled Point (Advanced) (Rifle, Energy)",Clan Mechanized Wheeled Point (Advanced),"(Rifle, Energy)",21,Infantry,24,73,2815
634,Clan Mechanized Wheeled Point (Advanced) (SRM),Clan Mechanized Wheeled Point (Advanced),(SRM),21,Infantry,24,79,2815
9618,Clan Mechanized Wheeled Point (Basic) (Flamer),Clan Mechanized Wheeled Point (Basic),(Flamer),21,Infantry,24,41,2815
9619,Clan Mechanized Wheeled Point (Basic) (LRM),Clan Mechanized Wheeled Point (Basic),(LRM),21,Infantry,24,41,3064
9620,Clan Mechanized Wheeled Point (Basic) (MG),Clan Mechanized Wheeled Point (Basic),(MG),21,Infantry,24,48,2815
9621,"Clan Mechanized Wheeled Point (Basic) (Rifle, Ballistic)",Clan Mechanized Wheeled Point (Basic),"(Rifle, Ballistic)",21,Infantry,24,49,2815
9622,"Clan Mechanized Wheeled Point (Basic) (Rifle, Energy)",Clan Mechanized Wheeled Point (Basic),"(Rifle, Energy)",21,Infantry,24,47,2815
9623,Clan Mechanized Wheeled Point (Basic) (SRM),Clan Mechanized Wheeled Point (Basic),(SRM),21,Infantry,24,52,2815
3957,"Clan Medium Battle Armor ""Rabid"" (Sqd4)",Clan Medium Battle Armor,"""Rabid"" (Sqd4)",21,Infantry,1,241,3067
8611,"Clan Medium Battle Armor ""Rabid"" (Sqd5)",Clan Medium Battle Armor,"""Rabid"" (Sqd5)",21,Infantry,1,325,3067
8975,"Clan Medium Battle Armor ""Rabid"" (Sqd6)",Clan Medium Battle Armor,"""Rabid"" (Sqd6)",21,Infantry,1,418,3067
635,"Clan Medium Battle Armor ""Rache"" (Sqd4)",Clan Medium Battle Armor,"""Rache"" (Sqd4)",21,Infantry,1,276,3077
8485,"Clan Medium Battle Armor ""Rache"" (Sqd5)",Clan Medium Battle Armor,"""Rache"" (Sqd5)",21,Infantry,1,372,3077
8849,"Clan Medium Battle Armor ""Rache"" (Sqd6)",Clan Medium Battle Armor,"""Rache"" (Sqd6)",21,Infantry,1,478,3077
3955,"Clan Medium Battle Armor (Laser)  ""Volk"" (Sqd4)",Clan Medium Battle Armor (Laser) ,"""Volk"" (Sqd4)",21,Infantry,1,250,3071
8609,"Clan Medium Battle Armor (Laser)  ""Volk"" (Sqd5)",Clan Medium Battle Armor (Laser) ,"""Volk"" (Sqd5)",21,Infantry,1,337,3071
8973,"Clan Medium Battle Armor (Laser) ""Volk"" (Sqd6)",Clan Medium Battle Armor (Laser),"""Volk"" (Sqd6)",21,Infantry,1,433,3071
3956,"Clan Medium Battle Armor (Naval) ""Bär"" (Sqd4)",Clan Medium Battle Armor (Naval),"""Bär"" (Sqd4)",21,Infantry,1,269,3070
8610,"Clan Medium Battle Armor (Naval) ""Bär"" (Sqd5)",Clan Medium Battle Armor (Naval),"""Bär"" (Sqd5)",21,Infantry,1,362,3070
8974,"Clan Medium Battle Armor (Naval) ""Bär"" (Sqd6)",Clan Medium Battle Armor (Naval),"""Bär"" (Sqd6)",21,Infantry,1,465,3070
636,Clan Motorized Point (Advanced) (Flamer),Clan Motorized Point (Advanced),(Flamer),21,Infantry,6,90,2815
638,Clan Motorized Point (Advanced) (LRM),Clan Motorized Point (Advanced),(LRM),21,Infantry,6,121,3064
639,Clan Motorized Point (Advanced) (MG),Clan Motorized Point (Advanced),(MG),21,Infantry,6,106,2815
640,"Clan Motorized Point (Advanced) (Rifle, Ballistic)",Clan Motorized Point (Advanced),"(Rifle, Ballistic)",21,Infantry,6,115,2815
637,"Clan Motorized Point (Advanced) (Rifle, Energy)",Clan Motorized Point (Advanced),"(Rifle, Energy)",21,Infantry,6,110,2815
641,Clan Motorized Point (Advanced) (SRM),Clan Motorized Point (Advanced),(SRM),21,Infantry,6,115,2815
9600,Clan Motorized Point (Basic) (Flamer),Clan Motorized Point (Basic),(Flamer),21,Infantry,6,57,2815
9601,Clan Motorized Point (Basic) (LRM),Clan Motorized Point (Basic),(LRM),21,Infantry,6,86,3064
9602,Clan Motorized Point (Basic) (MG),Clan Motorized Point (Basic),(MG),21,Infantry,6,57,2815
9603,"Clan Motorized Point (Basic) (Rifle, Ballistic)",Clan Motorized Point (Basic),"(Rifle, Ballistic)",21,Infantry,6,78,2815
9604,"Clan Motorized Point (Basic) (Rifle, Energy)",Clan Motorized Point (Basic),"(Rifle, Energy)",21,Infantry,6,73,2815
9605,Clan Motorized Point (Basic) (SRM),Clan Motorized Point (Basic),(SRM),21,Infantry,6,81,2815
3662,Clan Space Marine  ,Clan Space Marine, ,21,Infantry,2,272,3015
3958,Claymore  ,Claymore, ,17,Aerospace,1400,0,3054
3960,Claymore V3,Claymore,V3,17,Aerospace,1400,5889,3086
643,Clint CLNT-1-2R,Clint,CLNT-1-2R,18,BattleMech,40,707,2607
644,Clint CLNT-2-3T,Clint,CLNT-2-3T,18,BattleMech,40,770,2608
645,Clint CLNT-2-3T (Denton),Clint,CLNT-2-3T (Denton),18,BattleMech,40,873,3033
646,Clint CLNT-2-3U,Clint,CLNT-2-3U,18,BattleMech,40,1081,3050
647,Clint CLNT-2-3UL,Clint,CLNT-2-3UL,18,BattleMech,40,1245,3069
648,Clint CLNT-2-4T,Clint,CLNT-2-4T,18,BattleMech,40,619,Unknown
649,Clint CLNT-3-3T,Clint,CLNT-3-3T,18,BattleMech,40,901,3069
9462,Clint CLNT-3-4T,Clint,CLNT-3-4T,18,BattleMech,40,1157,3109
650,Clint CLNT-5U,Clint,CLNT-5U,18,BattleMech,40,1275,3062
651,Clint CLNT-6S,Clint,CLNT-6S,18,BattleMech,40,1334,3069
652,Clint IIC  ,Clint IIC, ,18,BattleMech,40,1395,2842
3961,Clint IIC (Original),Clint IIC,(Original),18,BattleMech,40,0,2830
653,Clint IIC 2,Clint IIC,2,18,BattleMech,40,1890,3073
8369,"Clint IIC 2L ""Leia""",Clint IIC,"2L ""Leia""",18,BattleMech,40,1497,3141
3962,Cliona Frigate  ,Cliona Frigate, ,79,Advanced Support,0,0,2823
3963,Clipper JumpShip  ,Clipper JumpShip, ,81,Advanced Aerospace,0,0,Unknown
3964,Close Assault Landing Craft Mark V,Close Assault Landing Craft,Mark V,17,Aerospace,100,0,2682
3965,Close Assault Landing Craft Mark VII,Close Assault Landing Craft,Mark VII,17,Aerospace,100,0,2816
3966,Close Assault Landing Craft Mark VII (Liao),Close Assault Landing Craft,Mark VII (Liao),17,Aerospace,100,0,2755
3967,Close Assault Landing Craft Mark VII (Steiner),Close Assault Landing Craft,Mark VII (Steiner),17,Aerospace,100,0,2825
3968,Cloud Nine Carrier Airship  ,Cloud Nine Carrier Airship, ,24,Support Vehicle,1000,0,3065
654,Cloud Ten Carrier AirShip  ,Cloud Ten Carrier AirShip, ,24,Support Vehicle,1000,1042,3075
3969,Coanda II Personal Sports Craft  ,Coanda II Personal Sports Craft, ,24,Support Vehicle,3.5,0,3068
3970,Coanda Personal Sports Craft  ,Coanda Personal Sports Craft, ,24,Support Vehicle,3.5,0,3054
655,Cobra CBR-02,Cobra,CBR-02,18,BattleMech,45,1128,3060
656,Cobra CBR-03,Cobra,CBR-03,18,BattleMech,45,1324,3075
659,Cobra Transport VTOL  ,Cobra Transport VTOL, ,19,Combat Vehicle,30,367,2620
657,Cobra Transport VTOL (Command),Cobra Transport VTOL,(Command),19,Combat Vehicle,30,367,2622
658,Cobra Transport VTOL (MASH),Cobra Transport VTOL,(MASH),19,Combat Vehicle,30,367,2669
3971,Cobra Transport VTOL (Original),Cobra Transport VTOL,(Original),19,Combat Vehicle,30,265,2582
7189,Cobra VTOL Transport  ,Cobra VTOL Transport, ,24,Support Vehicle,30,149,2317
7190,Cobra VTOL Transport (Fusion),Cobra VTOL Transport,(Fusion),24,Support Vehicle,30,165,2489
3972,Colossus  ,Colossus, ,17,Aerospace,20000,7296,2718
661,Colossus CL-P3,Colossus,CL-P3,18,BattleMech,95,1986,3053
662,Colossus CLS-4S,Colossus,CLS-4S,18,BattleMech,95,2392,3066
663,Colossus CLS-5S,Colossus,CLS-5S,18,BattleMech,95,2647,3067
3973,Colossus Mk I,Colossus,Mk I,17,Aerospace,20000,7084,2660
7415,Colt Medium Fighter,Colt,Medium Fighter,24,Support Vehicle,40,247,2354
7428,Colt Medium Fighter (SRM),Colt,Medium Fighter (SRM),24,Support Vehicle,40,0,2375
664,Combat Engineer  ,Combat Engineer, ,21,Infantry,5,47,3045
3759,Comet Airliner ACL-800,Comet Airliner,ACL-800,24,Support Vehicle,180,0,3030
3976,Comitatus JumpShip  ,Comitatus JumpShip, ,81,Advanced Aerospace,250000,0,3036
3974,Comitatus JumpShip (4HP),Comitatus JumpShip,(4HP),81,Advanced Aerospace,250000,0,2995
3975,Comitatus JumpShip (Cargo),Comitatus JumpShip,(Cargo),81,Advanced Aerospace,250000,0,3002
5504,Command Post (All Eras),Command Post,(All Eras),97,Building,90,23,2410
9385,Command Van  ,Command Van, ,19,Combat Vehicle,15,193,2577
3977,Command Van (ICE),Command Van,(ICE),19,Combat Vehicle,15,178,2907
3978,Command Van (Q-Vehicle),Command Van,(Q-Vehicle),19,Combat Vehicle,15,278,2975
665,Commando,Commando,,21,Infantry,4,47,2500
666,Commando COM-1A,Commando,COM-1A,18,BattleMech,25,475,2463
7461,Commando COM-1AK,Commando,COM-1AK,18,BattleMech,25,533,3072
667,Commando COM-1B,Commando,COM-1B,18,BattleMech,25,616,3015
668,Commando COM-1C,Commando,COM-1C,18,BattleMech,25,458,3020
669,Commando COM-1D,Commando,COM-1D,18,BattleMech,25,558,2480
670,Commando COM-2D,Commando,COM-2D,18,BattleMech,25,541,2486
671,Commando COM-2Dr,Commando,COM-2Dr,18,BattleMech,25,563,3075
672,Commando COM-3A,Commando,COM-3A,18,BattleMech,25,540,3025
673,Commando COM-4H,Commando,COM-4H,18,BattleMech,25,691,3064
674,Commando COM-5S,Commando,COM-5S,18,BattleMech,25,557,3050
9630,Commando COM-7A,Commando,COM-7A,18,BattleMech,25,625,3056
675,Commando COM-7B,Commando,COM-7B,18,BattleMech,25,602,3068
9631,Commando COM-7J,Commando,COM-7J,18,BattleMech,25,599,3056
676,Commando COM-7S,Commando,COM-7S,18,BattleMech,25,658,3064
677,Commando COM-7S2 (Freyr),Commando,COM-7S2 (Freyr),18,BattleMech,25,1105,3070
9638,"Commando COM-7T ""Blazing Inferno II""",Commando,"COM-7T ""Blazing Inferno II""",18,BattleMech,25,1018,3062
9632,Commando COM-7W,Commando,COM-7W,18,BattleMech,25,608,3056
3979,Commando COM-7X,Commando,COM-7X,18,BattleMech,25,623,3018
9626,Commando COM-7Y,Commando,COM-7Y,18,BattleMech,25,684,3022
9627,"Commando COM-7Y2 ""Blazing Inferno""",Commando,"COM-7Y2 ""Blazing Inferno""",18,BattleMech,25,728,3025
9628,Commando COM-7Z,Commando,COM-7Z,18,BattleMech,25,661,3051
9629,Commando COM-7Z2,Commando,COM-7Z2,18,BattleMech,25,543,3051
6945,Commando COM-8S,Commando,COM-8S,18,BattleMech,25,775,3108
7439,Commando COM-9S,Commando,COM-9S,18,BattleMech,25,719,3146
678,Commando IIC  ,Commando IIC, ,18,BattleMech,25,978,2856
6985,Commonwealth (Block I),Commonwealth,(Block I),81,Advanced Aerospace,700000,98421,2375
6986,Commonwealth (Block II),Commonwealth,(Block II),81,Advanced Aerospace,700000,102832,2765
4085,Communications Satellite D40,Communications Satellite,D40,79,Advanced Support,3.3,0,3064
3981,Concordat Frigate (2506),Concordat Frigate,(2506),81,Advanced Aerospace,440000,80754,2506
3982,"Condor ""Dove""",Condor,"""Dove""",17,Aerospace,4500,0,3035
3983,Condor (2801),Condor,(2801),17,Aerospace,4500,0,2801
3984,Condor (3054),Condor,(3054),17,Aerospace,4500,0,3054
683,Condor Heavy Hover Tank  ,Condor Heavy Hover Tank, ,19,Combat Vehicle,50,653,2564
679,Condor Heavy Hover Tank (Davion),Condor Heavy Hover Tank,(Davion),19,Combat Vehicle,50,592,2952
5776,Condor Heavy Hover Tank (Fission),Condor Heavy Hover Tank,(Fission),19,Combat Vehicle,50,721,3014
680,Condor Heavy Hover Tank (Flamer),Condor Heavy Hover Tank,(Flamer),19,Combat Vehicle,50,715,3025
9309,Condor Heavy Hover Tank (Fusion),Condor Heavy Hover Tank,(Fusion),19,Combat Vehicle,50,939,3040
9310,Condor Heavy Hover Tank (LAC),Condor Heavy Hover Tank,(LAC),19,Combat Vehicle,50,960,3140
6757,Condor Heavy Hover Tank (Laser Upgrade),Condor Heavy Hover Tank,(Laser Upgrade),19,Combat Vehicle,50,803,3130
681,Condor Heavy Hover Tank (Laser),Condor Heavy Hover Tank,(Laser),19,Combat Vehicle,50,977,3061
682,Condor Heavy Hover Tank (Liao),Condor Heavy Hover Tank,(Liao),19,Combat Vehicle,50,765,2878
9308,Condor Heavy Hover Tank (Ultra),Condor Heavy Hover Tank,(Ultra),19,Combat Vehicle,50,1252,3113
685,Condor Heavy Hover Tank (Upgrade)  ,Condor Heavy Hover Tank (Upgrade), ,19,Combat Vehicle,50,965,3066
684,Condor Heavy Hover Tank (Upgrade) (Laser),Condor Heavy Hover Tank (Upgrade),(Laser),19,Combat Vehicle,50,1197,3068
9311,Condor Heavy Hover Tank C,Condor Heavy Hover Tank,C,19,Combat Vehicle,50,804,3082
7304,Condor Multi-Purpose Tank,Condor Multi-Purpose Tank,,19,Combat Vehicle,50,811,3083
7305,Condor Multi-Purpose Tank (Reactive),Condor Multi-Purpose Tank,(Reactive),19,Combat Vehicle,50,963,3118
5850,Condor Trans-Track,Condor Trans-Track,,19,Combat Vehicle,50,0,3043
6578,Condottiere Assault Craft  ,Condottiere Assault Craft, ,17,Aerospace,150,2054,3093
3985,Conestoga Payload Satellite  ,Conestoga Payload Satellite, ,79,Advanced Support,0,0,2623
3986,Confederate (2602),Confederate,(2602),17,Aerospace,1900,0,2602
3987,Confederate (2703),Confederate,(2703),17,Aerospace,1900,0,2703
3988,Confederate (Clan),Confederate,(Clan),17,Aerospace,1900,0,2850
3989,Congress Frigate (2542),Congress Frigate,(2542),81,Advanced Aerospace,760000,0,2542
3990,Congress Frigate (Clan),Congress Frigate,(Clan),81,Advanced Aerospace,760000,0,2914
6987,Congress Frigate D,Congress Frigate,D,81,Advanced Aerospace,760000,77655,2542
3991,Conqueror Battlecruiser/Carrier  ,Conqueror Battlecruiser/Carrier, ,81,Advanced Aerospace,780000,0,3052
686,"Conquistador ""Blockade Runner""",Conquistador,"""Blockade Runner""",17,Aerospace,17400,31724,3074
5838,Constable Pacification Suit [ECM] (Sqd4),Constable Pacification Suit,[ECM] (Sqd4),21,Infantry,0.75,123,3092
8717,Constable Pacification Suit [ECM] (Sqd5),Constable Pacification Suit,[ECM] (Sqd5),21,Infantry,0.75,166,3092
9081,Constable Pacification Suit [ECM] (Sqd6),Constable Pacification Suit,[ECM] (Sqd6),21,Infantry,0.75,213,3092
5839,Constable Pacification Suit [LMG] (Sqd4),Constable Pacification Suit,[LMG] (Sqd4),21,Infantry,0.75,143,3092
8718,Constable Pacification Suit [LMG] (Sqd5),Constable Pacification Suit,[LMG] (Sqd5),21,Infantry,0.75,193,3092
9082,Constable Pacification Suit [LMG] (Sqd6),Constable Pacification Suit,[LMG] (Sqd6),21,Infantry,0.75,248,3092
5840,Constable Pacification Suit [SRM] (Sqd4),Constable Pacification Suit,[SRM] (Sqd4),21,Infantry,0.75,184,3092
8719,Constable Pacification Suit [SRM] (Sqd5),Constable Pacification Suit,[SRM] (Sqd5),21,Infantry,0.75,247,3092
9083,Constable Pacification Suit [SRM] (Sqd6),Constable Pacification Suit,[SRM] (Sqd6),21,Infantry,0.75,318,3092
5841,Constable Pacification Suit [Sensor] (Sqd4),Constable Pacification Suit,[Sensor] (Sqd4),21,Infantry,0.75,130,3092
8720,Constable Pacification Suit [Sensor] (Sqd5),Constable Pacification Suit,[Sensor] (Sqd5),21,Infantry,0.75,175,3092
9216,Constable Pacification Suit [Sensor] (Sqd6),Constable Pacification Suit,[Sensor] (Sqd6),21,Infantry,0.75,318,3092
5842,Constable Pacification Suit [TAG] (Sqd4),Constable Pacification Suit,[TAG] (Sqd4),21,Infantry,0.75,123,3092
8721,Constable Pacification Suit [TAG] (Sqd5),Constable Pacification Suit,[TAG] (Sqd5),21,Infantry,0.75,166,3092
9084,Constable Pacification Suit [TAG] (Sqd6),Constable Pacification Suit,[TAG] (Sqd6),21,Infantry,0.75,213,3092
687,Coolant Truck (Hover),Coolant Truck,(Hover),19,Combat Vehicle,30,347,2602
688,Coolant Truck (Tracked),Coolant Truck,(Tracked),19,Combat Vehicle,30,357,2592
689,"Coolant Truck 135-K ""Lifesaver""",Coolant Truck,"135-K ""Lifesaver""",19,Combat Vehicle,30,321,2583
3993,Copper CPK-19 SecurityMech,Copper,CPK-19 SecurityMech,20,IndustrialMech,25,310,2619
3994,Copper CPK-65 SecurityMech,Copper,CPK-65 SecurityMech,20,IndustrialMech,25,325,3065
7465,Copper CPK-65KM SecurityMech,Copper,CPK-65KM SecurityMech,20,IndustrialMech,25,339,3065
690,Copperhead CPR-HD-002,Copperhead,CPR-HD-002,18,BattleMech,30,763,3054
691,Copperhead CPR-HD-003,Copperhead,CPR-HD-003,18,BattleMech,30,1117,3065
692,Copperhead CPR-HD-004,Copperhead,CPR-HD-004,18,BattleMech,30,1151,3066
4000,Corax C,Corax C,,17,Aerospace,30,1233,3081
4001,Corax C 2,Corax C,2,17,Aerospace,30,0,3091
3995,Corax CRX-O,Corax,CRX-O,17,Aerospace,30,885,3067
3997,Corax CRX-OA,Corax,CRX-OA,17,Aerospace,30,716,3067
3998,Corax CRX-OB,Corax,CRX-OB,17,Aerospace,30,1054,3067
3999,Corax CRX-OC,Corax,CRX-OC,17,Aerospace,30,714,3067
5745,Corax CRX-OD,Corax,CRX-OD,17,Aerospace,30,870,3068
5746,Corax CRX-OR,Corax,CRX-OR,17,Aerospace,30,1667,3076
4004,Cormorant Medium Cargo Craft  ,Cormorant Medium Cargo Craft, ,24,Support Vehicle,70,0,2690
4003,Cormorant Medium Cargo Craft (Cargo),Cormorant Medium Cargo Craft,(Cargo),24,Support Vehicle,70,0,2831
8137,Cormorant Medium Cargo Craft (Support),Cormorant Medium Cargo Craft,(Support),24,Support Vehicle,70,0,Unknown
8612,Corona Heavy Battle Armor (SRM) (Sqd5),Corona Heavy Battle Armor,(SRM) (Sqd5),21,Infantry,1.5,502,3073
4006,Corona Heavy Battle Armor (Sqd4),Corona Heavy Battle Armor,(Sqd4),21,Infantry,1.5,495,3060
8613,Corona Heavy Battle Armor (Sqd5),Corona Heavy Battle Armor,(Sqd5),21,Infantry,1.5,667,3060
8977,Corona Heavy Battle Armor (Sqd6),Corona Heavy Battle Armor,(Sqd6),21,Infantry,1.5,857,3060
4007,Corone Destroyer  ,Corone Destroyer, ,81,Advanced Aerospace,290000,37075,2915
4008,"Corsair (Bob) ""Roswell""",Corsair,"(Bob) ""Roswell""",17,Aerospace,50,1339,3070
4009,Corsair CSR-12D,Corsair,CSR-12D,17,Aerospace,50,1619,3081
693,Corsair CSR-V12,Corsair,CSR-V12,17,Aerospace,50,1190,2779
695,"Corsair CSR-V12M ""Regulus""",Corsair,"CSR-V12M ""Regulus""",17,Aerospace,50,1121,2905
694,Corsair CSR-V12b,Corsair,CSR-V12b,17,Aerospace,50,1388,2780
696,Corsair CSR-V14,Corsair,CSR-V14,17,Aerospace,50,1330,3051
697,Corsair CSR-V18,Corsair,CSR-V18,17,Aerospace,50,1602,3069
698,Corsair CSR-V20,Corsair,CSR-V20,17,Aerospace,50,1112,3010
699,Corsair CSR-X12 RIGID NIGHT,Corsair,CSR-X12 RIGID NIGHT,17,Aerospace,50,2000,3074
4027,Cortez Series N,Cortez,Series N,24,Support Vehicle,75,0,2582
4010,Corvair Luxury Passenger Airliner  ,Corvair Luxury Passenger Airliner, ,24,Support Vehicle,350,0,3066
700,Corvis  ,Corvis, ,18,BattleMech,40,1336,2845
701,Corvis 2,Corvis,2,18,BattleMech,40,1455,3075
4011,Corx Mobile Tunnel Miner  ,Corx Mobile Tunnel Miner, ,24,Support Vehicle,200,0,2420
702,Cossack C-1FC,Cossack,C-1FC,18,BattleMech,20,483,3076
703,Cossack C-SK1,Cossack,C-SK1,18,BattleMech,20,465,3060
704,Cougar A,Cougar,A,18,BattleMech,35,1697,3058
705,Cougar B,Cougar,B,18,BattleMech,35,1774,3058
706,Cougar C,Cougar,C,18,BattleMech,35,1785,3058
707,Cougar D,Cougar,D,18,BattleMech,35,1309,3058
708,Cougar E,Cougar,E,18,BattleMech,35,1442,3063
709,Cougar F,Cougar,F,18,BattleMech,35,1401,3071
710,Cougar G,Cougar,G,18,BattleMech,35,1453,3071
711,Cougar H,Cougar,H,18,BattleMech,35,1323,3061
6928,Cougar I,Cougar,I,18,BattleMech,35,1738,3099
712,Cougar Prime,Cougar,Prime,18,BattleMech,35,1485,3058
8325,Cougar T,Cougar,T,18,BattleMech,35,1748,3142
6951,Cougar-X  ,Cougar-X, ,18,BattleMech,35,1516,3086
6952,Cougar-X 2,Cougar-X,2,18,BattleMech,35,1335,3089
6953,Cougar-X 3,Cougar-X,3,18,BattleMech,35,1410,3093
4013,Cougar-XR,Cougar-XR,,18,BattleMech,35,1783,3070
713,Coyotl A,Coyotl,A,18,BattleMech,40,1753,2854
7606,Coyotl B,Coyotl,B,18,BattleMech,40,1447,2854
7607,Coyotl C,Coyotl,C,18,BattleMech,40,1851,3145
7608,Coyotl D,Coyotl,D,18,BattleMech,40,1980,3149
714,Coyotl Prime,Coyotl,Prime,18,BattleMech,40,1974,2854
715,Crab CRB-20,Crab,CRB-20,18,BattleMech,50,1143,2810
716,Crab CRB-27,Crab,CRB-27,18,BattleMech,50,1198,2719
717,Crab CRB-27b,Crab,CRB-27b,18,BattleMech,50,1308,2719
5873,Crab CRB-27sl,Crab,CRB-27sl,18,BattleMech,50,0,Unknown
718,Crab CRB-30,Crab,CRB-30,18,BattleMech,50,1509,3061
719,Crab CRB-45,Crab,CRB-45,18,BattleMech,50,1342,3070
7510,Crab CRB-54,Crab,CRB-54,18,BattleMech,50,1964,3144
720,Crab CRB-C,Crab,CRB-C,18,BattleMech,50,1135,3056
6655,Crane Heavy Transport  ,Crane Heavy Transport, ,19,Combat Vehicle,30,385,3131
7523,Cricket RWN-01,Cricket,RWN-01,18,BattleMech,30,1169,3132
9406,Cricket RWN-02,Cricket,RWN-02,18,BattleMech,30,1169,3142
721,Crimson Hawk  ,Crimson Hawk, ,18,BattleMech,25,1285,3071
722,Crimson Hawk 2,Crimson Hawk,2,18,BattleMech,25,1271,3073
723,Crimson Hawk 3,Crimson Hawk,3,18,BattleMech,25,1029,3075
6944,Crimson Hawk 4,Crimson Hawk,4,18,BattleMech,25,1372,3099
4016,Crimson Langur A,Crimson Langur,A,18,BattleMech,50,2003,3065
4017,Crimson Langur B,Crimson Langur,B,18,BattleMech,50,2210,3065
4018,Crimson Langur C,Crimson Langur,C,18,BattleMech,50,1437,3065
5676,Crimson Langur D,Crimson Langur,D,18,BattleMech,50,1867,3068
5677,Crimson Langur E,Crimson Langur,E,18,BattleMech,50,2051,3068
4019,Crimson Langur Prime,Crimson Langur,Prime,18,BattleMech,50,1952,3065
3941,Crimson Streak Hover Racer  ,Crimson Streak Hover Racer, ,24,Support Vehicle,3.5,0,3065
724,Crockett CRK-5003-0,Crockett,CRK-5003-0,18,BattleMech,85,1704,2881
8277,Crockett CRK-5003-0 (Saddleford),Crockett,CRK-5003-0 (Saddleford),18,BattleMech,85,0,Unknown
725,Crockett CRK-5003-1,Crockett,CRK-5003-1,18,BattleMech,85,1923,2735
726,Crockett CRK-5003-1b,Crockett,CRK-5003-1b,18,BattleMech,85,2307,2752
727,Crockett CRK-5003-3,Crockett,CRK-5003-3,18,BattleMech,85,1989,3062
728,Crockett CRK-5004-1,Crockett,CRK-5004-1,18,BattleMech,85,1955,3063
729,Crockett CRK-5005-1,Crockett,CRK-5005-1,18,BattleMech,85,1908,3070
4020,Cronus CNS-3M,Cronus,CNS-3M,18,BattleMech,55,1339,3031
4021,Cronus CNS-5M,Cronus,CNS-5M,18,BattleMech,55,1579,3060
5680,Cronus CNS-TD9,Cronus,CNS-TD9,18,BattleMech,55,978,3072
730,Crossbow A,Crossbow,A,18,BattleMech,65,1797,2870
731,Crossbow B,Crossbow,B,18,BattleMech,65,1687,2870
732,Crossbow C,Crossbow,C,18,BattleMech,65,1557,3063
733,Crossbow CRS-6B,Crossbow,CRS-6B,18,BattleMech,60,1210,2473
734,Crossbow CRS-6C,Crossbow,CRS-6C,18,BattleMech,60,1204,2481
735,Crossbow CRS-9A,Crossbow,CRS-9A,18,BattleMech,60,1583,3071
5583,Crossbow CRS-X,Crossbow,CRS-X,18,BattleMech,60,969,2468
736,Crossbow D,Crossbow,D,18,BattleMech,65,1154,3064
737,Crossbow E,Crossbow,E,18,BattleMech,65,1558,3072
8236,Crossbow F,Crossbow,F,18,BattleMech,65,1854,3116
8237,Crossbow G,Crossbow,G,18,BattleMech,65,1725,3136
738,Crossbow H,Crossbow,H,18,BattleMech,65,1707,3061
8245,Crossbow J,Crossbow,J,18,BattleMech,65,1839,3142
739,Crossbow Prime,Crossbow,Prime,18,BattleMech,65,1829,2870
8235,Crossbow T,Crossbow,T,18,BattleMech,65,1729,3142
740,Crossbow U,Crossbow,U,18,BattleMech,65,1856,3077
8238,Crossbow W,Crossbow,W,18,BattleMech,65,2051,3128
7166,Crosscut ED-X1 LoggerMech,Crosscut,ED-X1 LoggerMech,20,IndustrialMech,30,251,2650
741,Crosscut ED-X2 LoggerMech,Crosscut,ED-X2 LoggerMech,20,IndustrialMech,30,223,2715
6973,Crosscut ED-X2 LoggerMech (RL),Crosscut,ED-X2 LoggerMech (RL),20,IndustrialMech,30,422,2810
7167,Crosscut ED-X2M LoggerMech MOD / ED-X2 (Flamer),Crosscut,ED-X2M LoggerMech MOD / ED-X2 (Flamer),20,IndustrialMech,30,248,2801
4024,Crosscut ED-X4 LoggerMech,Crosscut,ED-X4 LoggerMech,20,IndustrialMech,30,223,2876
7168,Crosscut ED-X4B DemolitionMech,Crosscut,ED-X4B DemolitionMech,20,IndustrialMech,30,224,2932
4025,Crosscut ED-X4D DemolitionMech,Crosscut,ED-X4D DemolitionMech,20,IndustrialMech,30,225,2910
7466,Crosscut ED-X4K LoggerMech,Crosscut,ED-X4K LoggerMech,20,IndustrialMech,30,367,3070
7169,Crosscut ED-X4M LoggerMech MOD,Crosscut,ED-X4M LoggerMech MOD,20,IndustrialMech,30,430,3070
7852,Crosscut ED-X4M-A LoggerMech MOD,Crosscut,ED-X4M-A LoggerMech MOD,20,IndustrialMech,30,279,3132
7853,Crosscut ED-X4M-E LoggerMech MOD,Crosscut,ED-X4M-E LoggerMech MOD,20,IndustrialMech,30,480,3132
7854,Crosscut ED-X4M-L LoggerMech MOD,Crosscut,ED-X4M-L LoggerMech MOD,20,IndustrialMech,30,230,3132
4026,Crosscut ED-X4X LoggerMech,Crosscut,ED-X4X LoggerMech,20,IndustrialMech,30,230,2901
7170,Crosscut ED-X5M LoggerMech MOD,Crosscut,ED-X5M LoggerMech MOD,20,IndustrialMech,30,317,3074
7171,Crosscut ED-X5M-B DemolitionMech MOD,Crosscut,ED-X5M-B DemolitionMech MOD,20,IndustrialMech,30,460,3079
744,"Crosscut ED-XX ""Ichabod""",Crosscut,"ED-XX ""Ichabod""",20,IndustrialMech,30,442,3075
8099,Crosscut IIC SolahmaMech,Crosscut,IIC SolahmaMech,20,IndustrialMech,30,571,3133
747,Crow Scout Helicopter  ,Crow Scout Helicopter, ,19,Combat Vehicle,15,288,3068
8411,"Crow Scout Helicopter ""Dragonfly""",Crow Scout Helicopter,"""Dragonfly""",19,Combat Vehicle,15,186,3070
745,Crow Scout Helicopter (C3),Crow Scout Helicopter,(C3),19,Combat Vehicle,15,288,3070
746,Crow Scout Helicopter (Export),Crow Scout Helicopter,(Export),19,Combat Vehicle,15,415,3069
7734,Crucible  ,Crucible, ,18,BattleMech,100,3108,3149
7735,Crucible 2,Crucible,2,18,BattleMech,100,3598,3149
7736,Crucible 3,Crucible,3,18,BattleMech,100,3230,3150
4028,Crucible Station  ,Crucible Station, ,81,Advanced Aerospace,0,0,3065
4029,Crucis R-Series R-Series,Crucis R-Series,R-Series,24,Support Vehicle,1.5,0,3062
6989,Cruiser Cruiser (2325),Cruiser Cruiser,(2325),81,Advanced Aerospace,500000,65658,2325
8234,Crusader CRD-10S,Crusader,CRD-10S,18,BattleMech,65,2264,3147
4030,Crusader CRD-1R,Crusader,CRD-1R,18,BattleMech,65,0,2596
748,Crusader CRD-2R,Crusader,CRD-2R,18,BattleMech,65,1533,2649
749,Crusader CRD-3D,Crusader,CRD-3D,18,BattleMech,65,1338,2756
750,Crusader CRD-3K,Crusader,CRD-3K,18,BattleMech,65,1290,2765
751,Crusader CRD-3L,Crusader,CRD-3L,18,BattleMech,65,1297,2753
752,Crusader CRD-3R,Crusader,CRD-3R,18,BattleMech,65,1317,2752
8280,Crusader CRD-3R (Bear),Crusader,CRD-3R (Bear),18,BattleMech,65,0,Unknown
753,Crusader CRD-3R (Crael),Crusader,CRD-3R (Crael),18,BattleMech,65,1204,3040
754,Crusader CRD-4BR,Crusader,CRD-4BR,18,BattleMech,65,1407,3054
755,Crusader CRD-4D,Crusader,CRD-4D,18,BattleMech,65,1309,3049
756,Crusader CRD-4K,Crusader,CRD-4K,18,BattleMech,65,1268,3049
757,Crusader CRD-4L,Crusader,CRD-4L,18,BattleMech,65,1309,3049
758,Crusader CRD-5K,Crusader,CRD-5K,18,BattleMech,65,1463,3063
759,Crusader CRD-5M,Crusader,CRD-5M,18,BattleMech,65,1408,3049
760,Crusader CRD-5S,Crusader,CRD-5S,18,BattleMech,65,1446,3049
8224,Crusader CRD-6D,Crusader,CRD-6D,18,BattleMech,65,1498,3054
761,Crusader CRD-6M,Crusader,CRD-6M,18,BattleMech,65,1373,3074
8225,Crusader CRD-6T,Crusader,CRD-6T,18,BattleMech,65,1890,3053
8226,Crusader CRD-7D,Crusader,CRD-7D,18,BattleMech,65,1681,3141
762,Crusader CRD-7L,Crusader,CRD-7L,18,BattleMech,65,1749,3067
8227,Crusader CRD-7M,Crusader,CRD-7M,18,BattleMech,65,1502,3087
8228,Crusader CRD-7M2,Crusader,CRD-7M2,18,BattleMech,65,1434,3088
763,Crusader CRD-7W,Crusader,CRD-7W,18,BattleMech,65,1221,3071
764,Crusader CRD-8L,Crusader,CRD-8L,18,BattleMech,65,1701,3083
8231,Crusader CRD-8R,Crusader,CRD-8R,18,BattleMech,65,1600,3096
765,Crusader CRD-8S,Crusader,CRD-8S,18,BattleMech,65,1698,3066
8232,Crusader CRD-9BR,Crusader,CRD-9BR,18,BattleMech,65,1653,3125
8233,Crusader CRD-9R,Crusader,CRD-9R,18,BattleMech,65,1612,3130
8263,Crusader CRD-9S,Crusader,CRD-9S,18,BattleMech,65,1642,3086
6587,Cuchulainn Support Armor (Sqd4),Cuchulainn Support Armor,(Sqd4),21,Infantry,1.5,621,3134
8768,Cuchulainn Support Armor (Sqd5),Cuchulainn Support Armor,(Sqd5),21,Infantry,1.5,836,3134
766,Cudgel CDG-1B,Cudgel,CDG-1B,18,BattleMech,80,1347,3053
767,Cudgel CDG-2A,Cudgel,CDG-2A,18,BattleMech,80,1750,3066
768,Cudgel CDG-2B,Cudgel,CDG-2B,18,BattleMech,80,1762,3068
769,Cuirass CDR-1X,Cuirass,CDR-1X,18,BattleMech,40,1301,3086
6922,Cuirass CDR-2BC3,Cuirass,CDR-2BC3,18,BattleMech,40,990,3119
6921,Cuirass CDR-2X,Cuirass,CDR-2X,18,BattleMech,40,1227,3134
6361,Cutlass CUT-01D,Cutlass,CUT-01D,17,Aerospace,70,2880,3102
6362,Cutlass CUT-01E,Cutlass,CUT-01E,17,Aerospace,70,2234,3104
8357,Cyclops C,Cyclops,C,18,BattleMech,90,2252,3147
770,Cyclops CP-10-HQ,Cyclops,CP-10-HQ,18,BattleMech,90,1113,2753
771,Cyclops CP-10-Q,Cyclops,CP-10-Q,18,BattleMech,90,1584,2801
772,Cyclops CP-10-Z,Cyclops,CP-10-Z,18,BattleMech,90,1317,2710
4031,Cyclops CP-10-Z-DC,Cyclops,CP-10-Z-DC,18,BattleMech,90,0,2750
773,Cyclops CP-11-A,Cyclops,CP-11-A,18,BattleMech,90,1547,3045
4032,Cyclops CP-11-A-DC,Cyclops,CP-11-A-DC,18,BattleMech,90,1507,3045
774,Cyclops CP-11-B,Cyclops,CP-11-B,18,BattleMech,90,2145,3071
775,Cyclops CP-11-C,Cyclops,CP-11-C,18,BattleMech,90,1553,3050
776,Cyclops CP-11-C2,Cyclops,CP-11-C2,18,BattleMech,90,1534,3073
777,Cyclops CP-11-C3,Cyclops,CP-11-C3,18,BattleMech,90,1752,3077
778,Cyclops CP-11-G,Cyclops,CP-11-G,18,BattleMech,90,1981,3058
779,Cyclops CP-11-H,Cyclops,CP-11-H,18,BattleMech,90,1525,3064
780,Cyclops CP-12-K,Cyclops,CP-12-K,18,BattleMech,90,1699,3059
4033,Cyclops I Station  ,Cyclops I Station, ,81,Advanced Aerospace,0,0,Unknown
4034,Cyclops Motorbike 650,Cyclops Motorbike,650,24,Support Vehicle,0,0,Unknown
781,Cygnus  ,Cygnus, ,18,BattleMech,95,2583,3075
782,Cygnus 2,Cygnus,2,18,BattleMech,95,3361,3075
783,Cygnus 3,Cygnus,3,18,BattleMech,95,2569,3075
6843,Cygnus 4,Cygnus,4,18,BattleMech,95,2570,3090
6253,Cyllaros  ,Cyllaros, ,18,BattleMech,55,1450,3136
787,Cyrano Gunship  ,Cyrano Gunship, ,19,Combat Vehicle,30,459,2622
784,Cyrano Gunship (ML),Cyrano Gunship,(ML),19,Combat Vehicle,30,645,3071
785,Cyrano Gunship (Plasma),Cyrano Gunship,(Plasma),19,Combat Vehicle,30,927,3071
786,Cyrano Gunship (Royal),Cyrano Gunship,(Royal),19,Combat Vehicle,30,740,2721
7329,Cyrano Gunship Fury,Cyrano Gunship,Fury,19,Combat Vehicle,30,594,2754
5626,Czar DropShip  ,Czar DropShip, ,17,Aerospace,6400,0,2462
1437,DEST Heavy Jump Infantry  ,DEST Heavy Jump Infantry, ,21,Infantry,4,111,2840
900,DI Morgan Assault Tank  ,DI Morgan Assault Tank, ,19,Combat Vehicle,100,1390,3073
898,DI Morgan Assault Tank (Gauss),DI Morgan Assault Tank,(Gauss),19,Combat Vehicle,100,1623,3075
899,DI Morgan Assault Tank (LRM),DI Morgan Assault Tank,(LRM),19,Combat Vehicle,100,1869,3075
6595,DI Multipurpose Light VTOL  ,DI Multipurpose Light VTOL, ,19,Combat Vehicle,25,542,3097
6596,DI Multipurpose Light VTOL (Gunship),DI Multipurpose Light VTOL,(Gunship),19,Combat Vehicle,25,711,3097
6602,DI Schmitt Tank  ,DI Schmitt Tank, ,19,Combat Vehicle,80,1457,3115
6603,DI Schmitt Tank (Targeting Computer),DI Schmitt Tank,(Targeting Computer),19,Combat Vehicle,80,1625,3115
788,Daboku DCMS-MX90-D,Daboku,DCMS-MX90-D,18,BattleMech,90,1290,3038
4035,"Daedalus ""Grimjet""",Daedalus,"""Grimjet""",18,BattleMech,45,0,3054
789,Daedalus DAD-3C,Daedalus,DAD-3C,18,BattleMech,45,1070,3053
790,Daedalus DAD-3D,Daedalus,DAD-3D,18,BattleMech,45,1729,3062
791,Daedalus DAD-4A,Daedalus,DAD-4A,18,BattleMech,45,1466,3064
792,Daedalus DAD-4B,Daedalus,DAD-4B,18,BattleMech,45,1431,3067
8105,Daedalus DAD-DX,Daedalus,DAD-DX,18,BattleMech,45,1606,3097
4036,Daedalus GTX2,Daedalus,GTX2,20,IndustrialMech,60,0,Unknown
793,Daedalus GTX2 (Militarized),Daedalus,GTX2 (Militarized),20,IndustrialMech,60,849,2801
794,"Daedalus GTX2A ""Stevedore""",Daedalus,"GTX2A ""Stevedore""",20,IndustrialMech,60,649,Unknown
795,"Daedalus GTX2B ""Navvy""",Daedalus,"GTX2B ""Navvy""",20,IndustrialMech,60,663,Unknown
796,Dagger DAR4-XP,Dagger,DAR4-XP,17,Aerospace,45,1543,3070
4038,Dagger DARO-1,Dagger,DARO-1,17,Aerospace,45,1766,3062
4040,Dagger DARO-1A,Dagger,DARO-1A,17,Aerospace,45,1581,3062
4041,Dagger DARO-1B,Dagger,DARO-1B,17,Aerospace,45,1543,3062
5748,Dagger DARO-1C,Dagger,DARO-1C,17,Aerospace,45,1325,3068
5749,Dagger DARO-1D,Dagger,DARO-1D,17,Aerospace,45,1318,3068
797,Daikyu DAI-01,Daikyu,DAI-01,18,BattleMech,70,1603,3055
798,Daikyu DAI-01 (Tabitha),Daikyu,DAI-01 (Tabitha),18,BattleMech,70,1804,3064
799,Daikyu DAI-01r,Daikyu,DAI-01r,18,BattleMech,70,1513,3076
800,Daikyu DAI-02,Daikyu,DAI-02,18,BattleMech,70,1831,3060
801,Daikyu DAI-03,Daikyu,DAI-03,18,BattleMech,70,1692,3067
802,Daimyo DMO-1K,Daimyo,DMO-1K,18,BattleMech,40,1148,3053
803,Daimyo DMO-1K2 (al-Shahab),Daimyo,DMO-1K2 (al-Shahab),18,BattleMech,40,1332,3066
804,Daimyo DMO-2K,Daimyo,DMO-2K,18,BattleMech,40,1057,3056
805,Daimyo DMO-4K,Daimyo,DMO-4K,18,BattleMech,40,1150,3058
806,Daimyo DMO-5K,Daimyo,DMO-5K,18,BattleMech,40,1087,3062
807,Daimyo HQ 67-K,Daimyo HQ,67-K,19,Combat Vehicle,50,583,2781
808,Daimyo HQ 67-K2,Daimyo HQ,67-K2,19,Combat Vehicle,50,647,3067
8297,Daimyo HQ 67-NC,Daimyo HQ,67-NC,19,Combat Vehicle,50,583,2910
809,Daimyo HQ 67-R,Daimyo HQ,67-R,19,Combat Vehicle,50,683,3068
4044,"Daishi (Dire Wolf) ""Lone Wolf""",Daishi (Dire Wolf),"""Lone Wolf""",18,BattleMech,100,0,Unknown
810,"Daishi (Dire Wolf) ""Prometheus""",Daishi (Dire Wolf),"""Prometheus""",18,BattleMech,100,2900,3051
811,"Daishi (Dire Wolf) ""Widowmaker""",Daishi (Dire Wolf),"""Widowmaker""",18,BattleMech,100,3041,3050
812,Daishi (Dire Wolf) (Hohiro),Daishi (Dire Wolf),(Hohiro),18,BattleMech,100,3048,3051
813,Daishi (Dire Wolf) A,Daishi (Dire Wolf),A,18,BattleMech,100,2855,3010
814,Daishi (Dire Wolf) B,Daishi (Dire Wolf),B,18,BattleMech,100,2609,3010
815,Daishi (Dire Wolf) C,Daishi (Dire Wolf),C,18,BattleMech,100,3610,3054
816,Daishi (Dire Wolf) D,Daishi (Dire Wolf),D,18,BattleMech,100,3403,3069
6833,Daishi (Dire Wolf) E,Daishi (Dire Wolf),E,18,BattleMech,100,2814,3103
817,Daishi (Dire Wolf) H,Daishi (Dire Wolf),H,18,BattleMech,100,2992,3059
818,Daishi (Dire Wolf) Prime,Daishi (Dire Wolf),Prime,18,BattleMech,100,2712,3010
819,Daishi (Dire Wolf) S,Daishi (Dire Wolf),S,18,BattleMech,100,2985,3050
8133,Daishi (Dire Wolf) T,Daishi (Dire Wolf),T,18,BattleMech,100,3317,3142
820,Daishi (Dire Wolf) U,Daishi (Dire Wolf),U,18,BattleMech,100,3360,3077
821,Daishi (Dire Wolf) W,Daishi (Dire Wolf),W,18,BattleMech,100,2951,3049
4046,Daishi (Dire Wolf) X,Daishi (Dire Wolf),X,18,BattleMech,100,2645,3060
822,Danai Support Vehicle  ,Danai Support Vehicle, ,19,Combat Vehicle,45,576,3073
5568,Danai Support Vehicle (Arrow),Danai Support Vehicle,(Arrow),19,Combat Vehicle,45,855,3076
7923,Danai Support Vehicle (Original Arrow),Danai Support Vehicle,(Original Arrow),19,Combat Vehicle,45,0,3075
823,Danais  ,Danais, ,17,Aerospace,3200,1004,2728
4047,Dante Frigate  ,Dante Frigate, ,81,Advanced Aerospace,610000,0,2941
827,Dark Crow,Dark Crow,,18,BattleMech,55,1594,3084
824,Dark Crow 2,Dark Crow,2,18,BattleMech,55,1575,3084
825,Dark Crow 3,Dark Crow,3,18,BattleMech,55,1681,3084
826,Dark Crow 4,Dark Crow,4,18,BattleMech,55,1538,3087
8138,Darling SAR Airship  ,Darling SAR Airship, ,24,Support Vehicle,0,0,Unknown
828,Dart DRT-3S,Dart,DRT-3S,18,BattleMech,25,436,3051
829,Dart DRT-4S,Dart,DRT-4S,18,BattleMech,25,656,3053
830,Dart DRT-6S,Dart,DRT-6S,18,BattleMech,25,641,3053
831,Dart DRT-6T,Dart,DRT-6T,18,BattleMech,25,703,3077
4048,Dart Light Cruiser  ,Dart Light Cruiser, ,81,Advanced Aerospace,680000,0,2305
836,Darter Scout Car  ,Darter Scout Car, ,19,Combat Vehicle,13,125,2822
4049,"Darter Scout Car ""ABC's Folly""",Darter Scout Car,"""ABC's Folly""",19,Combat Vehicle,13,0,3070
832,Darter Scout Car (BAP),Darter Scout Car,(BAP),19,Combat Vehicle,13,136,3053
833,Darter Scout Car (C3),Darter Scout Car,(C3),19,Combat Vehicle,13,125,3057
834,Darter Scout Car (ECM),Darter Scout Car,(ECM),19,Combat Vehicle,13,193,3054
835,Darter Scout Car (SRM),Darter Scout Car,(SRM),19,Combat Vehicle,13,192,2835
4050,Darter Scout Car (SRM2),Darter Scout Car,(SRM2),19,Combat Vehicle,13,167,2835
837,Dasher (Fire Moth) (Aletha),Dasher (Fire Moth),(Aletha),18,BattleMech,20,1388,3068
838,Dasher (Fire Moth) A,Dasher (Fire Moth),A,18,BattleMech,20,639,2874
839,Dasher (Fire Moth) B,Dasher (Fire Moth),B,18,BattleMech,20,1064,2874
840,Dasher (Fire Moth) C,Dasher (Fire Moth),C,18,BattleMech,20,741,2874
841,Dasher (Fire Moth) D,Dasher (Fire Moth),D,18,BattleMech,20,2307,2874
842,Dasher (Fire Moth) E,Dasher (Fire Moth),E,18,BattleMech,20,822,3059
843,Dasher (Fire Moth) F,Dasher (Fire Moth),F,18,BattleMech,20,1461,3070
6946,Dasher (Fire Moth) G,Dasher (Fire Moth),G,18,BattleMech,20,2041,3098
844,Dasher (Fire Moth) H,Dasher (Fire Moth),H,18,BattleMech,20,779,3060
7578,Dasher (Fire Moth) I,Dasher (Fire Moth),I,18,BattleMech,20,1260,3139
7579,Dasher (Fire Moth) J,Dasher (Fire Moth),J,18,BattleMech,20,1140,3145
845,Dasher (Fire Moth) K,Dasher (Fire Moth),K,18,BattleMech,20,884,3071
7580,Dasher (Fire Moth) M,Dasher (Fire Moth),M,18,BattleMech,20,1200,3110
7581,Dasher (Fire Moth) P,Dasher (Fire Moth),P,18,BattleMech,20,841,3132
846,Dasher (Fire Moth) Prime,Dasher (Fire Moth),Prime,18,BattleMech,20,1251,2874
7582,Dasher (Fire Moth) R,Dasher (Fire Moth),R,18,BattleMech,20,1160,3110
7577,Dasher (Fire Moth) T,Dasher (Fire Moth),T,18,BattleMech,20,1305,3142
848,Dasher II  ,Dasher II, ,18,BattleMech,40,522,3077
847,Dasher II 2,Dasher II,2,18,BattleMech,40,2239,3084
6919,Dasher II 4,Dasher II,4,18,BattleMech,40,1749,3136
4052,Davion Destroyer (Block I),Davion Destroyer,(Block I),81,Advanced Aerospace,520000,0,2510
4053,Davion Destroyer (Block II),Davion Destroyer,(Block II),81,Advanced Aerospace,580000,0,2552
5520,Death Gulch  ,Death Gulch, ,97,Building,150,0,Unknown
9225,Death Trike  ,Death Trike, ,24,Support Vehicle,0,0,Unknown
4055,Deathstalker F-77,Deathstalker,F-77,17,Aerospace,80,1696,2744
4056,Deathstalker F-77A,Deathstalker,F-77A,17,Aerospace,80,1866,3073
5609,Deathstalker XF-78,Deathstalker,XF-78,17,Aerospace,80,0,3068
7630,"Debbie ""The Warcrime Wagon""",Debbie,"""The Warcrime Wagon""",24,Support Vehicle,80,43,3088
4057,Deep Lord RCL-Z1M MilitiaMech,Deep Lord,RCL-Z1M MilitiaMech,20,IndustrialMech,65,715,3085
7830,Deep Lord RCL-Z1M-B MilitiaMech,Deep Lord,RCL-Z1M-B MilitiaMech,20,IndustrialMech,65,773,3118
6988,Defender  ,Defender, ,81,Advanced Aerospace,960000,173687,2360
4064,Defiance 'Zilla  ,Defiance 'Zilla, ,20,IndustrialMech,0,0,2598
4059,Defiance DFC-O,Defiance,DFC-O,17,Aerospace,55,1862,3067
4061,Defiance DFC-OA,Defiance,DFC-OA,17,Aerospace,55,1610,3067
4062,Defiance DFC-OB,Defiance,DFC-OB,17,Aerospace,55,1274,3067
4063,Defiance DFC-OC,Defiance,DFC-OC,17,Aerospace,55,1325,3067
5751,Defiance DFC-OD,Defiance,DFC-OD,17,Aerospace,55,1318,3072
849,Defiance DFN-3C,Defiance,DFN-3C,18,BattleMech,75,1817,3057
850,Defiance DFN-3S,Defiance,DFN-3S,18,BattleMech,75,1940,3074
851,Defiance DFN-3T,Defiance,DFN-3T,18,BattleMech,75,1981,3074
852,Deimos 2,Deimos,2,18,BattleMech,85,2394,3084
853,Deimos A,Deimos,A,18,BattleMech,85,2785,3085
854,Deimos B,Deimos,B,18,BattleMech,85,2965,3085
855,Deimos C,Deimos,C,18,BattleMech,85,2737,3086
6856,Deimos D,Deimos,D,18,BattleMech,85,2682,3119
6855,Deimos E,Deimos,E,18,BattleMech,85,3620,3140
9505,Deimos H,Deimos,H,18,BattleMech,85,3344,3087
856,Deimos Prime,Deimos,Prime,18,BattleMech,85,2188,3085
857,Deimos S,Deimos,S,18,BattleMech,85,2664,3086
4066,Delphyne  ,Delphyne, ,23,Protomech,9,384,3065
4067,Delphyne 2,Delphyne,2,23,Protomech,9,316,3067
4068,Delphyne 3,Delphyne,3,23,Protomech,9,400,3072
4635,Delta Air Cruiser MA-80,Delta Air Cruiser,MA-80,24,Support Vehicle,180,0,3037
7855,Demeter WLD-1 AgroMech,Demeter,WLD-1 AgroMech,20,IndustrialMech,30,321,3116
7856,Demeter WLD-1-M AgroMech MOD,Demeter,WLD-1-M AgroMech MOD,20,IndustrialMech,30,327,3132
858,Demolisher Heavy Tank (Arrow IV),Demolisher Heavy Tank,(Arrow IV),19,Combat Vehicle,80,1297,3062
9259,Demolisher Heavy Tank (Cell),Demolisher Heavy Tank,(Cell),19,Combat Vehicle,80,1585,3111
859,Demolisher Heavy Tank (Clan),Demolisher Heavy Tank,(Clan),19,Combat Vehicle,80,1563,3058
860,Demolisher Heavy Tank (Defensive),Demolisher Heavy Tank,(Defensive),19,Combat Vehicle,80,891,2823
861,Demolisher Heavy Tank (Gauss),Demolisher Heavy Tank,(Gauss),19,Combat Vehicle,80,1529,3053
862,Demolisher Heavy Tank (MRM),Demolisher Heavy Tank,(MRM),19,Combat Vehicle,80,1242,3060
9260,Demolisher Heavy Tank (Reinforced),Demolisher Heavy Tank,(Reinforced),19,Combat Vehicle,80,1434,3144
863,Demolisher Heavy Tank Mk. I,Demolisher Heavy Tank,Mk. I,19,Combat Vehicle,80,981,2803
864,Demolisher Heavy Tank Mk. II,Demolisher Heavy Tank,Mk. II,19,Combat Vehicle,80,981,2823
866,Demolisher II Heavy Tank  ,Demolisher II Heavy Tank, ,19,Combat Vehicle,100,1619,3059
865,Demolisher II Heavy Tank (MML),Demolisher II Heavy Tank,(MML),19,Combat Vehicle,100,1397,3076
867,Demolisher II Heavy Tank (Thunderbolt),Demolisher II Heavy Tank,(Thunderbolt),19,Combat Vehicle,100,2336,3074
4069,Demolisher II Heavy Tank II-X ,Demolisher II Heavy Tank,II-X ,19,Combat Vehicle,100,1927,3077
868,DemolitionMech WI-DM,DemolitionMech,WI-DM,20,IndustrialMech,35,380,2513
869,DemolitionMech WI-DM2,DemolitionMech,WI-DM2,20,IndustrialMech,35,345,2514
7839,DemolitionMech WI-DMM MOD,DemolitionMech,WI-DMM MOD,20,IndustrialMech,35,444,3134
871,Demon Medium Tank  ,Demon Medium Tank, ,19,Combat Vehicle,45,454,3077
6754,Demon Medium Tank (Armor),Demon Medium Tank,(Armor),19,Combat Vehicle,45,636,3100
870,Demon Medium Tank (Rifle),Demon Medium Tank,(Rifle),19,Combat Vehicle,45,386,3084
876,Demon Tank  ,Demon Tank, ,19,Combat Vehicle,60,1094,2716
872,Demon Tank (HGR),Demon Tank,(HGR),19,Combat Vehicle,60,1314,3070
873,Demon Tank (Horned Demon),Demon Tank,(Horned Demon),19,Combat Vehicle,60,1179,2721
874,Demon Tank (PPC),Demon Tank,(PPC),19,Combat Vehicle,60,836,2729
875,Demon Tank (Royal),Demon Tank,(Royal),19,Combat Vehicle,60,1333,2744
5555,Demon Tank CX-2,Demon Tank,CX-2,19,Combat Vehicle,60,0,3070
9396,Dervish DV-11DK,Dervish,DV-11DK,18,BattleMech,55,1919,3149
877,Dervish DV-1S,Dervish,DV-1S,18,BattleMech,55,864,2520
878,Dervish DV-6M,Dervish,DV-6M,18,BattleMech,55,1146,2570
5596,Dervish DV-6M (Mauck),Dervish,DV-6M (Mauck),18,BattleMech,55,0,3060
8279,Dervish DV-6M (Turner),Dervish,DV-6M (Turner),18,BattleMech,55,0,3051
5869,Dervish DV-6Md,Dervish,DV-6Md,18,BattleMech,55,0,Unknown
879,Dervish DV-6Mr,Dervish,DV-6Mr,18,BattleMech,55,1347,3073
880,Dervish DV-7D,Dervish,DV-7D,18,BattleMech,55,1412,3047
881,Dervish DV-8D,Dervish,DV-8D,18,BattleMech,55,1765,3062
882,"Dervish DV-8D2 ""Lightbringer""",Dervish,"DV-8D2 ""Lightbringer""",18,BattleMech,55,1717,3071
883,Dervish DV-9D,Dervish,DV-9D,18,BattleMech,55,1518,3068
4070,Desert Cobra VTOL,Desert Cobra VTOL,,24,Support Vehicle,0,0,2438
8078,Desert Scorpion Light Tank  ,Desert Scorpion Light Tank, ,19,Combat Vehicle,25,554,3055
6329,Destrier Siege Vehicle  ,Destrier Siege Vehicle, ,19,Combat Vehicle,200,2859,3100
4071,Deuce-and-a-Half Truck  ,Deuce-and-a-Half Truck, ,24,Support Vehicle,0,0,3068
4072,Deuceman Blitz-Zweistister,Deuceman Blitz-Zweistister,,24,Support Vehicle,0,0,Unknown
4074,Deusenberg VIP Luxury Hovercar  ,Deusenberg VIP Luxury Hovercar, ,24,Support Vehicle,50,0,3059
4073,Deusenberg VIP Luxury Hovercar (Original),Deusenberg VIP Luxury Hovercar,(Original),24,Support Vehicle,50,0,3024
884,Deva C-DVA-O (Achillius),Deva,C-DVA-O (Achillius),18,BattleMech,70,1595,3071
885,Deva C-DVA-O Invictus,Deva,C-DVA-O Invictus,18,BattleMech,70,1584,3069
886,Deva C-DVA-OA Dominus,Deva,C-DVA-OA Dominus,18,BattleMech,70,1727,3069
887,Deva C-DVA-OB Infernus,Deva,C-DVA-OB Infernus,18,BattleMech,70,1713,3069
888,Deva C-DVA-OC Comminus,Deva,C-DVA-OC Comminus,18,BattleMech,70,1743,3069
889,Deva C-DVA-OD Luminos,Deva,C-DVA-OD Luminos,18,BattleMech,70,1711,3069
890,Deva C-DVA-OE Eminus,Deva,C-DVA-OE Eminus,18,BattleMech,70,1686,3072
891,Deva C-DVA-OS Caelestis,Deva,C-DVA-OS Caelestis,18,BattleMech,70,1785,3075
892,Deva C-DVA-OU Exanimus,Deva,C-DVA-OU Exanimus,18,BattleMech,70,1685,3077
7984,Devastator DVS-10,Devastator,DVS-10,18,BattleMech,100,2204,3142
9377,Devastator DVS-11,Devastator,DVS-11,18,BattleMech,100,3170,3146
893,Devastator DVS-1D,Devastator,DVS-1D,18,BattleMech,100,1858,3036
894,Devastator DVS-2,Devastator,DVS-2,18,BattleMech,100,2481,3048
7686,Devastator DVS-2-EC,Devastator,DVS-2-EC,18,BattleMech,100,2859,2827
895,Devastator DVS-3,Devastator,DVS-3,18,BattleMech,100,2452,3058
896,Devastator DVS-X10 MUSE EARTH,Devastator,DVS-X10 MUSE EARTH,18,BattleMech,100,3250,3075
897,Devastator Heavy Tank  ,Devastator Heavy Tank, ,19,Combat Vehicle,80,1037,3003
8037,Devastator II Superheavy Tank  ,Devastator II Superheavy Tank, ,19,Combat Vehicle,160,2245,3143
7571,Devil  ,Devil, ,18,BattleMech,30,1691,2911
4077,Dictator  ,Dictator, ,17,Aerospace,9000,4802,2600
4076,Dictator (Command),Dictator,(Command),17,Aerospace,9000,4802,2620
4078,Dig King RCL-1 MiningMech,Dig King,RCL-1 MiningMech,20,IndustrialMech,35,409,2573
7172,Dig King RCL-1M MiningMech MOD,Dig King,RCL-1M MiningMech MOD,20,IndustrialMech,35,460,2802
4079,Dig Lord RCL-4 MiningMech,Dig Lord,RCL-4 MiningMech,20,IndustrialMech,65,599,3057
5542,Dig Lord RCL-4M MiningMech MOD,Dig Lord,RCL-4M MiningMech MOD,20,IndustrialMech,65,706,3132
7829,Dig Lord RCL-4M-B MiningMech MOD,Dig Lord,RCL-4M-B MiningMech MOD,20,IndustrialMech,65,699,3132
5565,Dig Lord RCL-Z1 Armed MiningMech,Dig Lord,RCL-Z1 Armed MiningMech,20,IndustrialMech,65,681,3081
4080,Digger 500 Mining Robot 500,Digger 500 Mining Robot,500,24,Support Vehicle,30,0,Unknown
7299,Diggs Drone Control Tank  ,Diggs Drone Control Tank, ,19,Combat Vehicle,35,785,3101
4464,Dillinger Police Vehicle  ,Dillinger Police Vehicle, ,24,Support Vehicle,40,0,3059
901,Diomede D-M3D-3 ConstructionMech,Diomede,D-M3D-3 ConstructionMech,20,IndustrialMech,100,1228,3084
902,Diomede D-M3D-4 DemolitionMech,Diomede,D-M3D-4 DemolitionMech,20,IndustrialMech,100,1235,3084
6823,Diomede D-M3D-M,Diomede,D-M3D-M,20,IndustrialMech,100,1609,3092
4081,Dixon Firetender Airship  ,Dixon Firetender Airship, ,24,Support Vehicle,300,0,2746
4082,Dixon Law Enforcement Airship  ,Dixon Law Enforcement Airship, ,24,Support Vehicle,300,0,2705
5793,Djinn Battle Armor (Reflective) “Terrorizer” [Flamer] (Sqd4),Djinn Battle Armor (Reflective),“Terrorizer” [Flamer] (Sqd4),21,Infantry,0.75,189,3079
8715,Djinn Battle Armor (Reflective) “Terrorizer” [Flamer] (Sqd5),Djinn Battle Armor (Reflective),“Terrorizer” [Flamer] (Sqd5),21,Infantry,0.75,254,3079
9079,Djinn Battle Armor (Reflective) “Terrorizer” [Flamer] (Sqd6),Djinn Battle Armor (Reflective),“Terrorizer” [Flamer] (Sqd6),21,Infantry,0.75,327,3079
5794,Djinn Battle Armor (Reflective) “Terrorizer” [Laser] (Sqd4),Djinn Battle Armor (Reflective),“Terrorizer” [Laser] (Sqd4),21,Infantry,0.75,211,3079
8716,Djinn Battle Armor (Reflective) “Terrorizer” [Laser] (Sqd5),Djinn Battle Armor (Reflective),“Terrorizer” [Laser] (Sqd5),21,Infantry,0.75,297,3079
9080,Djinn Battle Armor (Reflective) “Terrorizer” [Laser] (Sqd6),Djinn Battle Armor (Reflective),“Terrorizer” [Laser] (Sqd6),21,Infantry,0.75,382,3079
5792,Djinn Battle Armor (Reflective) “Terrorizer” [MG]  (Sqd4),Djinn Battle Armor (Reflective),“Terrorizer” [MG]  (Sqd4),21,Infantry,0.75,189,3079
8714,Djinn Battle Armor (Reflective) “Terrorizer” [MG]  (Sqd5),Djinn Battle Armor (Reflective),“Terrorizer” [MG]  (Sqd5),21,Infantry,0.75,254,3079
9078,Djinn Battle Armor (Reflective) “Terrorizer” [MG]  (Sqd6),Djinn Battle Armor (Reflective),“Terrorizer” [MG]  (Sqd6),21,Infantry,0.75,327,3079
4083,Djinn Battle Armor (Sqd4),Djinn Battle Armor,(Sqd4),21,Infantry,0.75,137,3070
8614,Djinn Battle Armor (Sqd5),Djinn Battle Armor,(Sqd5),21,Infantry,0.75,184,3070
8978,Djinn Battle Armor (Sqd6),Djinn Battle Armor,(Sqd6),21,Infantry,0.75,237,3070
4084,Djinn Battle Armor (Stealth) (Sqd4),Djinn Battle Armor,(Stealth) (Sqd4),21,Infantry,0.75,181,3071
8615,Djinn Battle Armor (Stealth) (Sqd5),Djinn Battle Armor,(Stealth) (Sqd5),21,Infantry,0.75,243,3071
8979,Djinn Battle Armor (Stealth) (Sqd6),Djinn Battle Armor,(Stealth) (Sqd6),21,Infantry,0.75,313,3071
903,Dola DOL-1A,Dola,DOL-1A,18,BattleMech,30,911,3079
4086,Dola DOL-1A1,Dola,DOL-1A1,18,BattleMech,30,950,3082
4087,"Dola DOL-1A2 ""Yoh Ti Ts'ang""",Dola,"DOL-1A2 ""Yoh Ti Ts'ang""",18,BattleMech,30,826,3083
6678,Doloire DLR-O,Doloire,DLR-O,18,BattleMech,80,2561,3121
6679,Doloire DLR-OA,Doloire,DLR-OA,18,BattleMech,80,2218,3121
6680,Doloire DLR-OB,Doloire,DLR-OB,18,BattleMech,80,2836,3121
7636,Doloire DLR-OBLO,Doloire,DLR-OBLO,18,BattleMech,80,2441,3140
6681,Doloire DLR-OC,Doloire,DLR-OC,18,BattleMech,80,2242,3121
6682,Doloire DLR-OD,Doloire,DLR-OD,18,BattleMech,80,3071,3121
7434,Dominator  ,Dominator, ,18,BattleMech,65,3018,3148
7435,Dominator 2,Dominator,2,18,BattleMech,65,2906,3149
906,Donar Assault Helicopter  ,Donar Assault Helicopter, ,19,Combat Vehicle,21,915,3017
904,Donar Assault Helicopter (Close Support),Donar Assault Helicopter,(Close Support),19,Combat Vehicle,21,582,3066
905,Donar Assault Helicopter (Recon),Donar Assault Helicopter,(Recon),19,Combat Vehicle,21,808,3019
8394,Doom Courser A,Doom Courser,A,18,BattleMech,70,2139,3147
8395,Doom Courser B,Doom Courser,B,18,BattleMech,70,2091,3147
8396,Doom Courser C,Doom Courser,C,18,BattleMech,70,2147,3147
8397,Doom Courser D,Doom Courser,D,18,BattleMech,70,2453,3147
8393,Doom Courser Prime,Doom Courser,Prime,18,BattleMech,70,2283,3147
4089,Dragau II Assault Interceptor  ,Dragau II Assault Interceptor, ,17,Aerospace,2500,0,3085
6819,Dragau II Assault Interceptor (3097),Dragau II Assault Interceptor,(3097),17,Aerospace,2500,14573,3097
908,Dragon DRG-1C,Dragon,DRG-1C,18,BattleMech,60,1215,2752
909,Dragon DRG-1N,Dragon,DRG-1N,18,BattleMech,60,1125,2754
910,Dragon DRG-2Y (Yoriyoshi),Dragon,DRG-2Y (Yoriyoshi),18,BattleMech,60,1257,3025
911,Dragon DRG-5N,Dragon,DRG-5N,18,BattleMech,60,1223,3047
912,Dragon DRG-5Nr,Dragon,DRG-5Nr,18,BattleMech,60,1252,3076
5450,Dragon DRG-7N,Dragon,DRG-7N,18,BattleMech,60,1495,3063
913,Dragon Fire DGR-3F,Dragon Fire,DGR-3F,18,BattleMech,75,1855,3058
4090,Dragon Fire DGR-3F (Searcy II),Dragon Fire,DGR-3F (Searcy II),18,BattleMech,75,0,3062
4091,Dragon Fire DGR-3F (Searcy),Dragon Fire,DGR-3F (Searcy),18,BattleMech,75,0,3062
914,Dragon Fire DGR-4F,Dragon Fire,DGR-4F,18,BattleMech,75,1900,3060
915,Dragon Fire DGR-6FC,Dragon Fire,DGR-6FC,18,BattleMech,75,1858,3065
916,Dragon Fire DGR-6FC2 (Gregory),Dragon Fire,DGR-6FC2 (Gregory),18,BattleMech,75,2230,3067
6414,Dragon II DRG-11K,Dragon II,DRG-11K,18,BattleMech,65,1598,3099
6415,Dragon II DRG-11R,Dragon II,DRG-11R,18,BattleMech,65,2300,3102
8112,Dragon's Star  ,Dragon's Star, ,17,Aerospace,0,0,Unknown
4092,Dragonfire DG-05,Dragonfire,DG-05,17,Aerospace,75,1087,2406
917,Dragonfly (Viper) A,Dragonfly (Viper),A,18,BattleMech,40,1989,2940
918,Dragonfly (Viper) B,Dragonfly (Viper),B,18,BattleMech,40,1830,2940
919,Dragonfly (Viper) C,Dragonfly (Viper),C,18,BattleMech,40,1344,2940
920,Dragonfly (Viper) D,Dragonfly (Viper),D,18,BattleMech,40,1779,2940
921,Dragonfly (Viper) E,Dragonfly (Viper),E,18,BattleMech,40,1561,3060
922,Dragonfly (Viper) F,Dragonfly (Viper),F,18,BattleMech,40,1689,3070
923,Dragonfly (Viper) G,Dragonfly (Viper),G,18,BattleMech,40,1574,3071
924,Dragonfly (Viper) H,Dragonfly (Viper),H,18,BattleMech,40,1732,3062
925,Dragonfly (Viper) I,Dragonfly (Viper),I,18,BattleMech,40,1580,3068
7584,Dragonfly (Viper) J,Dragonfly (Viper),J,18,BattleMech,40,1259,3144
7585,Dragonfly (Viper) K,Dragonfly (Viper),K,18,BattleMech,40,1545,3147
7586,Dragonfly (Viper) L,Dragonfly (Viper),L,18,BattleMech,40,1417,3147
7587,Dragonfly (Viper) M,Dragonfly (Viper),M,18,BattleMech,40,2054,3149
926,Dragonfly (Viper) Prime,Dragonfly (Viper),Prime,18,BattleMech,40,1450,2940
7588,Dragonfly (Viper) R,Dragonfly (Viper),R,18,BattleMech,40,1335,3110
7583,Dragonfly (Viper) T,Dragonfly (Viper),T,18,BattleMech,40,1704,3142
927,Dragonfly (Viper) U,Dragonfly (Viper),U,18,BattleMech,40,1417,3077
5644,Dragonfly (Viper) Z,Dragonfly (Viper),Z,18,BattleMech,40,1692,3072
4093,Dragonfly MM-1,Dragonfly,MM-1,17,Aerospace,40,889,2574
4094,Dragonfly MM-2,Dragonfly,MM-2,17,Aerospace,40,0,2583
7766,Dragonstar  Assault Transport,Dragonstar ,Assault Transport,17,Aerospace,150,1175,3060
7767,Dragonstar Passenger Transport,Dragonstar,Passenger Transport,17,Aerospace,150,1205,2610
6780,Dragoon AEM-01,Dragoon,AEM-01,18,BattleMech,70,1669,2771
6781,Dragoon AEM-02,Dragoon,AEM-02,18,BattleMech,70,0,2771
6782,Dragoon AEM-03,Dragoon,AEM-03,18,BattleMech,70,0,2771
6783,Dragoon AEM-04,Dragoon,AEM-04,18,BattleMech,70,0,2771
7399,Dragoon AEM-05C,Dragoon,AEM-05C,18,BattleMech,70,1893,3136
9382,Dragoon Battle Armor (Advanced) (Sqd4),Dragoon Battle Armor,(Advanced) (Sqd4),21,Infantry,1,257,3072
9383,Dragoon Battle Armor (Advanced) (Sqd5),Dragoon Battle Armor,(Advanced) (Sqd5),21,Infantry,1,346,3072
9384,Dragoon Battle Armor (Advanced) (Sqd6),Dragoon Battle Armor,(Advanced) (Sqd6),21,Infantry,1,445,3072
9379,Dragoon Battle Armor (Sqd4),Dragoon Battle Armor,(Sqd4),21,Infantry,1,167,3072
9380,Dragoon Battle Armor (Sqd5),Dragoon Battle Armor,(Sqd5),21,Infantry,1,225,3072
9381,Dragoon Battle Armor (Sqd6),Dragoon Battle Armor,(Sqd6),21,Infantry,1,290,3072
4096,Drake Medium Stealth Fighter  ,Drake Medium Stealth Fighter, ,17,Aerospace,35,389,3087
928,Drake Medium Strike Fighter  ,Drake Medium Strike Fighter, ,17,Aerospace,35,452,3073
4098,Dreadnought Battleship (2330),Dreadnought Battleship,(2330),81,Advanced Aerospace,960000,104949,2300
5570,Dreadnought Mk II Land Train  ,Dreadnought Mk II Land Train, ,24,Support Vehicle,200,1057,3081
5571,Dreadnought Mk II Trailer Configuration #1,Dreadnought Mk II Trailer,Configuration #1,24,Support Vehicle,50,273,3081
5572,Dreadnought Mk II Trailer Configuration #2,Dreadnought Mk II Trailer,Configuration #2,24,Support Vehicle,50,234,3081
5573,Dreadnought Mk II Trailer Configuration #3,Dreadnought Mk II Trailer,Configuration #3,24,Support Vehicle,50,307,3081
5574,Dreadnought Mk II Trailer Configuration #4,Dreadnought Mk II Trailer,Configuration #4,24,Support Vehicle,50,291,3081
7605,Drift Shag  ,Drift Shag, ,18,BattleMech,30,1512,2827
932,Drillson Heavy Hover Tank  ,Drillson Heavy Hover Tank, ,19,Combat Vehicle,50,949,3025
929,Drillson Heavy Hover Tank (ERLL),Drillson Heavy Hover Tank,(ERLL),19,Combat Vehicle,50,960,3039
9472,Drillson Heavy Hover Tank (MML),Drillson Heavy Hover Tank,(MML),19,Combat Vehicle,50,910,3087
931,Drillson Heavy Hover Tank (SRM),Drillson Heavy Hover Tank,(SRM),19,Combat Vehicle,50,926,3028
930,Drillson Heavy Hover Tank (Sealed),Drillson Heavy Hover Tank,(Sealed),19,Combat Vehicle,50,870,3076
933,Drillson Heavy Hover Tank (Streak),Drillson Heavy Hover Tank,(Streak),19,Combat Vehicle,50,899,3053
9470,Drillson Heavy Hover Tank C,Drillson Heavy Hover Tank,C,19,Combat Vehicle,50,1295,3136
9471,Drillson Heavy Hover Tank C 2,Drillson Heavy Hover Tank,C 2,19,Combat Vehicle,50,1516,3138
7197,DroST Transport IIa (2445),DroST Transport,IIa (2445),17,Aerospace,5300,1986,2445
7199,DroST Transport IIa (2470),DroST Transport,IIa (2470),17,Aerospace,5300,2429,2470
7198,DroST Transport IIb (2445),DroST Transport,IIb (2445),17,Aerospace,5300,8471,2445
7200,DroST Transport IIb (2470),DroST Transport,IIb (2470),17,Aerospace,5300,9068,2470
4099,Dromedary Water Transport  ,Dromedary Water Transport, ,24,Support Vehicle,150,341,2562
7147,Drone M-3,Drone,M-3,17,Aerospace,4000,16459,2698
4100,Dropshuttle K-1,Dropshuttle,K-1,17,Aerospace,200,0,2536
4101,Dropshuttle K-1C,Dropshuttle,K-1C,17,Aerospace,200,0,2914
4103,Du Shi Wang Battleship  ,Du Shi Wang Battleship, ,81,Advanced Aerospace,900000,0,2380
6979,Duan Gung (Vaughn),Duan Gung,(Vaughn),18,BattleMech,25,851,3068
934,Duan Gung D9-G10,Duan Gung,D9-G10,18,BattleMech,25,886,3070
935,Duan Gung D9-G9,Duan Gung,D9-G9,18,BattleMech,25,737,3058
6696,Duat Military Transport  ,Duat Military Transport, ,17,Aerospace,8500,16695,3131
8139,Dugong Police Helicopter  ,Dugong Police Helicopter, ,24,Support Vehicle,0,0,Unknown
9226,Dune Buggy  ,Dune Buggy, ,24,Support Vehicle,0,0,Unknown
7409,Dunning Mobile Command Post,Dunning,Mobile Command Post,24,Support Vehicle,30,124,2317
4105,Durendal Destroyer  ,Durendal Destroyer, ,81,Advanced Aerospace,0,0,Unknown
936,Eagle EGL-1M,Eagle,EGL-1M,18,BattleMech,25,757,3058
937,Eagle EGL-2M,Eagle,EGL-2M,18,BattleMech,25,800,3058
938,Eagle EGL-3M,Eagle,EGL-3M,18,BattleMech,25,645,3076
4106,Eagle EGL-R1,Eagle,EGL-R1,17,Aerospace,75,1255,2324
4107,Eagle EGL-R10,Eagle,EGL-R10,17,Aerospace,75,1512,2684
4108,Eagle EGL-R11,Eagle,EGL-R11,17,Aerospace,75,1527,3071
4109,Eagle EGL-R4,Eagle,EGL-R4,17,Aerospace,75,1294,2492
4110,Eagle EGL-R6,Eagle,EGL-R6,17,Aerospace,75,1467,2501
939,Eagle EGL-R6b,Eagle,EGL-R6b,17,Aerospace,75,1677,2765
4111,Eagle EGL-R9,Eagle,EGL-R9,17,Aerospace,75,1458,2601
4112,Eagle Frigate  ,Eagle Frigate, ,81,Advanced Aerospace,620000,100282,3059
9227,Eagre Firefighting ATV  ,Eagre Firefighting ATV, ,24,Support Vehicle,0,0,Unknown
940,Ebony MEB-10,Ebony,MEB-10,18,BattleMech,25,1020,3081
941,Ebony MEB-11,Ebony,MEB-11,18,BattleMech,25,1135,3081
6942,Ebony MEB-12,Ebony,MEB-12,18,BattleMech,25,1837,3118
6943,Ebony MEB-13,Ebony,MEB-13,18,BattleMech,25,750,3137
942,Ebony MEB-9,Ebony,MEB-9,18,BattleMech,25,1012,3081
4113,Eckener Tanker Airship EC-1,Eckener Tanker Airship,EC-1,24,Support Vehicle,1000,0,2183
943,Eidolon C-EID-001,Eidolon,C-EID-001,18,BattleMech,55,1505,3077
5618,Eisenfaust EFT-2,Eisenfaust,EFT-2,18,BattleMech,45,715,2471
944,Eisenfaust EFT-4J,Eisenfaust,EFT-4J,18,BattleMech,45,977,2515
945,Eisenfaust EFT-7X,Eisenfaust,EFT-7X,18,BattleMech,45,1203,3076
946,Eisenfaust EFT-8X,Eisenfaust,EFT-8X,18,BattleMech,45,1039,3080
4114,Eisensturm EST-O,Eisensturm,EST-O,17,Aerospace,95,2773,3066
4116,Eisensturm EST-OA,Eisensturm,EST-OA,17,Aerospace,95,2636,3066
4117,Eisensturm EST-OB,Eisensturm,EST-OB,17,Aerospace,95,2499,3066
4118,Eisensturm EST-OC,Eisensturm,EST-OC,17,Aerospace,95,2155,3066
5761,Eisensturm EST-OD,Eisensturm,EST-OD,17,Aerospace,95,2712,3076
4119,Eisensturm EST-R3,Eisensturm,EST-R3,17,Aerospace,95,2773,3063
947,Eldingar Hover Sled  ,Eldingar Hover Sled, ,19,Combat Vehicle,50,1402,3081
6758,"Eldingar Hover Sled (HMMHV) ""HumHov""",Eldingar Hover Sled,"(HMMHV) ""HumHov""",19,Combat Vehicle,50,1289,3103
948,Eldingar Hover Sled (Streak),Eldingar Hover Sled,(Streak),19,Combat Vehicle,50,1843,3085
949,Elemental Battle Armor (Fire) [AP Gauss] (Sqd4),Elemental Battle Armor (Fire),[AP Gauss] (Sqd4),21,Infantry,1,428,3069
8486,Elemental Battle Armor (Fire) [AP Gauss] (Sqd5),Elemental Battle Armor (Fire),[AP Gauss] (Sqd5),21,Infantry,1,576,3069
8850,Elemental Battle Armor (Fire) [AP Gauss] (Sqd6),Elemental Battle Armor (Fire),[AP Gauss] (Sqd6),21,Infantry,1,740,3069
950,Elemental Battle Armor (Fire) [Flamer] (Sqd4),Elemental Battle Armor (Fire),[Flamer] (Sqd4),21,Infantry,1,299,3069
8487,Elemental Battle Armor (Fire) [Flamer] (Sqd5),Elemental Battle Armor (Fire),[Flamer] (Sqd5),21,Infantry,1,403,3069
8851,Elemental Battle Armor (Fire) [Flamer] (Sqd6),Elemental Battle Armor (Fire),[Flamer] (Sqd6),21,Infantry,1,518,3069
951,Elemental Battle Armor (Fire) [MicroPL] (Sqd4),Elemental Battle Armor (Fire),[MicroPL] (Sqd4),21,Infantry,1,355,3069
8488,Elemental Battle Armor (Fire) [MicroPL] (Sqd5),Elemental Battle Armor (Fire),[MicroPL] (Sqd5),21,Infantry,1,479,3069
8852,Elemental Battle Armor (Fire) [MicroPL] (Sqd6),Elemental Battle Armor (Fire),[MicroPL] (Sqd6),21,Infantry,1,615,3069
9253,Elemental Battle Armor (Headhunter) (Sqd3),Elemental Battle Armor (Headhunter),(Sqd3),21,Infantry,1,155,3050
952,Elemental Battle Armor (Headhunter) (Sqd4),Elemental Battle Armor (Headhunter),(Sqd4),21,Infantry,1,223,3050
8489,Elemental Battle Armor (Headhunter) (Sqd5),Elemental Battle Armor (Headhunter),(Sqd5),21,Infantry,1,300,3050
8853,Elemental Battle Armor (Headhunter) (Sqd6),Elemental Battle Armor (Headhunter),(Sqd6),21,Infantry,1,386,3050
953,Elemental Battle Armor (Space) [Flamer] (Sqd4),Elemental Battle Armor (Space),[Flamer] (Sqd4),21,Infantry,1,216,2903
8490,Elemental Battle Armor (Space) [Flamer] (Sqd5),Elemental Battle Armor (Space),[Flamer] (Sqd5),21,Infantry,1,291,2903
8854,Elemental Battle Armor (Space) [Flamer] (Sqd6),Elemental Battle Armor (Space),[Flamer] (Sqd6),21,Infantry,1,374,2903
954,Elemental Battle Armor (Space) [MG] (Sqd4),Elemental Battle Armor (Space),[MG] (Sqd4),21,Infantry,1,216,2903
8491,Elemental Battle Armor (Space) [MG] (Sqd5),Elemental Battle Armor (Space),[MG] (Sqd5),21,Infantry,1,291,2903
8855,Elemental Battle Armor (Space) [MG] (Sqd6),Elemental Battle Armor (Space),[MG] (Sqd6),21,Infantry,1,374,2903
955,Elemental Battle Armor (Space) [MicroPL] (Sqd4),Elemental Battle Armor (Space),[MicroPL] (Sqd4),21,Infantry,1,272,3066
8492,Elemental Battle Armor (Space) [MicroPL] (Sqd5),Elemental Battle Armor (Space),[MicroPL] (Sqd5),21,Infantry,1,366,3066
8856,Elemental Battle Armor (Space) [MicroPL] (Sqd6),Elemental Battle Armor (Space),[MicroPL] (Sqd6),21,Infantry,1,471,3066
9204,Elemental Battle Armor [AP Gauss] (Sqd3),Elemental Battle Armor,[AP Gauss] (Sqd3),21,Infantry,1,297,3069
956,Elemental Battle Armor [AP Gauss] (Sqd4),Elemental Battle Armor,[AP Gauss] (Sqd4),21,Infantry,1,428,3069
8493,Elemental Battle Armor [AP Gauss] (Sqd5),Elemental Battle Armor,[AP Gauss] (Sqd5),21,Infantry,1,577,3069
8857,Elemental Battle Armor [AP Gauss] (Sqd6),Elemental Battle Armor,[AP Gauss] (Sqd6),21,Infantry,1,742,3069
9205,Elemental Battle Armor [ERMicroL] (Sqd3),Elemental Battle Armor,[ERMicroL] (Sqd3),21,Infantry,1,219,3060
957,Elemental Battle Armor [ERMicroL] (Sqd4),Elemental Battle Armor,[ERMicroL] (Sqd4),21,Infantry,1,316,3060
8494,Elemental Battle Armor [ERMicroL] (Sqd5),Elemental Battle Armor,[ERMicroL] (Sqd5),21,Infantry,1,426,3060
8858,Elemental Battle Armor [ERMicroL] (Sqd6),Elemental Battle Armor,[ERMicroL] (Sqd6),21,Infantry,1,548,3060
9206,Elemental Battle Armor [Flamer] (Sqd3),Elemental Battle Armor,[Flamer] (Sqd3),21,Infantry,1,208,2868
958,Elemental Battle Armor [Flamer] (Sqd4),Elemental Battle Armor,[Flamer] (Sqd4),21,Infantry,1,300,2868
8495,Elemental Battle Armor [Flamer] (Sqd5),Elemental Battle Armor,[Flamer] (Sqd5),21,Infantry,1,404,2868
8859,Elemental Battle Armor [Flamer] (Sqd6),Elemental Battle Armor,[Flamer] (Sqd6),21,Infantry,1,520,2868
9207,Elemental Battle Armor [HMG] (Sqd3),Elemental Battle Armor,[HMG] (Sqd3),21,Infantry,1,213,3059
959,Elemental Battle Armor [HMG] (Sqd4),Elemental Battle Armor,[HMG] (Sqd4),21,Infantry,1,308,3059
8496,Elemental Battle Armor [HMG] (Sqd5),Elemental Battle Armor,[HMG] (Sqd5),21,Infantry,1,415,3059
8860,Elemental Battle Armor [HMG] (Sqd6),Elemental Battle Armor,[HMG] (Sqd6),21,Infantry,1,534,3059
9208,Elemental Battle Armor [Laser] (Sqd3),Elemental Battle Armor,[Laser] (Sqd3),21,Infantry,1,230,2868
960,Elemental Battle Armor [Laser] (Sqd4),Elemental Battle Armor,[Laser] (Sqd4),21,Infantry,1,332,2868
8497,Elemental Battle Armor [Laser] (Sqd5),Elemental Battle Armor,[Laser] (Sqd5),21,Infantry,1,447,2868
8861,Elemental Battle Armor [Laser] (Sqd6),Elemental Battle Armor,[Laser] (Sqd6),21,Infantry,1,575,2868
9210,Elemental Battle Armor [MG] (Sqd3),Elemental Battle Armor,[MG] (Sqd3),21,Infantry,1,208,2868
961,Elemental Battle Armor [MG] (Sqd4),Elemental Battle Armor,[MG] (Sqd4),21,Infantry,1,300,2868
8498,Elemental Battle Armor [MG] (Sqd5),Elemental Battle Armor,[MG] (Sqd5),21,Infantry,1,404,2868
8862,Elemental Battle Armor [MG] (Sqd6),Elemental Battle Armor,[MG] (Sqd6),21,Infantry,1,520,2868
9209,Elemental Battle Armor [MicroPL] (Sqd3),Elemental Battle Armor,[MicroPL] (Sqd3),21,Infantry,1,247,3060
962,Elemental Battle Armor [MicroPL] (Sqd4),Elemental Battle Armor,[MicroPL] (Sqd4),21,Infantry,1,356,3060
8499,Elemental Battle Armor [MicroPL] (Sqd5),Elemental Battle Armor,[MicroPL] (Sqd5),21,Infantry,1,480,3060
8863,Elemental Battle Armor [MicroPL] (Sqd6),Elemental Battle Armor,[MicroPL] (Sqd6),21,Infantry,1,617,3060
4123,Elemental II Battle Armor (Sqd4),Elemental II Battle Armor,(Sqd4),21,Infantry,1,354,3084
8616,Elemental II Battle Armor (Sqd5),Elemental II Battle Armor,(Sqd5),21,Infantry,1,477,3084
8980,Elemental II Battle Armor (Sqd6),Elemental II Battle Armor,(Sqd6),21,Infantry,1,613,3084
4124,Elemental II Battle Armor X (Sqd4),Elemental II Battle Armor,X (Sqd4),21,Infantry,1.5,230,3076
8617,Elemental II Battle Armor X (Sqd5),Elemental II Battle Armor,X (Sqd5),21,Infantry,1.5,310,3076
8981,Elemental II Battle Armor X (Sqd6),Elemental II Battle Armor,X (Sqd6),21,Infantry,1.5,399,3076
8456,Elemental III Battle Armor [AP Gauss] (Sqd4),Elemental III Battle Armor,[AP Gauss] (Sqd4),21,Infantry,1,396,3091
8834,Elemental III Battle Armor [AP Gauss] (Sqd5),Elemental III Battle Armor,[AP Gauss] (Sqd5),21,Infantry,1,532,3091
9197,Elemental III Battle Armor [AP Gauss] (Sqd6),Elemental III Battle Armor,[AP Gauss] (Sqd6),21,Infantry,1,684,3091
8457,Elemental III Battle Armor [Flamer] (Sqd4),Elemental III Battle Armor,[Flamer] (Sqd4),21,Infantry,1,266,3091
8835,Elemental III Battle Armor [Flamer] (Sqd5),Elemental III Battle Armor,[Flamer] (Sqd5),21,Infantry,1,357,3091
9198,Elemental III Battle Armor [Flamer] (Sqd6),Elemental III Battle Armor,[Flamer] (Sqd6),21,Infantry,1,459,3091
8458,Elemental III Battle Armor [MicroPL] (Sqd4),Elemental III Battle Armor,[MicroPL] (Sqd4),21,Infantry,1,323,3091
8836,Elemental III Battle Armor [MicroPL] (Sqd5),Elemental III Battle Armor,[MicroPL] (Sqd5),21,Infantry,1,434,3091
9199,Elemental III Battle Armor [MicroPL] (Sqd6),Elemental III Battle Armor,[MicroPL] (Sqd6),21,Infantry,1,558,3091
4211,Elite Series 3 Land Train (Tractor),Elite Series 3 Land Train,(Tractor),24,Support Vehicle,200,0,2899
4212,Elite Series 3T Land Train (Trailer),Elite Series 3T Land Train,(Trailer),24,Support Vehicle,50,0,2899
7186,Emperor EMP-1A,Emperor,EMP-1A,18,BattleMech,90,1453,2442
963,Emperor EMP-5A,Emperor,EMP-5A,18,BattleMech,90,1830,2502
964,Emperor EMP-6A,Emperor,EMP-6A,18,BattleMech,90,1969,2612
965,Emperor EMP-6A (Nerran),Emperor,EMP-6A (Nerran),18,BattleMech,90,2247,3064
7685,Emperor EMP-6A-EC,Emperor,EMP-6A-EC,18,BattleMech,90,2165,2826
966,Emperor EMP-6D,Emperor,EMP-6D,18,BattleMech,90,2382,3069
967,Emperor EMP-6L,Emperor,EMP-6L,18,BattleMech,90,2681,3069
968,Emperor EMP-6M,Emperor,EMP-6M,18,BattleMech,90,2090,3069
5595,Emperor EMP-6M2,Emperor,EMP-6M2,18,BattleMech,90,0,3083
969,"Emperor EMP-6ME ""Mercury Elite""",Emperor,"EMP-6ME ""Mercury Elite""",18,BattleMech,90,2004,3075
970,Emperor EMP-6S,Emperor,EMP-6S,18,BattleMech,90,2065,3069
971,Emperor EMP-7L,Emperor,EMP-7L,18,BattleMech,90,2179,3069
6851,Emperor EMP-8L,Emperor,EMP-8L,18,BattleMech,90,2385,3135
972,Enfield END-6J,Enfield,END-6J,18,BattleMech,50,1417,3060
7679,Enfield END-6J-EC,Enfield,END-6J-EC,18,BattleMech,50,1470,2825
973,Enfield END-6Q,Enfield,END-6Q,18,BattleMech,50,1248,3055
974,Enfield END-6S,Enfield,END-6S,18,BattleMech,50,1413,3070
975,Enfield END-6Sr,Enfield,END-6Sr,18,BattleMech,50,1361,3072
976,Enforcer ENF-4R,Enforcer,ENF-4R,18,BattleMech,50,1032,2777
977,Enforcer ENF-4R (Daniel),Enforcer,ENF-4R (Daniel),18,BattleMech,50,1357,3039
978,Enforcer ENF-5D,Enforcer,ENF-5D,18,BattleMech,50,1308,3050
979,Enforcer ENF-5D (Daniel),Enforcer,ENF-5D (Daniel),18,BattleMech,50,1738,3054
8249,Enforcer ENF-5R,Enforcer,ENF-5R,18,BattleMech,50,1192,3142
980,Enforcer III ENF-6G,Enforcer III,ENF-6G,18,BattleMech,50,1858,3062
981,Enforcer III ENF-6H,Enforcer III,ENF-6H,18,BattleMech,50,1603,3064
982,Enforcer III ENF-6M,Enforcer III,ENF-6M,18,BattleMech,50,1460,3059
983,Enforcer III ENF-6Ma,Enforcer III,ENF-6Ma,18,BattleMech,50,1275,3065
984,Enforcer III ENF-6NAIS,Enforcer III,ENF-6NAIS,18,BattleMech,50,1475,3074
7985,Enforcer III ENF-6R,Enforcer III,ENF-6R,18,BattleMech,50,1694,3102
985,Enforcer III ENF-6T,Enforcer III,ENF-6T,18,BattleMech,50,1720,3062
986,Enforcer III ENF-7C3BS,Enforcer III,ENF-7C3BS,18,BattleMech,50,1687,3075
7296,Enforcer III ENF-7D,Enforcer III,ENF-7D,18,BattleMech,50,1495,3104
987,Enforcer III ENF-7X MUSE COMPACT,Enforcer III,ENF-7X MUSE COMPACT,18,BattleMech,50,1670,3074
990,Engineering Vehicle  ,Engineering Vehicle, ,19,Combat Vehicle,40,194,2570
988,Engineering Vehicle (AC),Engineering Vehicle,(AC),19,Combat Vehicle,40,423,2570
989,Engineering Vehicle (Flamer),Engineering Vehicle,(Flamer),19,Combat Vehicle,40,196,2570
5858,Enterprise Super Carrier  ,Enterprise Super Carrier, ,81,Advanced Aerospace,1600000,0,2745
4127,Enyo Strike Tank  ,Enyo Strike Tank, ,19,Combat Vehicle,55,1527,3063
4126,Enyo Strike Tank (ER Pulse),Enyo Strike Tank,(ER Pulse),19,Combat Vehicle,55,1130,3083
5732,"Enyo Strike Tank (LB-X) ""Sholef""",Enyo Strike Tank,"(LB-X) ""Sholef""",19,Combat Vehicle,55,1527,3075
4128,Enyo Strike Tank XR,Enyo Strike Tank,XR,19,Combat Vehicle,55,1144,3075
4129,Epimetheus Prime,Epimetheus,Prime,18,BattleMech,80,2517,3053
991,Epona Pursuit Tank A,Epona Pursuit Tank,A,19,Combat Vehicle,50,1976,2884
992,Epona Pursuit Tank B,Epona Pursuit Tank,B,19,Combat Vehicle,50,1255,2884
993,Epona Pursuit Tank C,Epona Pursuit Tank,C,19,Combat Vehicle,50,1563,2884
994,Epona Pursuit Tank D,Epona Pursuit Tank,D,19,Combat Vehicle,50,1773,3068
995,Epona Pursuit Tank E,Epona Pursuit Tank,E,19,Combat Vehicle,50,1436,3070
996,Epona Pursuit Tank Prime,Epona Pursuit Tank,Prime,19,Combat Vehicle,50,1477,2884
4131,Erinyes  ,Erinyes, ,23,Protomech,2,67,3062
4132,Erinyes 2,Erinyes,2,23,Protomech,2,52,3064
4133,Erinyes 3,Erinyes,3,23,Protomech,2,64,3072
9328,Eris ERS-2H,Eris,ERS-2H,18,BattleMech,50,1674,3142
8251,Eris ERS-2N,Eris,ERS-2N,18,BattleMech,50,1400,3115
8252,Eris ERS-3R,Eris,ERS-3R,18,BattleMech,50,1868,3130
4134,Escape Pod  ,Escape Pod, ,17,Aerospace,5,0,2647
4136,Essex Destroyer (2711),Essex Destroyer,(2711),81,Advanced Aerospace,620000,60935,2711
6992,Essex Destroyer (Block I),Essex Destroyer,(Block I),81,Advanced Aerospace,560000,33282,2351
4137,Essex Destroyer (Clan),Essex Destroyer,(Clan),81,Advanced Aerospace,620000,0,2862
4139,Estevez MBT  ,Estevez MBT, ,24,Support Vehicle,80,647,2310
4138,Estevez MBT (Anti-Aircraft),Estevez MBT,(Anti-Aircraft),24,Support Vehicle,80,571,2360
9390,Eurus MBT A,Eurus MBT,A,19,Combat Vehicle,60,1986,3146
9391,Eurus MBT B,Eurus MBT,B,19,Combat Vehicle,60,2147,3146
9392,Eurus MBT C,Eurus MBT,C,19,Combat Vehicle,60,1856,3146
9393,Eurus MBT D,Eurus MBT,D,19,Combat Vehicle,60,1770,3146
9389,Eurus MBT Prime,Eurus MBT,Prime,19,Combat Vehicle,60,1668,3146
4141,Excalibur (2786),Excalibur,(2786),17,Aerospace,16000,0,2786
997,Excalibur EXC-B1,Excalibur,EXC-B1,18,BattleMech,70,1549,2619
998,Excalibur EXC-B2,Excalibur,EXC-B2,18,BattleMech,70,1533,2620
999,Excalibur EXC-B2b,Excalibur,EXC-B2b,18,BattleMech,70,1715,2735
7683,Excalibur EXC-B2b-EC,Excalibur,EXC-B2b-EC,18,BattleMech,70,2008,2825
1000,Excalibur EXC-C1,Excalibur,EXC-C1,18,BattleMech,70,1637,3058
1001,Excalibur EXC-C1 (Cernunnos),Excalibur,EXC-C1 (Cernunnos),18,BattleMech,70,1778,3062
1002,Excalibur EXC-CS,Excalibur,EXC-CS,18,BattleMech,70,2174,3067
1003,Excalibur EXC-D1,Excalibur,EXC-D1,18,BattleMech,70,1949,3067
4143,Exeter Excelsior Turbofan Cruiser LE,Exeter Excelsior Turbofan Cruiser,LE,24,Support Vehicle,0,0,3051
6410,Exhumer EXR-2X,Exhumer,EXR-2X,18,BattleMech,55,1468,3129
6411,Exhumer EXR-3P,Exhumer,EXR-3P,18,BattleMech,55,1469,3131
7840,Exo HMX-1 HaulerMech,Exo,HMX-1 HaulerMech,20,IndustrialMech,10,96,3081
7841,Exo HMX-2 HaulerMech,Exo,HMX-2 HaulerMech,20,IndustrialMech,10,98,3082
7842,Exo HMX-3 HaulerMech,Exo,HMX-3 HaulerMech,20,IndustrialMech,10,107,3082
7843,Exo HMX-3M HaulerMech,Exo,HMX-3M HaulerMech,20,IndustrialMech,10,108,3132
4145,Explorer JumpShip  ,Explorer JumpShip, ,81,Advanced Aerospace,50000,0,2703
4144,Explorer JumpShip (HPG),Explorer JumpShip,(HPG),81,Advanced Aerospace,50000,0,2780
4147,Exterminator EXT-4A,Exterminator,EXT-4A,18,BattleMech,65,1372,3007
4148,Exterminator EXT-4C,Exterminator,EXT-4C,18,BattleMech,65,1420,2630
1004,Exterminator EXT-4D,Exterminator,EXT-4D,18,BattleMech,65,1385,2630
7321,Exterminator EXT-4DX,Exterminator,EXT-4DX,18,BattleMech,65,1794,2754
1005,Exterminator EXT-4Db,Exterminator,EXT-4Db,18,BattleMech,65,1694,2718
7682,Exterminator EXT-4Db-EC,Exterminator,EXT-4Db-EC,18,BattleMech,65,1611,2819
1006,Exterminator EXT-5E,Exterminator,EXT-5E,18,BattleMech,65,1532,3060
1007,Exterminator EXT-5F,Exterminator,EXT-5F,18,BattleMech,65,1485,3074
5551,Exterminator EXT-6CS,Exterminator,EXT-6CS,18,BattleMech,65,1592,3079
8161,Exterminator EXT-7X,Exterminator,EXT-7X,18,BattleMech,65,1674,3148
1008,Eyleuka EYL-35A,Eyleuka,EYL-35A,18,BattleMech,55,1484,3069
1009,Eyleuka EYL-45A,Eyleuka,EYL-45A,18,BattleMech,55,1387,3069
1010,Eyleuka EYL-45B,Eyleuka,EYL-45B,18,BattleMech,55,1615,3075
1011,Eyleuka EYL-4A,Eyleuka,EYL-4A,18,BattleMech,55,1571,3068
6263,Eyrie,Eyrie,,18,BattleMech,35,1401,3087
4165,FIGYEL II Science Satellite  ,FIGYEL II Science Satellite, ,79,Advanced Support,22,0,3045
1012,Fa Shih Battle Armor (Support) [King David] (Sqd4),Fa Shih Battle Armor (Support),[King David] (Sqd4),21,Infantry,1,185,3074
8500,Fa Shih Battle Armor (Support) [King David] (Sqd5),Fa Shih Battle Armor (Support),[King David] (Sqd5),21,Infantry,1,249,3074
8864,Fa Shih Battle Armor (Support) [King David] (Sqd6),Fa Shih Battle Armor (Support),[King David] (Sqd6),21,Infantry,1,320,3074
1013,Fa Shih Battle Armor (Support) [Plasma] (Sqd4),Fa Shih Battle Armor (Support),[Plasma] (Sqd4),21,Infantry,1,225,3074
8501,Fa Shih Battle Armor (Support) [Plasma] (Sqd5),Fa Shih Battle Armor (Support),[Plasma] (Sqd5),21,Infantry,1,303,3074
8865,Fa Shih Battle Armor (Support) [Plasma] (Sqd6),Fa Shih Battle Armor (Support),[Plasma] (Sqd6),21,Infantry,1,390,3074
1019,Fa Shih Battle Armor 2 [MG] (Sqd4),Fa Shih Battle Armor 2,[MG] (Sqd4),21,Infantry,1,150,3078
8507,Fa Shih Battle Armor 2 [MG] (Sqd5),Fa Shih Battle Armor 2,[MG] (Sqd5),21,Infantry,1,203,3078
8871,Fa Shih Battle Armor 2 [MG] (Sqd6),Fa Shih Battle Armor 2,[MG] (Sqd6),21,Infantry,1,260,3078
1014,Fa Shih Battle Armor [Flamer] (Sqd4),Fa Shih Battle Armor,[Flamer] (Sqd4),21,Infantry,1,201,3062
8502,Fa Shih Battle Armor [Flamer] (Sqd5),Fa Shih Battle Armor,[Flamer] (Sqd5),21,Infantry,1,271,3062
8866,Fa Shih Battle Armor [Flamer] (Sqd6),Fa Shih Battle Armor,[Flamer] (Sqd6),21,Infantry,1,348,3062
1016,Fa Shih Battle Armor [LRR] (Sqd4),Fa Shih Battle Armor,[LRR] (Sqd4),21,Infantry,1,257,3062
8504,Fa Shih Battle Armor [LRR] (Sqd5),Fa Shih Battle Armor,[LRR] (Sqd5),21,Infantry,1,346,3062
8868,Fa Shih Battle Armor [LRR] (Sqd6),Fa Shih Battle Armor,[LRR] (Sqd6),21,Infantry,1,445,3062
1015,Fa Shih Battle Armor [Laser] (Sqd4),Fa Shih Battle Armor,[Laser] (Sqd4),21,Infantry,1,233,3062
8503,Fa Shih Battle Armor [Laser] (Sqd5),Fa Shih Battle Armor,[Laser] (Sqd5),21,Infantry,1,314,3062
8867,Fa Shih Battle Armor [Laser] (Sqd6),Fa Shih Battle Armor,[Laser] (Sqd6),21,Infantry,1,404,3062
1017,Fa Shih Battle Armor [MG] (Sqd4),Fa Shih Battle Armor,[MG] (Sqd4),21,Infantry,1,201,3062
8505,Fa Shih Battle Armor [MG] (Sqd5),Fa Shih Battle Armor,[MG] (Sqd5),21,Infantry,1,271,3062
8869,Fa Shih Battle Armor [MG] (Sqd6),Fa Shih Battle Armor,[MG] (Sqd6),21,Infantry,1,348,3062
1018,Fa Shih Battle Armor [TAG] (Sqd4),Fa Shih Battle Armor,[TAG] (Sqd4),21,Infantry,1,161,3062
8506,Fa Shih Battle Armor [TAG] (Sqd5),Fa Shih Battle Armor,[TAG] (Sqd5),21,Infantry,1,217,3062
8870,Fa Shih Battle Armor [TAG] (Sqd6),Fa Shih Battle Armor,[TAG] (Sqd6),21,Infantry,1,279,3062
1020,Fafnir FNR-4A (Peter),Fafnir,FNR-4A (Peter),18,BattleMech,100,2458,3068
4152,Fafnir FNR-5,Fafnir,FNR-5,18,BattleMech,100,2636,3063
4153,Fafnir FNR-5B,Fafnir,FNR-5B,18,BattleMech,100,2625,3065
5719,Fafnir FNR-5WB,Fafnir,FNR-5WB,18,BattleMech,100,2449,3073
1021,Fafnir FNR-5X,Fafnir,FNR-5X,18,BattleMech,100,2610,3078
5720,Fafnir FNR-6U,Fafnir,FNR-6U,18,BattleMech,100,2234,3081
1022,Falcon FLC-4N,Falcon,FLC-4N,18,BattleMech,30,610,2582
1023,Falcon FLC-4Nb,Falcon,FLC-4Nb,18,BattleMech,30,947,2776
1024,Falcon FLC-4Nb (Saho),Falcon,FLC-4Nb (Saho),18,BattleMech,30,774,2801
1025,Falcon FLC-4Nb-PP,Falcon,FLC-4Nb-PP,18,BattleMech,30,881,2792
1026,Falcon FLC-4Nb-PP2,Falcon,FLC-4Nb-PP2,18,BattleMech,30,947,2795
1027,Falcon FLC-4P,Falcon,FLC-4P,18,BattleMech,30,649,3050
1028,Falcon FLC-5P,Falcon,FLC-5P,18,BattleMech,30,945,3065
1029,Falcon FLC-6C,Falcon,FLC-6C,18,BattleMech,30,1290,3065
1030,Falcon Hawk FNHK-9K,Falcon Hawk,FNHK-9K,18,BattleMech,35,1030,3057
1031,Falcon Hawk FNHK-9K1A,Falcon Hawk,FNHK-9K1A,18,BattleMech,35,1040,3057
1032,Falcon Hawk FNHK-9K1B,Falcon Hawk,FNHK-9K1B,18,BattleMech,35,1116,3063
4154,Falcon Hover Tank   ,Falcon Hover Tank,  ,19,Combat Vehicle,50,676,3023
1033,Falconer FLC-8R,Falconer,FLC-8R,18,BattleMech,75,2231,3053
1034,Falconer FLC-9R,Falconer,FLC-9R,18,BattleMech,75,1979,3075
4155,Farley Speeders,Farley Speeders,,24,Support Vehicle,0,0,Unknown
4156,Farragut Battleship  ,Farragut Battleship, ,81,Advanced Aerospace,1680000,0,2448
5802,Faslane Yardship  ,Faslane Yardship, ,81,Advanced Aerospace,550000,22659,2882
1035,Fast Recon  ,Fast Recon, ,21,Infantry,20,188,2825
4159,Feicui Aircar  ,Feicui Aircar, ,24,Support Vehicle,0,0,3018
4160,Feng Huang Cruiser  ,Feng Huang Cruiser, ,81,Advanced Aerospace,970000,0,3058
1036,Fennec FEC-1CM,Fennec,FEC-1CM,18,BattleMech,55,1395,3080
1037,Fennec FEC-3C,Fennec,FEC-3C,18,BattleMech,55,1551,3087
6900,Fennec FEC-5CM,Fennec,FEC-5CM,18,BattleMech,55,1445,3133
4162,"Fenrir Battle Armor ""Longshot"" (Sqd4)","Fenrir Battle Armor ""Longshot""",(Sqd4),21,Infantry,2,624,3076
8618,"Fenrir Battle Armor ""Longshot"" (Sqd5)","Fenrir Battle Armor ""Longshot""",(Sqd5),21,Infantry,2,840,3076
8982,"Fenrir Battle Armor ""Longshot"" (Sqd6)","Fenrir Battle Armor ""Longshot""",(Sqd6),21,Infantry,2,1080,3076
1038,Fenrir Battle Armor [ERML] (Sqd4),Fenrir Battle Armor,[ERML] (Sqd4),21,Infantry,2,368,3064
8508,Fenrir Battle Armor [ERML] (Sqd5),Fenrir Battle Armor,[ERML] (Sqd5),21,Infantry,2,495,3064
8872,Fenrir Battle Armor [ERML] (Sqd6),Fenrir Battle Armor,[ERML] (Sqd6),21,Infantry,2,637,3064
1039,Fenrir Battle Armor [MG] (Sqd4),Fenrir Battle Armor,[MG] (Sqd4),21,Infantry,2,153,3060
8509,Fenrir Battle Armor [MG] (Sqd5),Fenrir Battle Armor,[MG] (Sqd5),21,Infantry,2,206,3060
8873,Fenrir Battle Armor [MG] (Sqd6),Fenrir Battle Armor,[MG] (Sqd6),21,Infantry,2,265,3060
1041,Fenrir Battle Armor [MPL] (Sqd4),Fenrir Battle Armor,[MPL] (Sqd4),21,Infantry,2,304,3060
8511,Fenrir Battle Armor [MPL] (Sqd5),Fenrir Battle Armor,[MPL] (Sqd5),21,Infantry,2,409,3060
8875,Fenrir Battle Armor [MPL] (Sqd6),Fenrir Battle Armor,[MPL] (Sqd6),21,Infantry,2,526,3060
1040,Fenrir Battle Armor [Mortar] (Sqd4),Fenrir Battle Armor,[Mortar] (Sqd4),21,Infantry,2,185,3064
8510,Fenrir Battle Armor [Mortar] (Sqd5),Fenrir Battle Armor,[Mortar] (Sqd5),21,Infantry,2,249,3064
8874,Fenrir Battle Armor [Mortar] (Sqd6),Fenrir Battle Armor,[Mortar] (Sqd6),21,Infantry,2,320,3064
1042,Fenrir Battle Armor [SL] (Sqd4),Fenrir Battle Armor,[SL] (Sqd4),21,Infantry,2,208,3060
8512,Fenrir Battle Armor [SL] (Sqd5),Fenrir Battle Armor,[SL] (Sqd5),21,Infantry,2,280,3060
8876,Fenrir Battle Armor [SL] (Sqd6),Fenrir Battle Armor,[SL] (Sqd6),21,Infantry,2,360,3060
1043,Fenrir Battle Armor [SPL] (Sqd4),Fenrir Battle Armor,[SPL] (Sqd4),21,Infantry,2,194,3060
8513,Fenrir Battle Armor [SPL] (Sqd5),Fenrir Battle Armor,[SPL] (Sqd5),21,Infantry,2,261,3060
8877,Fenrir Battle Armor [SPL] (Sqd6),Fenrir Battle Armor,[SPL] (Sqd6),21,Infantry,2,336,3060
1044,Fenrir Battle Armor [SRM] (Sqd4),Fenrir Battle Armor,[SRM] (Sqd4),21,Infantry,2,266,3060
8514,Fenrir Battle Armor [SRM] (Sqd5),Fenrir Battle Armor,[SRM] (Sqd5),21,Infantry,2,359,3060
8878,Fenrir Battle Armor [SRM] (Sqd6),Fenrir Battle Armor,[SRM] (Sqd6),21,Infantry,2,461,3060
1045,Fenrir Battle Armor [VSP] (Sqd4),Fenrir Battle Armor,[VSP] (Sqd4),21,Infantry,2,189,3071
8515,Fenrir Battle Armor [VSP] (Sqd5),Fenrir Battle Armor,[VSP] (Sqd5),21,Infantry,2,255,3071
8879,Fenrir Battle Armor [VSP] (Sqd6),Fenrir Battle Armor,[VSP] (Sqd6),21,Infantry,2,328,3071
6593,Fenrir II Assault Battle Armor [AI] (Sqd4),Fenrir II Assault Battle Armor,[AI] (Sqd4),21,Infantry,2,344,3119
8773,Fenrir II Assault Battle Armor [AI] (Sqd5),Fenrir II Assault Battle Armor,[AI] (Sqd5),21,Infantry,2,462,3119
9136,Fenrir II Assault Battle Armor [AI] (Sqd6),Fenrir II Assault Battle Armor,[AI] (Sqd6),21,Infantry,2,592,3119
6591,Fenrir II Assault Battle Armor [LRM] (Sqd4),Fenrir II Assault Battle Armor,[LRM] (Sqd4),21,Infantry,2,464,3119
8771,Fenrir II Assault Battle Armor [LRM] (Sqd5),Fenrir II Assault Battle Armor,[LRM] (Sqd5),21,Infantry,2,624,3119
9134,Fenrir II Assault Battle Armor [LRM] (Sqd6),Fenrir II Assault Battle Armor,[LRM] (Sqd6),21,Infantry,2,802,3119
6589,Fenrir II Assault Battle Armor [ML] (Sqd4),Fenrir II Assault Battle Armor,[ML] (Sqd4),21,Infantry,2,456,3119
8769,Fenrir II Assault Battle Armor [ML] (Sqd5),Fenrir II Assault Battle Armor,[ML] (Sqd5),21,Infantry,2,613,3119
9132,Fenrir II Assault Battle Armor [ML] (Sqd6),Fenrir II Assault Battle Armor,[ML] (Sqd6),21,Infantry,2,789,3119
6590,Fenrir II Assault Battle Armor [MRR] (Sqd4),Fenrir II Assault Battle Armor,[MRR] (Sqd4),21,Infantry,2,424,3119
8770,Fenrir II Assault Battle Armor [MRR] (Sqd5),Fenrir II Assault Battle Armor,[MRR] (Sqd5),21,Infantry,2,570,3119
9133,Fenrir II Assault Battle Armor [MRR] (Sqd6),Fenrir II Assault Battle Armor,[MRR] (Sqd6),21,Infantry,2,733,3119
6592,Fenrir II Assault Battle Armor [SRM] (Sqd4),Fenrir II Assault Battle Armor,[SRM] (Sqd4),21,Infantry,2,467,3119
8772,Fenrir II Assault Battle Armor [SRM] (Sqd5),Fenrir II Assault Battle Armor,[SRM] (Sqd5),21,Infantry,2,628,3119
9135,Fenrir II Assault Battle Armor [SRM] (Sqd6),Fenrir II Assault Battle Armor,[SRM] (Sqd6),21,Infantry,2,808,3119
1046,Fenris (Ice Ferret) A,Fenris (Ice Ferret),A,18,BattleMech,45,1323,2948
1047,Fenris (Ice Ferret) B,Fenris (Ice Ferret),B,18,BattleMech,45,1461,2948
1048,Fenris (Ice Ferret) C,Fenris (Ice Ferret),C,18,BattleMech,45,1211,2948
1049,Fenris (Ice Ferret) D,Fenris (Ice Ferret),D,18,BattleMech,45,1653,2948
1050,Fenris (Ice Ferret) E,Fenris (Ice Ferret),E,18,BattleMech,45,1483,3059
7508,Fenris (Ice Ferret) F,Fenris (Ice Ferret),F,18,BattleMech,45,1771,3084
7507,Fenris (Ice Ferret) G,Fenris (Ice Ferret),G,18,BattleMech,45,1196,3088
1051,Fenris (Ice Ferret) H,Fenris (Ice Ferret),H,18,BattleMech,45,1619,3061
7506,Fenris (Ice Ferret) I,Fenris (Ice Ferret),I,18,BattleMech,45,1096,3099
7505,Fenris (Ice Ferret) J,Fenris (Ice Ferret),J,18,BattleMech,45,1771,3120
7504,Fenris (Ice Ferret) K,Fenris (Ice Ferret),K,18,BattleMech,45,1769,3135
1052,Fenris (Ice Ferret) L,Fenris (Ice Ferret),L,18,BattleMech,45,1380,3069
1053,Fenris (Ice Ferret) Prime,Fenris (Ice Ferret),Prime,18,BattleMech,45,1678,2948
7503,Fenris (Ice Ferret) T,Fenris (Ice Ferret),T,18,BattleMech,45,1825,3142
1054,Fenris (Ice Ferret) U,Fenris (Ice Ferret),U,18,BattleMech,45,1549,3077
1057,Fensalir Combat WiGE  ,Fensalir Combat WiGE, ,19,Combat Vehicle,80,1643,3084
8038,Fensalir Combat WiGE (3132 Upgrade),Fensalir Combat WiGE,(3132 Upgrade),19,Combat Vehicle,80,1695,3132
8039,Fensalir Combat WiGE (3137 Upgrade),Fensalir Combat WiGE,(3137 Upgrade),19,Combat Vehicle,80,1468,3137
1055,Fensalir Combat WiGE (HAG),Fensalir Combat WiGE,(HAG),19,Combat Vehicle,80,2356,3084
1056,Fensalir Combat WiGE (Infantry),Fensalir Combat WiGE,(Infantry),19,Combat Vehicle,80,1379,3084
8040,Fensalir Combat WiGE (Stealth),Fensalir Combat WiGE,(Stealth),19,Combat Vehicle,80,1751,3141
5789,Fensalir Combat WiGE (XXL),Fensalir Combat WiGE,(XXL),19,Combat Vehicle,80,1513,3084
1060,Ferret Light Scout VTOL  ,Ferret Light Scout VTOL, ,19,Combat Vehicle,5,58,2904
5605,"Ferret Light Scout VTOL ""Fermi""",Ferret Light Scout VTOL,"""Fermi""",19,Combat Vehicle,5,108,3076
1058,"Ferret Light Scout VTOL (Armor) ""Wild Weasel""",Ferret Light Scout VTOL,"(Armor) ""Wild Weasel""",19,Combat Vehicle,5,103,2967
1059,Ferret Light Scout VTOL (Cargo),Ferret Light Scout VTOL,(Cargo),19,Combat Vehicle,5,17,2972
5538,Ferret Light Scout VTOL (Sensor),Ferret Light Scout VTOL,(Sensor),19,Combat Vehicle,5,0,2901
1061,Field Gun Infantry  ,Field Gun Infantry, ,21,Infantry,42.5,310,3068
8410,Field Gun Infantry Platoon (AC/10),Field Gun Infantry Platoon,(AC/10),21,Infantry,32,234,2500
1062,Field Medic  ,Field Medic, ,21,Infantry,1,19,2500
1063,Fire Falcon A,Fire Falcon,A,18,BattleMech,25,822,3052
1064,Fire Falcon B,Fire Falcon,B,18,BattleMech,25,1570,3052
1065,Fire Falcon C,Fire Falcon,C,18,BattleMech,25,1004,3052
1066,Fire Falcon D,Fire Falcon,D,18,BattleMech,25,826,3052
1067,Fire Falcon E,Fire Falcon,E,18,BattleMech,25,1094,3061
1068,Fire Falcon F,Fire Falcon,F,18,BattleMech,25,1135,3072
8180,Fire Falcon G,Fire Falcon,G,18,BattleMech,25,1269,3113
1069,Fire Falcon H,Fire Falcon,H,18,BattleMech,25,1162,3062
8181,Fire Falcon I,Fire Falcon,I,18,BattleMech,25,1678,3134
8182,Fire Falcon L,Fire Falcon,L,18,BattleMech,25,1665,3134
1070,Fire Falcon Prime,Fire Falcon,Prime,18,BattleMech,25,1451,3052
8183,Fire Falcon R,Fire Falcon,R,18,BattleMech,25,846,3142
8179,Fire Falcon T,Fire Falcon,T,18,BattleMech,25,1661,3142
1071,Fire Scorpion  ,Fire Scorpion, ,18,BattleMech,65,1546,2852
5651,Fire Scorpion (Original),Fire Scorpion,(Original),18,BattleMech,65,0,2834
1072,Fire Scorpion 2,Fire Scorpion,2,18,BattleMech,65,1749,3060
1073,Fire Scorpion 3,Fire Scorpion,3,18,BattleMech,65,1904,3071
5521,Fire-Mission Remote Missile Launcher  ,Fire-Mission Remote Missile Launcher, ,97,Building,21,0,Unknown
1074,Fireball ALM-10D,Fireball,ALM-10D,18,BattleMech,20,957,3076
1075,Fireball ALM-7D,Fireball,ALM-7D,18,BattleMech,20,385,3053
1076,Fireball ALM-8D,Fireball,ALM-8D,18,BattleMech,20,574,3054
1077,Fireball ALM-9D,Fireball,ALM-9D,18,BattleMech,20,527,3054
5781,Fireball ALM-XF,Fireball,ALM-XF,18,BattleMech,20,612,3077
1078,Firebee FRB-1E (WAM-B),Firebee,FRB-1E (WAM-B),18,BattleMech,35,514,2483
1079,Firebee FRB-2E,Firebee,FRB-2E,18,BattleMech,35,808,2524
1080,Firebee FRB-3E,Firebee,FRB-3E,18,BattleMech,35,1067,3071
4168,Firebee WAM-A,Firebee,WAM-A,18,BattleMech,30,0,2472
7838,Firebee WI-WAM MilitiaMech,Firebee,WI-WAM MilitiaMech,20,IndustrialMech,35,456,3133
4170,Firebird FR-1,Firebird,FR-1,17,Aerospace,45,403,2390
4171,Firebringer Drop Shuttle,Firebringer Drop Shuttle,,17,Aerospace,1000,0,2455
1081,Firefighter  ,Firefighter, ,21,Infantry,5,74,3060
1082,Firefly C,Firefly,C,18,BattleMech,30,1290,2839
4172,Firefly FFL-3A,Firefly,FFL-3A,18,BattleMech,30,797,2679
1083,Firefly FFL-3PP,Firefly,FFL-3PP,18,BattleMech,30,888,2801
1084,Firefly FFL-3PP2,Firefly,FFL-3PP2,18,BattleMech,30,873,2801
1085,Firefly FFL-3PP3,Firefly,FFL-3PP3,18,BattleMech,30,808,2801
1086,Firefly FFL-3SLE,Firefly,FFL-3SLE,18,BattleMech,30,876,2790
1087,Firefly FFL-4A,Firefly,FFL-4A,18,BattleMech,30,831,2801
1088,Firefly FFL-4B,Firefly,FFL-4B,18,BattleMech,30,870,3047
1089,Firefly FFL-4C,Firefly,FFL-4C,18,BattleMech,30,806,3048
1090,Firefly FFL-4D,Firefly,FFL-4D,18,BattleMech,30,897,3067
1091,Firefly FFL-4DA,Firefly,FFL-4DA,18,BattleMech,30,921,3067
9394,Firefly FFL-5A,Firefly,FFL-5A,18,BattleMech,30,996,3144
1092,Firestarter FS9-81X,Firestarter,FS9-81X,18,BattleMech,35,1065,3074
1093,Firestarter FS9-A,Firestarter,FS9-A,18,BattleMech,35,773,2550
1094,Firestarter FS9-B,Firestarter,FS9-B,18,BattleMech,35,668,3070
1111,Firestarter FS9-C,Firestarter,FS9-C,18,BattleMech,35,940,3064
1096,Firestarter FS9-H,Firestarter,FS9-H,18,BattleMech,35,694,2703
1097,Firestarter FS9-K,Firestarter,FS9-K,18,BattleMech,35,763,2550
1098,"Firestarter FS9-M ""Mirage""",Firestarter,"FS9-M ""Mirage""",18,BattleMech,35,798,2893
6609,Firestarter FS9-M2,Firestarter,FS9-M2,18,BattleMech,35,751,3101
6610,Firestarter FS9-M3,Firestarter,FS9-M3,18,BattleMech,35,866,3104
6611,Firestarter FS9-M4,Firestarter,FS9-M4,18,BattleMech,35,798,3109
9374,"Firestarter FS9-N ""Mirage II""",Firestarter,"FS9-N ""Mirage II""",18,BattleMech,35,1660,3143
1099,Firestarter FS9-O,Firestarter,FS9-O,18,BattleMech,45,1144,3057
1100,Firestarter FS9-OA,Firestarter,FS9-OA,18,BattleMech,45,976,3057
1101,Firestarter FS9-OB,Firestarter,FS9-OB,18,BattleMech,45,1070,3057
1102,Firestarter FS9-OC,Firestarter,FS9-OC,18,BattleMech,45,1006,3057
1103,Firestarter FS9-OD,Firestarter,FS9-OD,18,BattleMech,45,1322,3057
1104,Firestarter FS9-OE,Firestarter,FS9-OE,18,BattleMech,45,998,3058
1105,Firestarter FS9-OF,Firestarter,FS9-OF,18,BattleMech,45,1446,3060
1106,Firestarter FS9-OG,Firestarter,FS9-OG,18,BattleMech,45,1063,3063
1107,Firestarter FS9-OH,Firestarter,FS9-OH,18,BattleMech,45,1119,3069
1108,Firestarter FS9-OR,Firestarter,FS9-OR,18,BattleMech,45,1713,3059
1109,Firestarter FS9-OU,Firestarter,FS9-OU,18,BattleMech,45,1120,3077
1110,Firestarter FS9-OX,Firestarter,FS9-OX,18,BattleMech,45,1190,3059
1095,Firestarter FS9-P,Firestarter,FS9-P,18,BattleMech,35,775,3064
1112,Firestarter FS9-S,Firestarter,FS9-S,18,BattleMech,35,754,3049
1113,Firestarter FS9-S1,Firestarter,FS9-S1,18,BattleMech,35,820,3049
5441,Firestarter FS9-S2,Firestarter,FS9-S2,18,BattleMech,35,842,3075
5442,Firestarter FS9-S3,Firestarter,FS9-S3,18,BattleMech,35,908,3075
8129,Firestorm  ,Firestorm, ,18,BattleMech,50,2330,3144
3740,Fiver Roadster  ,Fiver Roadster, ,24,Support Vehicle,1,0,3064
3741,Fiver Traveler  ,Fiver Traveler, ,24,Support Vehicle,2.5,0,3064
1114,Flamberge 2,Flamberge,2,18,BattleMech,70,2468,3087
1115,Flamberge 3,Flamberge,3,18,BattleMech,70,2346,3087
1116,Flamberge A,Flamberge,A,18,BattleMech,70,2575,3077
1117,Flamberge B,Flamberge,B,18,BattleMech,70,2750,3077
1118,Flamberge C,Flamberge,C,18,BattleMech,70,2206,3077
6873,Flamberge D,Flamberge,D,18,BattleMech,70,2357,3115
1119,Flamberge Prime,Flamberge,Prime,18,BattleMech,70,2266,3077
3933,Flashbang ZZ10000,Flashbang,ZZ10000,24,Support Vehicle,0.15,0,3058
1120,Flashfire FLS-P2,Flashfire,FLS-P2,18,BattleMech,30,718,3054
1121,Flashfire FLS-P4,Flashfire,FLS-P4,18,BattleMech,30,712,3055
1122,Flashfire FLS-P5,Flashfire,FLS-P5,18,BattleMech,30,654,3067
8445,Flashman FLS-10E,Flashman,FLS-10E,18,BattleMech,75,3349,3144
1123,Flashman FLS-7K,Flashman,FLS-7K,18,BattleMech,75,1480,2796
1124,Flashman FLS-8K,Flashman,FLS-8K,18,BattleMech,75,1779,2701
1125,Flashman FLS-9B,Flashman,FLS-9B,18,BattleMech,75,1600,3070
1126,Flashman FLS-9C,Flashman,FLS-9C,18,BattleMech,75,1779,3061
1127,Flashman FLS-9M,Flashman,FLS-9M,18,BattleMech,75,1895,3070
1128,Flashman FLS-C,Flashman,FLS-C,18,BattleMech,75,1774,3063
1134,Flatbed Truck  ,Flatbed Truck, ,19,Combat Vehicle,10,34,2580
1129,Flatbed Truck (Armor),Flatbed Truck,(Armor),19,Combat Vehicle,10,117,2580
1130,Flatbed Truck (LRM),Flatbed Truck,(LRM),19,Combat Vehicle,10,172,2801
1131,Flatbed Truck (Mortar),Flatbed Truck,(Mortar),19,Combat Vehicle,10,65,2580
1132,Flatbed Truck (RL),Flatbed Truck,(RL),19,Combat Vehicle,10,232,2801
1133,Flatbed Truck (SRM),Flatbed Truck,(SRM),19,Combat Vehicle,10,67,2580
1135,"Flea ""Fire Ant""",Flea,"""Fire Ant""",18,BattleMech,20,332,3063
5769,Flea FLE-14,Flea,FLE-14,18,BattleMech,15,270,2519
1136,Flea FLE-15,Flea,FLE-15,18,BattleMech,20,430,2523
7427,Flea FLE-16,Flea,FLE-16,18,BattleMech,20,506,3032
1137,Flea FLE-17,Flea,FLE-17,18,BattleMech,20,510,3049
1138,Flea FLE-19,Flea,FLE-19,18,BattleMech,20,381,3068
1139,Flea FLE-20,Flea,FLE-20,18,BattleMech,20,791,3071
9313,Flea FLE-21,Flea,FLE-21,18,BattleMech,20,823,3139
1140,Flea FLE-4,Flea,FLE-4,18,BattleMech,20,432,2501
1141,Foot Ballistic Rifle Infantry  ,Foot Ballistic Rifle Infantry, ,21,Infantry,3,90,2500
1142,Foot Infantry (Portable MG)  ,Foot Infantry (Portable MG), ,21,Infantry,3,104,2500
7002,Foot Level I  (1/2) (SRM),Foot Level I, (1/2) (SRM),21,Infantry,2,0,2933
6997,Foot Level I (1/2) (Flamer) ,Foot Level I,(1/2) (Flamer) ,21,Infantry,2,0,2933
6999,Foot Level I (1/2) (LRM),Foot Level I,(1/2) (LRM),21,Infantry,2,0,3057
7000,Foot Level I (1/2) (MG),Foot Level I,(1/2) (MG),21,Infantry,2,0,2933
7001,"Foot Level I (1/2) (Rifle, Ballistic)",Foot Level I,"(1/2) (Rifle, Ballistic)",21,Infantry,2,0,2933
6998,"Foot Level I (1/2) (Rifle, Energy) ",Foot Level I,"(1/2) (Rifle, Energy) ",21,Infantry,2,0,2933
7009,Foot Platoon (FS3067+) (Flamer),Foot Platoon (FS3067+),(Flamer),21,Infantry,3,0,3067
7011,Foot Platoon (FS3067+) (LRM),Foot Platoon (FS3067+),(LRM),21,Infantry,3,0,3067
7012,Foot Platoon (FS3067+) (MG),Foot Platoon (FS3067+),(MG),21,Infantry,3,0,3067
7013,"Foot Platoon (FS3067+) (Rifle, Ballistic)",Foot Platoon (FS3067+),"(Rifle, Ballistic)",21,Infantry,3,0,3067
7010,"Foot Platoon (FS3067+) (Rifle, Energy)",Foot Platoon (FS3067+),"(Rifle, Energy)",21,Infantry,3,0,3067
7014,Foot Platoon (FS3067+) (SRM),Foot Platoon (FS3067+),(SRM),21,Infantry,3,0,3067
7015,Foot Platoon (FW3035+) (Flamer),Foot Platoon (FW3035+),(Flamer),21,Infantry,3,0,3035
7017,Foot Platoon (FW3035+) (LRM),Foot Platoon (FW3035+),(LRM),21,Infantry,3,0,3057
7018,Foot Platoon (FW3035+) (MG),Foot Platoon (FW3035+),(MG),21,Infantry,3,0,3035
7019,"Foot Platoon (FW3035+) (Rifle, Ballistic)",Foot Platoon (FW3035+),"(Rifle, Ballistic)",21,Infantry,3,0,3035
7016,"Foot Platoon (FW3035+) (Rifle, Energy)",Foot Platoon (FW3035+),"(Rifle, Energy)",21,Infantry,3,0,3035
7020,Foot Platoon (FW3035+) (SRM),Foot Platoon (FW3035+),(SRM),21,Infantry,3,0,3035
7003,Foot Platoon (FedCom) (Flamer),Foot Platoon (FedCom),(Flamer),21,Infantry,3,0,3030
7005,Foot Platoon (FedCom) (LRM),Foot Platoon (FedCom),(LRM),21,Infantry,3,0,3057
7006,Foot Platoon (FedCom) (MG),Foot Platoon (FedCom),(MG),21,Infantry,3,0,3030
7007,"Foot Platoon (FedCom) (Rifle, Ballistic)",Foot Platoon (FedCom),"(Rifle, Ballistic)",21,Infantry,3,0,3030
7004,"Foot Platoon (FedCom) (Rifle, Energy)",Foot Platoon (FedCom),"(Rifle, Energy)",21,Infantry,3,0,3030
7008,Foot Platoon (FedCom) (SRM),Foot Platoon (FedCom),(SRM),21,Infantry,3,0,3030
1143,Foot Platoon (Flamer),Foot Platoon,(Flamer),21,Infantry,3,74,2025
4175,Foot Platoon (Flechette),Foot Platoon,(Flechette),21,Infantry,3,97,3064
4176,Foot Platoon (Gauss),Foot Platoon,(Gauss),21,Infantry,3,0,3062
1145,Foot Platoon (LRM),Foot Platoon,(LRM),21,Infantry,3,71,3057
1146,Foot Platoon (MG),Foot Platoon,(MG),21,Infantry,3,84,PS
4177,Foot Platoon (Rifle AA),Foot Platoon,(Rifle AA),21,Infantry,3,99,3067
4178,Foot Platoon (Rifle Minelayer),Foot Platoon,(Rifle Minelayer),21,Infantry,3,0,PS
1147,"Foot Platoon (Rifle, Ballistic)",Foot Platoon,"(Rifle, Ballistic)",21,Infantry,3,90,PS
1144,"Foot Platoon (Rifle, Energy)",Foot Platoon,"(Rifle, Energy)",21,Infantry,3,85,2405
1148,Foot Platoon (SRM),Foot Platoon,(SRM),21,Infantry,3,79,2370
7221,"Foot Platoon, Marian (1/4) (Flamer)","Foot Platoon, Marian",(1/4) (Flamer),21,Infantry,3,0,3010
7224,"Foot Platoon, Marian (1/4) (MG)","Foot Platoon, Marian",(1/4) (MG),21,Infantry,3,0,3010
7226,"Foot Platoon, Marian (1/4) (Rifle, Ballistic)","Foot Platoon, Marian","(1/4) (Rifle, Ballistic)",21,Infantry,3,0,3010
7222,"Foot Platoon, Marian (1/4) (Rifle, Energy)","Foot Platoon, Marian","(1/4) (Rifle, Energy)",21,Infantry,3,0,3010
7225,"Foot Platoon, Marian (1/4) (SRM)","Foot Platoon, Marian",(1/4) (SRM),21,Infantry,3,0,3010
7227,"Foot Platoon, Marian 3049+ (1/4) (Flamer)","Foot Platoon, Marian 3049+",(1/4) (Flamer),21,Infantry,3,0,3049
7223,"Foot Platoon, Marian 3049+ (1/4) (LRM)","Foot Platoon, Marian 3049+",(1/4) (LRM),21,Infantry,3,0,3057
7229,"Foot Platoon, Marian 3049+ (1/4) (MG)","Foot Platoon, Marian 3049+",(1/4) (MG),21,Infantry,3,0,3049
7230,"Foot Platoon, Marian 3049+ (1/4) (Rifle, Ballistic)","Foot Platoon, Marian 3049+","(1/4) (Rifle, Ballistic)",21,Infantry,3,0,3049
7228,"Foot Platoon, Marian 3049+ (1/4) (Rifle, Energy)","Foot Platoon, Marian 3049+","(1/4) (Rifle, Energy)",21,Infantry,3,0,3049
7231,"Foot Platoon, Marian 3049+ (1/4) (SRM)","Foot Platoon, Marian 3049+",(1/4) (SRM),21,Infantry,3,0,3049
9281,"Foot Platoon, Taurian (Flamer)","Foot Platoon, Taurian",(Flamer),21,Infantry,3,81,2335
9272,"Foot Platoon, Taurian (LRM)","Foot Platoon, Taurian",(LRM),21,Infantry,3,97,3057
9273,"Foot Platoon, Taurian (MG)","Foot Platoon, Taurian",(MG),21,Infantry,3,89,2335
9270,"Foot Platoon, Taurian (Rifle, Ballistic)","Foot Platoon, Taurian","(Rifle, Ballistic)",21,Infantry,3,97,2335
9271,"Foot Platoon, Taurian (Rifle, Energy)","Foot Platoon, Taurian","(Rifle, Energy)",21,Infantry,3,91,2405
9274,"Foot Platoon, Taurian (SRM)","Foot Platoon, Taurian",(SRM),21,Infantry,3,94,2370
7160,ForestryMech ED-X3,ForestryMech,ED-X3,20,IndustrialMech,25,202,2865
5505,Fortified Command Post (Age of War),Fortified Command Post,(Age of War),97,Building,90,400,2350
5506,Fortified Command Post (Clan Invasion),Fortified Command Post,(Clan Invasion),97,Building,90,535,3052
5507,Fortified Command Post (FedCom Civil War),Fortified Command Post,(FedCom Civil War),97,Building,90,537,3062
5508,Fortified Command Post (Jihad),Fortified Command Post,(Jihad),97,Building,90,741,3072
5501,Fortified Infantry Bunker (Age of War),Fortified Infantry Bunker,(Age of War),97,Building,80,105,2350
5502,Fortified Infantry Bunker (Clan Invasion),Fortified Infantry Bunker,(Clan Invasion),97,Building,80,119,3052
5503,Fortified Infantry Outpost (FedCom Civil War),Fortified Infantry Outpost,(FedCom Civil War),97,Building,40,131,3062
4179,Fortress (2613),Fortress,(2613),17,Aerospace,6000,0,2613
4180,Fortress (3058),Fortress,(3058),17,Aerospace,6000,0,3058
4181,Fortune Wheeled Assault Vehicle  ,Fortune Wheeled Assault Vehicle, ,19,Combat Vehicle,80,1349,3067
1149,Fortune Wheeled Assault Vehicle (C3M),Fortune Wheeled Assault Vehicle,(C3M),19,Combat Vehicle,80,1178,3077
5737,Fortune Wheeled Assault Vehicle (Thunderbolt),Fortune Wheeled Assault Vehicle,(Thunderbolt),19,Combat Vehicle,80,1402,3075
7609,Fox  ,Fox, ,18,BattleMech,50,2091,2835
1151,Fox Armored Car  ,Fox Armored Car, ,19,Combat Vehicle,20,549,3084
1150,Fox Armored Car (Flamer),Fox Armored Car,(Flamer),19,Combat Vehicle,20,530,3084
6749,Fox Armored Car (Interdictor),Fox Armored Car,(Interdictor),19,Combat Vehicle,20,547,3088
1152,Fox Armored Car (VSP),Fox Armored Car,(VSP),19,Combat Vehicle,20,543,3084
4182,Fox CS-1,Fox,CS-1,18,BattleMech,50,1574,2824
4184,Foxhound Gunboat TIG-40,Foxhound Gunboat,TIG-40,17,Aerospace,180,3452,3083
4185,Fredasa Corvette/Raider  ,Fredasa Corvette/Raider, ,81,Advanced Aerospace,180000,0,2962
4186,Freedom Hover Jeep 1000,Freedom Hover Jeep,1000,24,Support Vehicle,3,0,3068
4187,Freedom Hover Jeep 900,Freedom Hover Jeep,900,24,Support Vehicle,3,0,3013
1153,Frogmen  ,Frogmen, ,21,Infantry,3,92,3062
8414,Fujin RJN-301-F,Fujin,RJN-301-F,18,BattleMech,50,1770,3139
4188,Fulcrum Heavy Hover Tank (Hybrid),Fulcrum Heavy Hover Tank,(Hybrid),19,Combat Vehicle,50,1543,3084
1154,Fulcrum Heavy Hovertank  ,Fulcrum Heavy Hovertank, ,19,Combat Vehicle,50,1167,3057
1155,Fulcrum Heavy Hovertank II,Fulcrum Heavy Hovertank,II,19,Combat Vehicle,50,1248,3067
1156,Fulcrum Heavy Hovertank III,Fulcrum Heavy Hovertank,III,19,Combat Vehicle,50,1185,3078
1157,Fulcrum Heavy Hovertank X,Fulcrum Heavy Hovertank,X,19,Combat Vehicle,50,1686,3075
4190,Fulmar Patrol Craft  ,Fulmar Patrol Craft, ,24,Support Vehicle,70,0,3065
4189,Fulmar Patrol Craft (Original),Fulmar Patrol Craft,(Original),24,Support Vehicle,70,0,3056
4191,Fury (2638),Fury,(2638),17,Aerospace,1900,0,2638
4192,Fury (3056),Fury,(3056),17,Aerospace,1900,0,3056
1161,Fury Command Tank  ,Fury Command Tank, ,19,Combat Vehicle,80,1184,3064
1158,Fury Command Tank (C3M),Fury Command Tank,(C3M),19,Combat Vehicle,80,1336,3070
1159,Fury Command Tank (C3S),Fury Command Tank,(C3S),19,Combat Vehicle,80,1413,3069
4193,Fury Command Tank (Fury II),Fury Command Tank,(Fury II),19,Combat Vehicle,80,1234,2732
6801,Fury Command Tank (Fury III),Fury Command Tank,(Fury III),19,Combat Vehicle,80,1827,3114
6802,Fury Command Tank (Fury IIIm),Fury Command Tank,(Fury IIIm),19,Combat Vehicle,80,1720,3114
4194,Fury Command Tank (Original),Fury Command Tank,(Original),19,Combat Vehicle,80,1184,2637
1160,Fury Command Tank (Royal),Fury Command Tank,(Royal),19,Combat Vehicle,80,1255,2751
5556,Fury Command Tank CX-17,Fury Command Tank,CX-17,19,Combat Vehicle,80,0,3052
6309,Fusilier Battle Armor (Sqd4),Fusilier Battle Armor,(Sqd4),21,Infantry,2,348,3121
8734,Fusilier Battle Armor (Sqd5),Fusilier Battle Armor,(Sqd5),21,Infantry,2,468,3121
9097,Fusilier Battle Armor (Sqd6),Fusilier Battle Armor,(Sqd6),21,Infantry,2,602,3121
6310,Fusilier Battle Armor (Upgrade) (Sqd4),Fusilier Battle Armor,(Upgrade) (Sqd4),21,Infantry,2,382,3135
8735,Fusilier Battle Armor (Upgrade) (Sqd5),Fusilier Battle Armor,(Upgrade) (Sqd5),21,Infantry,2,514,3135
9098,Fusilier Battle Armor (Upgrade) (Sqd6),Fusilier Battle Armor,(Upgrade) (Sqd6),21,Infantry,2,660,3135
1162,Fwltur FWL-3R SalvageMech,Fwltur,FWL-3R SalvageMech,20,IndustrialMech,35,250,3081
1163,Fwltur FWL-3V SalvageMech,Fwltur,FWL-3V SalvageMech,20,IndustrialMech,35,252,3085
9229,GTE Micro-Copter  ,GTE Micro-Copter, ,24,Support Vehicle,0,0,Unknown
7769,Gaajian System Patrol Boat (2485),Gaajian System Patrol Boat,(2485),17,Aerospace,1500,3351,2485
1165,Gabriel Reconnaissance Hovercraft  ,Gabriel Reconnaissance Hovercraft, ,19,Combat Vehicle,5,198,2712
1164,Gabriel Reconnaissance Hovercraft (ERSL),Gabriel Reconnaissance Hovercraft,(ERSL),19,Combat Vehicle,5,162,3067
1166,Gabriel Reconnaissance Hovercraft (TDF),Gabriel Reconnaissance Hovercraft,(TDF),19,Combat Vehicle,5,168,3065
1170,Galahad (Glass Spider)  ,Galahad (Glass Spider), ,18,BattleMech,60,1825,2834
1171,Galahad (Glass Spider) 2,Galahad (Glass Spider),2,18,BattleMech,60,2038,2952
1172,Galahad (Glass Spider) 3,Galahad (Glass Spider),3,18,BattleMech,60,2508,3065
8131,Galahad (Glass Spider) 4,Galahad (Glass Spider),4,18,BattleMech,60,2309,3148
1167,Galahad GLH-1D,Galahad,GLH-1D,18,BattleMech,50,1307,2570
1168,Galahad GLH-2D,Galahad,GLH-2D,18,BattleMech,60,1648,2594
1169,Galahad GLH-3D,Galahad,GLH-3D,18,BattleMech,60,1268,3070
6978,Galahad GLH-3D (Laodices),Galahad,GLH-3D (Laodices),18,BattleMech,60,1549,3070
4195,Galaport Ground Tug  ,Galaport Ground Tug, ,24,Support Vehicle,200,0,2457
4196,Galaport Ground Tug Trailer  ,Galaport Ground Tug Trailer, ,24,Support Vehicle,200,0,2457
4197,Galax Launch Systems & Satellites Starcomm SEU-193D,Galax Launch Systems & Satellites Starcomm,SEU-193D,79,Advanced Support,20,0,2896
6872,Gallant GLT-10-0,Gallant,GLT-10-0,18,BattleMech,70,1555,3130
1173,Gallant GLT-7-0,Gallant,GLT-7-0,18,BattleMech,70,1436,3078
1174,Gallant GLT-8-0,Gallant,GLT-8-0,18,BattleMech,70,1666,3078
4200,Gallant Urban Assault Tank  ,Gallant Urban Assault Tank, ,19,Combat Vehicle,70,1056,2574
4198,Gallant Urban Assault Tank (Fusion),Gallant Urban Assault Tank,(Fusion),19,Combat Vehicle,70,0,2576
4199,Gallant Urban Assault Tank (Original),Gallant Urban Assault Tank,(Original),19,Combat Vehicle,70,0,2550
9341,Galleon Light Tank C,Galleon Light Tank,C,19,Combat Vehicle,30,633,3145
1175,Galleon Light Tank GAL-100,Galleon Light Tank,GAL-100,19,Combat Vehicle,30,309,2692
1176,Galleon Light Tank GAL-102,Galleon Light Tank,GAL-102,19,Combat Vehicle,30,651,3048
1177,Galleon Light Tank GAL-103,Galleon Light Tank,GAL-103,19,Combat Vehicle,30,872,3066
1178,Galleon Light Tank GAL-104,Galleon Light Tank,GAL-104,19,Combat Vehicle,30,779,3066
8041,Galleon Light Tank GAL-105,Galleon Light Tank,GAL-105,19,Combat Vehicle,30,564,3134
9336,Galleon Light Tank GAL-106,Galleon Light Tank,GAL-106,19,Combat Vehicle,30,762,3106
9337,Galleon Light Tank GAL-106M,Galleon Light Tank,GAL-106M,19,Combat Vehicle,30,601,3140
1179,Galleon Light Tank GAL-200,Galleon Light Tank,GAL-200,19,Combat Vehicle,30,345,2915
1180,Galleon Light Tank GAL-200 (RL),Galleon Light Tank,GAL-200 (RL),19,Combat Vehicle,30,443,2801
9338,Galleon Light Tank GAL-200R,Galleon Light Tank,GAL-200R,19,Combat Vehicle,30,455,3081
9339,Galleon Light Tank GAL-201,Galleon Light Tank,GAL-201,19,Combat Vehicle,30,504,3135
9340,Galleon Light Tank GAL-300,Galleon Light Tank,GAL-300,19,Combat Vehicle,30,648,3101
1181,Galleon Light Tank Maxwell,Galleon Light Tank,Maxwell,19,Combat Vehicle,30,451,3076
1182,Gallowglas GAL-1GLS,Gallowglas,GAL-1GLS,18,BattleMech,70,1695,3055
1183,Gallowglas GAL-2GLS,Gallowglas,GAL-2GLS,18,BattleMech,70,1857,3055
1184,Gallowglas GAL-2GLSA,Gallowglas,GAL-2GLSA,18,BattleMech,70,1771,3069
1185,Gallowglas GAL-3GLS,Gallowglas,GAL-3GLS,18,BattleMech,70,2291,3064
1186,Gallowglas GAL-4GLS,Gallowglas,GAL-4GLS,18,BattleMech,70,1944,3064
1187,Gallowglas GAL-4GLSA,Gallowglas,GAL-4GLSA,18,BattleMech,70,2017,3067
1188,Gallowglas WD,Gallowglas,WD,18,BattleMech,70,2094,3055
6500,Gambit GBT-1G,Gambit,GBT-1G,18,BattleMech,25,777,3136
6501,Gambit GBT-1L,Gambit,GBT-1L,18,BattleMech,25,796,3136
4201,Gargantua MiningMech,Gargantua,MiningMech,20,IndustrialMech,0,0,2871
1189,Garm GRM-01A,Garm,GRM-01A,18,BattleMech,35,701,3058
1190,Garm GRM-01A2,Garm,GRM-01A2,18,BattleMech,35,1078,3076
1191,Garm GRM-01B,Garm,GRM-01B,18,BattleMech,35,934,3059
1192,Garm GRM-01C,Garm,GRM-01C,18,BattleMech,35,1140,3062
6539,Garrot Superheavy Transport  ,Garrot Superheavy Transport, ,19,Combat Vehicle,30,316,3100
4202,Garuda Heavy VTOL  ,Garuda Heavy VTOL, ,19,Combat Vehicle,40,1484,3084
4203,Gatekeeper Traffic Control Station  ,Gatekeeper Traffic Control Station, ,81,Advanced Aerospace,12000,0,Unknown
6621,Gauntlet GTL-1O,Gauntlet,GTL-1O,18,BattleMech,55,1846,3128
6622,Gauntlet GTL-1OA,Gauntlet,GTL-1OA,18,BattleMech,55,1420,3128
6623,Gauntlet GTL-1OB,Gauntlet,GTL-1OB,18,BattleMech,55,2076,3128
6624,Gauntlet GTL-1OC,Gauntlet,GTL-1OC,18,BattleMech,55,2048,3128
8100,Gauss-Buster MillitiaMech,Gauss-Buster,MillitiaMech,20,IndustrialMech,50,675,3134
4204,Gazelle (2531),Gazelle,(2531),17,Aerospace,2900,0,2531
4206,Gazelle (Heavy Vehicle),Gazelle,(Heavy Vehicle),17,Aerospace,2900,0,2857
9582,Generic Expandable Services Vehicle  (Command Post),Generic Expandable Services Vehicle ,(Command Post),24,Support Vehicle,30,132,3066
9583,Generic Expandable Services Vehicle  (Field Kitchen),Generic Expandable Services Vehicle ,(Field Kitchen),24,Support Vehicle,30,132,3066
9585,Generic Expandable Services Vehicle  (MASH),Generic Expandable Services Vehicle ,(MASH),24,Support Vehicle,30,132,3066
9586,Generic Expandable Services Vehicle Trailer (Bunk),Generic Expandable Services Vehicle Trailer,(Bunk),24,Support Vehicle,15,61,3066
9587,Generic Expandable Services Vehicle Trailer (Cargo),Generic Expandable Services Vehicle Trailer,(Cargo),24,Support Vehicle,15,61,3066
4209,Gestalt D2X-G,Gestalt,D2X-G,18,BattleMech,45,2392,3078
1193,Ghost GST-10,Ghost,GST-10,18,BattleMech,50,1353,3077
8373,"Ghost GST-10A ""Aurora""",Ghost,"GST-10A ""Aurora""",18,BattleMech,50,1371,3144
1194,Ghost GST-11,Ghost,GST-11,18,BattleMech,50,1244,3082
6907,Ghost GST-50,Ghost,GST-50,18,BattleMech,50,1114,3087
6906,Ghost GST-90,Ghost,GST-90,18,BattleMech,50,1012,3133
1196,Giggins APC  ,Giggins APC, ,19,Combat Vehicle,40,476,3085
1195,Giggins APC (Fire Support),Giggins APC,(Fire Support),19,Combat Vehicle,40,718,3085
1203,Gladiator (Executioner) A,Gladiator (Executioner),A,18,BattleMech,95,3112,3001
1204,Gladiator (Executioner) B,Gladiator (Executioner),B,18,BattleMech,95,2940,3001
1205,Gladiator (Executioner) C,Gladiator (Executioner),C,18,BattleMech,95,2740,3001
1206,Gladiator (Executioner) D,Gladiator (Executioner),D,18,BattleMech,95,2698,3001
1207,Gladiator (Executioner) E,Gladiator (Executioner),E,18,BattleMech,95,2988,3060
6842,Gladiator (Executioner) F,Gladiator (Executioner),F,18,BattleMech,95,3606,3089
6841,Gladiator (Executioner) G,Gladiator (Executioner),G,18,BattleMech,95,3825,3100
1208,Gladiator (Executioner) H,Gladiator (Executioner),H,18,BattleMech,95,3059,3059
6840,Gladiator (Executioner) I,Gladiator (Executioner),I,18,BattleMech,95,3339,3101
7712,Gladiator (Executioner) J,Gladiator (Executioner),J,18,BattleMech,95,2891,3104
1209,Gladiator (Executioner) K,Gladiator (Executioner),K,18,BattleMech,95,3125,3068
7713,Gladiator (Executioner) L,Gladiator (Executioner),L,18,BattleMech,95,3132,3119
1210,Gladiator (Executioner) P,Gladiator (Executioner),P,18,BattleMech,95,3052,3069
1211,Gladiator (Executioner) Prime,Gladiator (Executioner),Prime,18,BattleMech,95,2749,3001
7714,Gladiator (Executioner) T,Gladiator (Executioner),T,18,BattleMech,95,2558,3142
7596,Gladiator (Executioner) TC,Gladiator (Executioner),TC,18,BattleMech,95,3363,3052
4215,Gladiator Battle Armor S (Sqd4),Gladiator Battle Armor,S (Sqd4),21,Infantry,0.4,47,3084
8619,Gladiator Battle Armor S (Sqd5),Gladiator Battle Armor,S (Sqd5),21,Infantry,0.4,63,3084
8983,Gladiator Battle Armor S (Sqd6),Gladiator Battle Armor,S (Sqd6),21,Infantry,0.4,81,3084
1212,"Gladiator Exoskeleton ""The Spider"" (Sqd4)","Gladiator Exoskeleton ""The Spider""",(Sqd4),21,Infantry,0.4,44,3076
8516,"Gladiator Exoskeleton ""The Spider"" (Sqd5)","Gladiator Exoskeleton ""The Spider""",(Sqd5),21,Infantry,0.4,60,3076
8880,"Gladiator Exoskeleton ""The Spider"" (Sqd6)","Gladiator Exoskeleton ""The Spider""",(Sqd6),21,Infantry,0.4,77,3076
4216,Gladiator Exoskeleton [Armored Glove] (Sqd4),Gladiator Exoskeleton,[Armored Glove] (Sqd4),21,Infantry,0.4,34,3056
8620,Gladiator Exoskeleton [Armored Glove] (Sqd5),Gladiator Exoskeleton,[Armored Glove] (Sqd5),21,Infantry,0.4,46,3056
8984,Gladiator Exoskeleton [Armored Glove] (Sqd6),Gladiator Exoskeleton,[Armored Glove] (Sqd6),21,Infantry,0.4,59,3056
7206,Gladiator Exoskeleton [Industrial Drill] (Sqd4),Gladiator Exoskeleton,[Industrial Drill] (Sqd4),21,Infantry,0.4,34,3056
8808,Gladiator Exoskeleton [Industrial Drill] (Sqd5),Gladiator Exoskeleton,[Industrial Drill] (Sqd5),21,Infantry,0.4,46,3056
9171,Gladiator Exoskeleton [Industrial Drill] (Sqd6),Gladiator Exoskeleton,[Industrial Drill] (Sqd6),21,Infantry,0.4,59,3056
1198,Gladiator GLD-1R,Gladiator,GLD-1R,18,BattleMech,55,1027,2468
1197,Gladiator GLD-1R (Keller),Gladiator,GLD-1R (Keller),18,BattleMech,55,1517,3071
1199,Gladiator GLD-2R,Gladiator,GLD-2R,18,BattleMech,55,1184,2487
1200,Gladiator GLD-3R,Gladiator,GLD-3R,18,BattleMech,55,1282,2490
1201,Gladiator GLD-4R,Gladiator,GLD-4R,18,BattleMech,55,1291,2495
1202,Gladiator GLD-5R,Gladiator,GLD-5R,18,BattleMech,55,1425,3075
9539,Gladiator GLD-7R,Gladiator,GLD-7R,18,BattleMech,55,1890,3117
9540,Gladiator GLD-7R/SF,Gladiator,GLD-7R/SF,18,BattleMech,55,1748,3135
9541,Gladiator GLD-9SF,Gladiator,GLD-9SF,18,BattleMech,55,2119,3143
8464,Gladiator-B (Executioner-B) A,Gladiator-B (Executioner-B),A,18,BattleMech,95,2194,2873
8465,Gladiator-B (Executioner-B) B,Gladiator-B (Executioner-B),B,18,BattleMech,95,3157,2873
8466,Gladiator-B (Executioner-B) C,Gladiator-B (Executioner-B),C,18,BattleMech,95,2979,2873
8463,Gladiator-B (Executioner-B) Prime,Gladiator-B (Executioner-B),Prime,18,BattleMech,95,2721,2873
1213,Gladius Medium Hover Tank Mk. II,Gladius Medium Hover Tank,Mk. II,19,Combat Vehicle,40,613,3073
1214,Gladius Medium Hovertank  ,Gladius Medium Hovertank, ,19,Combat Vehicle,40,586,3042
4217,Glaive Medium Tank  ,Glaive Medium Tank, ,19,Combat Vehicle,45,806,3066
5729,Glaive Medium Tank (MFB),Glaive Medium Tank,(MFB),19,Combat Vehicle,45,277,3068
4219,Glory Heavy Fire Support Vehicle  ,Glory Heavy Fire Support Vehicle, ,19,Combat Vehicle,85,1686,3067
6803,Glory Heavy Fire Support Vehicle (3090 Upgrade),Glory Heavy Fire Support Vehicle,(3090 Upgrade),19,Combat Vehicle,85,1980,3090
5739,Glory Heavy Fire Support Vehicle (Arrow IV),Glory Heavy Fire Support Vehicle,(Arrow IV),19,Combat Vehicle,85,1704,3080
4218,Glory Heavy Fire Support Vehicle (Light Gauss),Glory Heavy Fire Support Vehicle,(Light Gauss),19,Combat Vehicle,85,1452,3067
8385,"Gnome Battle Armor ""Dwarf"" (Sqd4)",Gnome Battle Armor,"""Dwarf"" (Sqd4)",21,Infantry,1.5,276,3140
8517,Gnome Battle Armor (LRM) (Sqd5),Gnome Battle Armor,(LRM) (Sqd5),21,Infantry,1.5,611,3073
9212,Gnome Battle Armor (Sqd3),Gnome Battle Armor,(Sqd3),21,Infantry,1.5,299,3056
1216,Gnome Battle Armor (Sqd4),Gnome Battle Armor,(Sqd4),21,Infantry,1.5,431,3056
8518,Gnome Battle Armor (Sqd5),Gnome Battle Armor,(Sqd5),21,Infantry,1.5,580,3056
8882,Gnome Battle Armor (Sqd6),Gnome Battle Armor,(Sqd6),21,Infantry,1.5,747,3056
8519,Gnome Battle Armor (Upgrade) [Bearhunter] (Sqd5),Gnome Battle Armor,(Upgrade) [Bearhunter] (Sqd5),21,Infantry,1.5,476,3069
8520,Gnome Battle Armor (Upgrade) [MRR] (Sqd5),Gnome Battle Armor,(Upgrade) [MRR] (Sqd5),21,Infantry,1.5,526,3069
8521,Gnome Battle Armor (Upgrade) [Pulse Laser] (Sqd5),Gnome Battle Armor,(Upgrade) [Pulse Laser] (Sqd5),21,Infantry,1.5,549,3069
1220,Goblin II Infantry Support Vehicle  ,Goblin II Infantry Support Vehicle, ,19,Combat Vehicle,45,839,3068
9564,Goblin III Infantry Support Vehicle,Goblin III Infantry Support Vehicle,,19,Combat Vehicle,45,794,3141
1222,Goblin Infantry Support Vehicle  ,Goblin Infantry Support Vehicle, ,19,Combat Vehicle,45,790,3053
1221,Goblin Infantry Support Vehicle (Sealed),Goblin Infantry Support Vehicle,(Sealed),19,Combat Vehicle,45,897,3076
1226,Goblin Medium Tank  ,Goblin Medium Tank, ,19,Combat Vehicle,45,555,Unknown
1223,Goblin Medium Tank (LRM),Goblin Medium Tank,(LRM),19,Combat Vehicle,45,656,Unknown
1224,Goblin Medium Tank (MG),Goblin Medium Tank,(MG),19,Combat Vehicle,45,527,Unknown
1225,Goblin Medium Tank (SRM),Goblin Medium Tank,(SRM),19,Combat Vehicle,45,647,Unknown
1227,Goblin Medium Tank X,Goblin Medium Tank,X,19,Combat Vehicle,45,886,3073
4222,Golem Assault Armor (Fast Assault) (Sqd4),Golem Assault Armor,(Fast Assault) (Sqd4),21,Infantry,2,367,3072
8621,Golem Assault Armor (Fast Assault) (Sqd5),Golem Assault Armor,(Fast Assault) (Sqd5),21,Infantry,2,494,3072
8985,Golem Assault Armor (Fast Assault) (Sqd6),Golem Assault Armor,(Fast Assault) (Sqd6),21,Infantry,2,635,3072
4223,Golem Assault Armor (Rock Golem) (Sqd4),Golem Assault Armor,(Rock Golem) (Sqd4),21,Infantry,2,545,3072
8622,Golem Assault Armor (Rock Golem) (Sqd5),Golem Assault Armor,(Rock Golem) (Sqd5),21,Infantry,2,734,3072
8986,Golem Assault Armor (Rock Golem) (Sqd6),Golem Assault Armor,(Rock Golem) (Sqd6),21,Infantry,2,944,3072
4224,Golem Assault Armor (Sqd4),Golem Assault Armor,(Sqd4),21,Infantry,2,650,3067
8623,Golem Assault Armor (Sqd5),Golem Assault Armor,(Sqd5),21,Infantry,2,875,3067
8987,Golem Assault Armor (Sqd6),Golem Assault Armor,(Sqd6),21,Infantry,2,1125,3067
1228,Golem Assault Armor (Support) (Sqd4),Golem Assault Armor,(Support) (Sqd4),21,Infantry,2,685,3076
8522,Golem Assault Armor (Support) (Sqd5),Golem Assault Armor,(Support) (Sqd5),21,Infantry,2,922,3076
8886,Golem Assault Armor (Support) (Sqd6),Golem Assault Armor,(Support) (Sqd6),21,Infantry,2,1185,3076
7438,Goliath C,Goliath,C,18,BattleMech,80,2222,3143
1229,Goliath GOL-1H,Goliath,GOL-1H,18,BattleMech,80,1449,2652
1230,Goliath GOL-2H,Goliath,GOL-2H,18,BattleMech,80,1583,3067
1231,Goliath GOL-3L,Goliath,GOL-3L,18,BattleMech,80,1708,3082
1232,Goliath GOL-3M,Goliath,GOL-3M,18,BattleMech,80,1537,3047
8405,Goliath GOL-3M2,Goliath,GOL-3M2,18,BattleMech,80,1631,3052
1233,Goliath GOL-3S,Goliath,GOL-3S,18,BattleMech,80,1792,3066
1234,Goliath GOL-4S,Goliath,GOL-4S,18,BattleMech,80,1912,3067
1235,Goliath GOL-5D,Goliath,GOL-5D,18,BattleMech,80,1975,3067
1236,Goliath GOL-5W,Goliath,GOL-5W,18,BattleMech,80,2006,3071
1237,Goliath GOL-6H,Goliath,GOL-6H,18,BattleMech,80,1676,3071
1238,Goliath GOL-6M,Goliath,GOL-6M,18,BattleMech,80,1742,3083
8406,Goliath GOL-7C,Goliath,GOL-7C,18,BattleMech,80,1790,3133
8407,Goliath GOL-7K,Goliath,GOL-7K,18,BattleMech,80,1894,3148
8408,Goliath GOL-7R,Goliath,GOL-7R,18,BattleMech,80,1888,3133
1239,Gorgon  ,Gorgon, ,23,Protomech,8,295,3059
1240,Gorgon 2,Gorgon,2,23,Protomech,8,308,3062
1241,Gorgon 3,Gorgon,3,23,Protomech,8,285,3066
1242,Gorgon 4,Gorgon,4,23,Protomech,8,289,3071
8032,Gorgon 5,Gorgon,5,23,Protomech,8,283,3122
8033,Gorgon 6,Gorgon,6,23,Protomech,8,355,3130
5440,"Gorilla Exoskeleton ""Falcata"" (Sqd4)",Gorilla Exoskeleton,"""Falcata"" (Sqd4)",21,Infantry,0.4,60,3075
8705,"Gorilla Exoskeleton ""Falcata"" (Sqd5)",Gorilla Exoskeleton,"""Falcata"" (Sqd5)",21,Infantry,0.4,77,3075
9069,"Gorilla Exoskeleton ""Falcata"" (Sqd6)",Gorilla Exoskeleton,"""Falcata"" (Sqd6)",21,Infantry,0.4,99,3075
4225,Gorilla Exoskeleton PEX-2B (Sqd4),Gorilla Exoskeleton,PEX-2B (Sqd4),21,Infantry,0.4,20,3056
8624,Gorilla Exoskeleton PEX-2B (Sqd5),Gorilla Exoskeleton,PEX-2B (Sqd5),21,Infantry,0.4,27,3056
8988,Gorilla Exoskeleton PEX-2B (Sqd6),Gorilla Exoskeleton,PEX-2B (Sqd6),21,Infantry,0.4,35,3056
1243,Goshawk (Vapor Eagle)  ,Goshawk (Vapor Eagle), ,18,BattleMech,55,2368,2863
1244,Goshawk (Vapor Eagle) 2,Goshawk (Vapor Eagle),2,18,BattleMech,55,1989,2912
1245,Goshawk (Vapor Eagle) 3,Goshawk (Vapor Eagle),3,18,BattleMech,55,2466,3062
1246,Goshawk (Vapor Eagle) 4,Goshawk (Vapor Eagle),4,18,BattleMech,55,2069,3066
7710,Goshawk (Vapor Eagle) 5,Goshawk (Vapor Eagle),5,18,BattleMech,55,2572,2922
7709,Goshawk (Vapor Eagle) 6,Goshawk (Vapor Eagle),6,18,BattleMech,55,1959,2850
7711,Goshawk (Vapor Eagle) 7,Goshawk (Vapor Eagle),7,18,BattleMech,55,2876,3136
1249,Goshawk II,Goshawk II,,18,BattleMech,45,1849,3086
1247,Goshawk II 2,Goshawk II,2,18,BattleMech,45,1767,3086
1248,Goshawk II 3,Goshawk II,3,18,BattleMech,45,2115,3086
7986,Goshawk II 4,Goshawk II,4,18,BattleMech,45,1936,3130
7376,Goshawk II RISC,Goshawk II,RISC,18,BattleMech,45,1886,3136
7773,Gossamer Surveillance Drone  ,Gossamer Surveillance Drone, ,24,Support Vehicle,5,0,3057
6537,Gossamer VTOL  ,Gossamer VTOL, ,19,Combat Vehicle,25,1091,3123
6538,Gossamer VTOL (XL),Gossamer VTOL,(XL),19,Combat Vehicle,25,663,3124
7659,Goth A,Goth,A,17,Aerospace,60,1898,2873
7660,Goth B,Goth,B,17,Aerospace,60,1955,2873
7661,Goth C,Goth,C,17,Aerospace,60,2062,3146
7662,Goth D,Goth,D,17,Aerospace,60,2126,3146
7658,Goth Prime,Goth,Prime,17,Aerospace,60,1993,2873
4226,Gotha GTHA-100,Gotha,GTHA-100,17,Aerospace,60,1301,2657
4227,Gotha GTHA-300,Gotha,GTHA-300,17,Aerospace,60,1463,2657
4228,Gotha GTHA-400,Gotha,GTHA-400,17,Aerospace,60,1364,3019
1250,Gotha GTHA-500,Gotha,GTHA-500,17,Aerospace,60,1436,2657
4229,Gotha GTHA-500b,Gotha,GTHA-500b,17,Aerospace,60,1527,2703
1251,Gotha GTHA-600,Gotha,GTHA-600,17,Aerospace,60,1549,3067
5373,Graceful Crane Air Bus  ,Graceful Crane Air Bus, ,24,Support Vehicle,0,0,3007
1252,Grand Crusader GRN-D-01,Grand Crusader,GRN-D-01,18,BattleMech,80,1758,3053
8430,Grand Crusader GRN-D-01-X,Grand Crusader,GRN-D-01-X,18,BattleMech,80,1895,3053
1253,Grand Crusader GRN-D-02,Grand Crusader,GRN-D-02,18,BattleMech,80,1702,3056
8423,Grand Crusader GRN-D-02-B,Grand Crusader,GRN-D-02-B,18,BattleMech,80,1937,3057
1254,Grand Crusader II GRN-D-03,Grand Crusader II,GRN-D-03,18,BattleMech,80,2276,3066
1255,Grand Crusader II GRN-D-04,Grand Crusader II,GRN-D-04,18,BattleMech,80,2292,3066
6889,Grand Dragon DRG-10K,Grand Dragon,DRG-10K,18,BattleMech,60,1603,3114
8446,Grand Dragon DRG-12K,Grand Dragon,DRG-12K,18,BattleMech,60,2265,3147
1256,Grand Dragon DRG-1G,Grand Dragon,DRG-1G,18,BattleMech,60,1300,3024
1257,Grand Dragon DRG-1G (Douglas),Grand Dragon,DRG-1G (Douglas),18,BattleMech,60,1076,3028
1258,Grand Dragon DRG-5K,Grand Dragon,DRG-5K,18,BattleMech,60,1358,3050
1259,Grand Dragon DRG-5K (Emory),Grand Dragon,DRG-5K (Emory),18,BattleMech,60,1431,3039
4230,Grand Dragon DRG-5K-DC,Grand Dragon,DRG-5K-DC,18,BattleMech,60,1322,3050
1260,Grand Dragon DRG-7K,Grand Dragon,DRG-7K,18,BattleMech,60,1702,3063
1261,Grand Dragon DRG-7K (Mark),Grand Dragon,DRG-7K (Mark),18,BattleMech,60,1817,3067
1262,Grand Dragon DRG-7KC,Grand Dragon,DRG-7KC,18,BattleMech,60,1673,3077
1263,Grand Dragon DRG-9KC,Grand Dragon,DRG-9KC,18,BattleMech,60,1147,3071
1264,Grand Dragon DRG-C,Grand Dragon,DRG-C,18,BattleMech,60,1322,3050
1265,Grand Titan T-IT-N10M,Grand Titan,T-IT-N10M,18,BattleMech,100,1817,3054
1266,Grand Titan T-IT-N11M,Grand Titan,T-IT-N11M,18,BattleMech,100,2053,3058
6830,Grand Titan T-IT-N13M,Grand Titan,T-IT-N13M,18,BattleMech,100,2553,3091
5604,"Grand Titan T-IT-N14R ""Vengeance""",Grand Titan,"T-IT-N14R ""Vengeance""",18,BattleMech,100,2237,3075
5485,Grand Titan T-IT-N16M (Al-Hawad),Grand Titan,T-IT-N16M (Al-Hawad),18,BattleMech,100,0,3068
5861,Grasshopper (Reynolds),Grasshopper,(Reynolds),18,BattleMech,70,2344,3059
4231,Grasshopper GHR-4R,Grasshopper,GHR-4R,18,BattleMech,70,0,2778
1267,Grasshopper GHR-5H,Grasshopper,GHR-5H,18,BattleMech,70,1427,2780
1268,Grasshopper GHR-5J,Grasshopper,GHR-5J,18,BattleMech,70,1354,3049
4232,Grasshopper GHR-5N,Grasshopper,GHR-5N,18,BattleMech,70,1511,3040
1269,Grasshopper GHR-6K,Grasshopper,GHR-6K,18,BattleMech,70,1597,3064
1270,Grasshopper GHR-7K,Grasshopper,GHR-7K,18,BattleMech,70,1806,3068
4233,"Grasshopper GHR-7K ""Gravedigger""",Grasshopper,"GHR-7K ""Gravedigger""",18,BattleMech,70,2084,3071
4234,Grasshopper GHR-7P,Grasshopper,GHR-7P,18,BattleMech,70,1806,3081
1271,Grasshopper GHR-7X,Grasshopper,GHR-7X,18,BattleMech,70,1587,3075
7450,Grasshopper GHR-8K,Grasshopper,GHR-8K,18,BattleMech,70,1754,3091
1272,Grasshopper GHR-C,Grasshopper,GHR-C,18,BattleMech,70,1366,3052
6264,Gravedigger GDR-1D,Gravedigger,GDR-1D,18,BattleMech,50,1707,3105
1273,Gray Death Heavy Suit (Sqd4),Gray Death Heavy Suit,(Sqd4),21,Infantry,1.5,256,3083
8523,Gray Death Heavy Suit (Sqd5),Gray Death Heavy Suit,(Sqd5),21,Infantry,1.5,344,3083
8887,Gray Death Heavy Suit (Sqd6),Gray Death Heavy Suit,(Sqd6),21,Infantry,1.5,443,3083
6582,Gray Death Infiltrator Suit [Firedrake] (Sqd4),Gray Death Infiltrator Suit,[Firedrake] (Sqd4),21,Infantry,1,216,3102
8763,Gray Death Infiltrator Suit [Firedrake] (Sqd5),Gray Death Infiltrator Suit,[Firedrake] (Sqd5),21,Infantry,1,291,3102
9126,Gray Death Infiltrator Suit [Firedrake] (Sqd6),Gray Death Infiltrator Suit,[Firedrake] (Sqd6),21,Infantry,1,374,3102
6586,Gray Death Infiltrator Suit [Mines] (Sqd4),Gray Death Infiltrator Suit,[Mines] (Sqd4),21,Infantry,1,232,3102
8767,Gray Death Infiltrator Suit [Mines] (Sqd5),Gray Death Infiltrator Suit,[Mines] (Sqd5),21,Infantry,1,313,3102
9130,Gray Death Infiltrator Suit [Mines] (Sqd6),Gray Death Infiltrator Suit,[Mines] (Sqd6),21,Infantry,1,402,3102
6585,Gray Death Infiltrator Suit [Remote Sensors] (Sqd4),Gray Death Infiltrator Suit,[Remote Sensors] (Sqd4),21,Infantry,1,200,3102
8766,Gray Death Infiltrator Suit [Remote Sensors] (Sqd5),Gray Death Infiltrator Suit,[Remote Sensors] (Sqd5),21,Infantry,1,270,3102
9129,Gray Death Infiltrator Suit [Remote Sensors] (Sqd6),Gray Death Infiltrator Suit,[Remote Sensors] (Sqd6),21,Infantry,1,347,3102
6584,Gray Death Infiltrator Suit [Sensors] (Sqd4),Gray Death Infiltrator Suit,[Sensors] (Sqd4),21,Infantry,1,208,3102
8765,Gray Death Infiltrator Suit [Sensors] (Sqd5),Gray Death Infiltrator Suit,[Sensors] (Sqd5),21,Infantry,1,280,3102
9128,Gray Death Infiltrator Suit [Sensors] (Sqd6),Gray Death Infiltrator Suit,[Sensors] (Sqd6),21,Infantry,1,360,3102
6583,Gray Death Infiltrator Suit [TAG] (Sqd4),Gray Death Infiltrator Suit,[TAG] (Sqd4),21,Infantry,1,200,3102
8764,Gray Death Infiltrator Suit [TAG] (Sqd5),Gray Death Infiltrator Suit,[TAG] (Sqd5),21,Infantry,1,270,3102
9127,Gray Death Infiltrator Suit [TAG] (Sqd6),Gray Death Infiltrator Suit,[TAG] (Sqd6),21,Infantry,1,347,3102
1274,"Gray Death Scout Suit ""The Willow Wisps"" (Sqd4)",Gray Death Scout Suit,"""The Willow Wisps"" (Sqd4)",21,Infantry,0.75,201,3076
8524,"Gray Death Scout Suit ""The Willow Wisps"" (Sqd5)",Gray Death Scout Suit,"""The Willow Wisps"" (Sqd5)",21,Infantry,0.75,271,3076
8888,"Gray Death Scout Suit ""The Willow Wisps"" (Sqd6)",Gray Death Scout Suit,"""The Willow Wisps"" (Sqd6)",21,Infantry,0.75,348,3076
8460,Gray Death Scout Suit (Reaper) (Sqd4),Gray Death Scout Suit,(Reaper) (Sqd4),21,Infantry,0.75,180,3067
9535,Gray Death Scout Suit (Reaper) (Sqd5),Gray Death Scout Suit,(Reaper) (Sqd5),21,Infantry,0.75,242,3067
9536,Gray Death Scout Suit (Reaper) (Sqd6),Gray Death Scout Suit,(Reaper) (Sqd6),21,Infantry,0.75,311,3067
1275,Gray Death Scout Suit (Sqd4),Gray Death Scout Suit,(Sqd4),21,Infantry,0.75,81,3052
8525,Gray Death Scout Suit (Sqd5),Gray Death Scout Suit,(Sqd5),21,Infantry,0.75,109,3052
8889,Gray Death Scout Suit (Sqd6),Gray Death Scout Suit,(Sqd6),21,Infantry,0.75,140,3052
1276,Gray Death Standard Suit [Flamer] (Sqd4),Gray Death Standard Suit,[Flamer] (Sqd4),21,Infantry,1,193,3052
8526,Gray Death Standard Suit [Flamer] (Sqd5),Gray Death Standard Suit,[Flamer] (Sqd5),21,Infantry,1,260,3052
8890,Gray Death Standard Suit [Flamer] (Sqd6),Gray Death Standard Suit,[Flamer] (Sqd6),21,Infantry,1,334,3052
1278,Gray Death Standard Suit [LRR] (Sqd4),Gray Death Standard Suit,[LRR] (Sqd4),21,Infantry,1,249,3069
8528,Gray Death Standard Suit [LRR] (Sqd5),Gray Death Standard Suit,[LRR] (Sqd5),21,Infantry,1,335,3069
8892,Gray Death Standard Suit [LRR] (Sqd6),Gray Death Standard Suit,[LRR] (Sqd6),21,Infantry,1,431,3069
1277,Gray Death Standard Suit [Laser] (Sqd4),Gray Death Standard Suit,[Laser] (Sqd4),21,Infantry,1,225,3052
8527,Gray Death Standard Suit [Laser] (Sqd5),Gray Death Standard Suit,[Laser] (Sqd5),21,Infantry,1,305,3052
8891,Gray Death Standard Suit [Laser] (Sqd6),Gray Death Standard Suit,[Laser] (Sqd6),21,Infantry,1,389,3052
1279,Gray Death Standard Suit [MG] (Sqd4),Gray Death Standard Suit,[MG] (Sqd4),21,Infantry,1,193,3052
8529,Gray Death Standard Suit [MG] (Sqd5),Gray Death Standard Suit,[MG] (Sqd5),21,Infantry,1,260,3052
8893,Gray Death Standard Suit [MG] (Sqd6),Gray Death Standard Suit,[MG] (Sqd6),21,Infantry,1,334,3052
1280,Gray Death Standard Suit [SRM] (Sqd4),Gray Death Standard Suit,[SRM] (Sqd4),21,Infantry,1,213,3052
8530,Gray Death Standard Suit [SRM] (Sqd5),Gray Death Standard Suit,[SRM] (Sqd5),21,Infantry,1,287,3052
8894,Gray Death Standard Suit [SRM] (Sqd6),Gray Death Standard Suit,[SRM] (Sqd6),21,Infantry,1,369,3052
8784,Gray Death Strike Suit (HarJel) (Sqd5),Gray Death Strike Suit,(HarJel) (Sqd5),21,Infantry,1,383,3107
9147,Gray Death Strike Suit (HarJel) (Sqd6),Gray Death Strike Suit,(HarJel) (Sqd6),21,Infantry,1,493,3107
6729,Gray Death Strike Suit (Harjel) (Sqd4),Gray Death Strike Suit,(Harjel) (Sqd4),21,Infantry,1,285,3107
4236,Gray Death Strike Suit (Prototype) (Sqd4),Gray Death Strike Suit,(Prototype) (Sqd4),21,Infantry,1,328,3073
8625,Gray Death Strike Suit (Prototype) (Sqd5),Gray Death Strike Suit,(Prototype) (Sqd5),21,Infantry,1,443,3073
8989,Gray Death Strike Suit (Prototype) (Sqd6),Gray Death Strike Suit,(Prototype) (Sqd6),21,Infantry,1,569,3073
4237,Gray Death Strike Suit (Sqd4),Gray Death Strike Suit,(Sqd4),21,Infantry,1,268,3080
8626,Gray Death Strike Suit (Sqd5),Gray Death Strike Suit,(Sqd5),21,Infantry,1,360,3080
8990,Gray Death Strike Suit (Sqd6),Gray Death Strike Suit,(Sqd6),21,Infantry,1,463,3080
1281,Great Turtle GTR-1,Great Turtle,GTR-1,18,BattleMech,100,3152,3067
1282,Great Turtle GTR-2,Great Turtle,GTR-2,18,BattleMech,100,2355,3068
1284,Great Wyrm  ,Great Wyrm, ,18,BattleMech,45,1331,2844
1283,Great Wyrm (Aemelia),Great Wyrm,(Aemelia),18,BattleMech,45,1772,3062
1285,Great Wyrm 2,Great Wyrm,2,18,BattleMech,45,1667,3069
6740,Grenadier Battle Armor (Hunter-Killer) [C3/HRR] (Sqd4),Grenadier Battle Armor (Hunter-Killer),[C3/HRR] (Sqd4),21,Infantry,2,240,3123
8795,Grenadier Battle Armor (Hunter-Killer) [C3/HRR] (Sqd5),Grenadier Battle Armor (Hunter-Killer),[C3/HRR] (Sqd5),21,Infantry,2,323,3123
9158,Grenadier Battle Armor (Hunter-Killer) [C3/HRR] (Sqd6),Grenadier Battle Armor (Hunter-Killer),[C3/HRR] (Sqd6),21,Infantry,2,415,3123
4238,Grenadier Battle Armor (Hunter-Killer) [SRM/MagShot] (Sqd4),Grenadier Battle Armor (Hunter-Killer),[SRM/MagShot] (Sqd4),21,Infantry,2,379,3075
8627,Grenadier Battle Armor (Hunter-Killer) [SRM/MagShot] (Sqd5),Grenadier Battle Armor (Hunter-Killer),[SRM/MagShot] (Sqd5),21,Infantry,2,511,3075
8991,Grenadier Battle Armor (Hunter-Killer) [SRM/MagShot] (Sqd6),Grenadier Battle Armor (Hunter-Killer),[SRM/MagShot] (Sqd6),21,Infantry,2,656,3075
4239,Grenadier Battle Armor (Hunter-Killer) [SRM/Narc] (Sqd4),Grenadier Battle Armor (Hunter-Killer),[SRM/Narc] (Sqd4),21,Infantry,2,383,3075
8628,Grenadier Battle Armor (Hunter-Killer) [SRM/Narc] (Sqd5),Grenadier Battle Armor (Hunter-Killer),[SRM/Narc] (Sqd5),21,Infantry,2,515,3075
8992,Grenadier Battle Armor (Hunter-Killer) [SRM/Narc] (Sqd6),Grenadier Battle Armor (Hunter-Killer),[SRM/Narc] (Sqd6),21,Infantry,2,662,3075
6741,Grenadier Battle Armor (Hunter-Killer) [SVSP/Magshot] (Sqd4),Grenadier Battle Armor (Hunter-Killer),[SVSP/Magshot] (Sqd4),21,Infantry,2,291,3123
8796,Grenadier Battle Armor (Hunter-Killer) [SVSP/Magshot] (Sqd5),Grenadier Battle Armor (Hunter-Killer),[SVSP/Magshot] (Sqd5),21,Infantry,2,391,3123
9159,Grenadier Battle Armor (Hunter-Killer) [SVSP/Magshot] (Sqd6),Grenadier Battle Armor (Hunter-Killer),[SVSP/Magshot] (Sqd6),21,Infantry,2,503,3123
6739,Grenadier Battle Armor [Heavy Flamer/Heavy Flamer] (Sqd4),Grenadier Battle Armor,[Heavy Flamer/Heavy Flamer] (Sqd4),21,Infantry,2,260,3097
8794,Grenadier Battle Armor [Heavy Flamer/Heavy Flamer] (Sqd5),Grenadier Battle Armor,[Heavy Flamer/Heavy Flamer] (Sqd5),21,Infantry,2,350,3097
9157,Grenadier Battle Armor [Heavy Flamer/Heavy Flamer] (Sqd6),Grenadier Battle Armor,[Heavy Flamer/Heavy Flamer] (Sqd6),21,Infantry,2,450,3097
4241,Grenadier Battle Armor [SRM/Flamer] (Sqd4),Grenadier Battle Armor,[SRM/Flamer] (Sqd4),21,Infantry,2,312,3065
8629,Grenadier Battle Armor [SRM/Flamer] (Sqd5),Grenadier Battle Armor,[SRM/Flamer] (Sqd5),21,Infantry,2,420,3065
8993,Grenadier Battle Armor [SRM/Flamer] (Sqd6),Grenadier Battle Armor,[SRM/Flamer] (Sqd6),21,Infantry,2,541,3065
4242,Grenadier Battle Armor [SRM/LRR] (Sqd4),Grenadier Battle Armor,[SRM/LRR] (Sqd4),21,Infantry,2,336,3065
8630,Grenadier Battle Armor [SRM/LRR] (Sqd5),Grenadier Battle Armor,[SRM/LRR] (Sqd5),21,Infantry,2,452,3065
8994,Grenadier Battle Armor [SRM/LRR] (Sqd6),Grenadier Battle Armor,[SRM/LRR] (Sqd6),21,Infantry,2,581,3065
4243,Grenadier Battle Armor [SRM/MagShot] (Sqd4),Grenadier Battle Armor,[SRM/MagShot] (Sqd4),21,Infantry,2,346,3065
8631,Grenadier Battle Armor [SRM/MagShot] (Sqd5),Grenadier Battle Armor,[SRM/MagShot] (Sqd5),21,Infantry,2,466,3065
8995,Grenadier Battle Armor [SRM/MagShot] (Sqd6),Grenadier Battle Armor,[SRM/MagShot] (Sqd6),21,Infantry,2,599,3065
4244,Grenadier Battle Armor [SRM/SL] (Sqd4),Grenadier Battle Armor,[SRM/SL] (Sqd4),21,Infantry,2,326,3065
8632,Grenadier Battle Armor [SRM/SL] (Sqd5),Grenadier Battle Armor,[SRM/SL] (Sqd5),21,Infantry,2,439,3065
8996,Grenadier Battle Armor [SRM/SL] (Sqd6),Grenadier Battle Armor,[SRM/SL] (Sqd6),21,Infantry,2,564,3065
4245,Grenadier Battle Armor [SRM/TAG] (Sqd4),Grenadier Battle Armor,[SRM/TAG] (Sqd4),21,Infantry,2,295,3065
8633,Grenadier Battle Armor [SRM/TAG] (Sqd5),Grenadier Battle Armor,[SRM/TAG] (Sqd5),21,Infantry,2,398,3065
8997,Grenadier Battle Armor [SRM/TAG] (Sqd6),Grenadier Battle Armor,[SRM/TAG] (Sqd6),21,Infantry,2,511,3065
7389,Grenadier II Battle Armor A (Sqd4),Grenadier II Battle Armor,A (Sqd4),21,Infantry,1.5,377,3137
8830,Grenadier II Battle Armor A (Sqd5),Grenadier II Battle Armor,A (Sqd5),21,Infantry,1.5,508,3137
7391,Grenadier II Battle Armor B (Sqd4),Grenadier II Battle Armor,B (Sqd4),21,Infantry,1.5,370,3137
8831,Grenadier II Battle Armor B (Sqd5),Grenadier II Battle Armor,B (Sqd5),21,Infantry,1.5,499,3137
7392,Grenadier II Battle Armor C (Sqd4),Grenadier II Battle Armor,C (Sqd4),21,Infantry,1.5,382,3137
8832,Grenadier II Battle Armor C (Sqd5),Grenadier II Battle Armor,C (Sqd5),21,Infantry,1.5,514,3137
7393,Grenadier II Battle Armor D (Sqd4),Grenadier II Battle Armor,D (Sqd4),21,Infantry,1.5,309,3137
8833,Grenadier II Battle Armor D (Sqd5),Grenadier II Battle Armor,D (Sqd5),21,Infantry,1.5,416,3137
1286,Grendel (Mongrel) A,Grendel (Mongrel),A,18,BattleMech,45,2031,3053
1287,Grendel (Mongrel) B,Grendel (Mongrel),B,18,BattleMech,45,1903,3053
1288,Grendel (Mongrel) C,Grendel (Mongrel),C,18,BattleMech,45,1465,3053
1289,Grendel (Mongrel) D,Grendel (Mongrel),D,18,BattleMech,45,2212,3053
1290,Grendel (Mongrel) E,Grendel (Mongrel),E,18,BattleMech,45,1806,3061
1291,Grendel (Mongrel) F,Grendel (Mongrel),F,18,BattleMech,45,1997,3069
7459,Grendel (Mongrel) G,Grendel (Mongrel),G,18,BattleMech,45,2209,3090
1292,Grendel (Mongrel) H,Grendel (Mongrel),H,18,BattleMech,45,1965,3064
7458,Grendel (Mongrel) I,Grendel (Mongrel),I,18,BattleMech,45,1675,3140
7460,Grendel (Mongrel) J,Grendel (Mongrel),J,18,BattleMech,45,1811,3140
7457,Grendel (Mongrel) M,Grendel (Mongrel),M,18,BattleMech,45,1744,3086
1293,Grendel (Mongrel) Prime,Grendel (Mongrel),Prime,18,BattleMech,45,2290,3052
7456,Grendel (Mongrel) T,Grendel (Mongrel),T,18,BattleMech,45,1936,3142
7437,Griffin C,Griffin,C,18,BattleMech,55,2131,3144
7185,Griffin GRF-1A,Griffin,GRF-1A,18,BattleMech,60,1024,2465
1294,Griffin GRF-1DS,Griffin,GRF-1DS,18,BattleMech,55,1285,3049
8289,Griffin GRF-1DS (Almstedt),Griffin,GRF-1DS (Almstedt),18,BattleMech,55,1204,Unknown
1295,"Griffin GRF-1E ""Sparky""",Griffin,"GRF-1E ""Sparky""",18,BattleMech,55,1449,3035
1296,"Griffin GRF-1E2 ""Sparky 2.0""",Griffin,"GRF-1E2 ""Sparky 2.0""",18,BattleMech,55,1862,3074
1297,Griffin GRF-1N,Griffin,GRF-1N,18,BattleMech,55,1272,2492
9402,Griffin GRF-1RG,Griffin,GRF-1RG,18,BattleMech,55,1167,2597
1298,Griffin GRF-1S,Griffin,GRF-1S,18,BattleMech,55,1253,2857
1299,Griffin GRF-2N,Griffin,GRF-2N,18,BattleMech,55,1606,2751
6767,Griffin GRF-2N2,Griffin,GRF-2N2,18,BattleMech,55,0,2703
1300,Griffin GRF-3M,Griffin,GRF-3M,18,BattleMech,55,1521,3049
7436,Griffin GRF-3N,Griffin,GRF-3N,18,BattleMech,55,1560,3093
9401,Griffin GRF-3RG,Griffin,GRF-3RG,18,BattleMech,55,1213,3048
1301,Griffin GRF-4N,Griffin,GRF-4N,18,BattleMech,55,1591,3083
1302,Griffin GRF-4R,Griffin,GRF-4R,18,BattleMech,55,1412,3076
1303,Griffin GRF-5K,Griffin,GRF-5K,18,BattleMech,55,1390,3071
1304,Griffin GRF-5L,Griffin,GRF-5L,18,BattleMech,55,1742,3070
1305,Griffin GRF-5M,Griffin,GRF-5M,18,BattleMech,55,1224,3066
1306,Griffin GRF-6CS,Griffin,GRF-6CS,18,BattleMech,55,1695,3067
9403,Griffin GRF-6R,Griffin,GRF-6R,18,BattleMech,55,1515,3085
1307,Griffin GRF-6S,Griffin,GRF-6S,18,BattleMech,55,1781,3066
1308,Griffin GRF-6S (Francine II),Griffin,GRF-6S (Francine II),18,BattleMech,55,2249,3071
1309,Griffin GRF-6S (Francine),Griffin,GRF-6S (Francine),18,BattleMech,55,1778,3070
6899,Griffin GRF-6S2,Griffin,GRF-6S2,18,BattleMech,55,1870,3123
1310,Griffin IIC  ,Griffin IIC, ,18,BattleMech,40,1608,2852
1311,Griffin IIC 2,Griffin IIC,2,18,BattleMech,40,1516,2973
1312,Griffin IIC 3,Griffin IIC,3,18,BattleMech,40,1532,3060
1313,Griffin IIC 4,Griffin IIC,4,18,BattleMech,40,1475,3060
1314,Griffin IIC 5,Griffin IIC,5,18,BattleMech,40,1344,3071
1315,Griffin IIC 6,Griffin IIC,6,18,BattleMech,40,1468,3073
1316,Griffin IIC 7,Griffin IIC,7,18,BattleMech,40,1952,3083
1317,Griffin IIC 8,Griffin IIC,8,18,BattleMech,40,1736,3078
8159,Griffin IIC 9,Griffin IIC,9,18,BattleMech,40,1106,3144
1318,Grigori C-GRG-O (Rufus),Grigori,C-GRG-O (Rufus),18,BattleMech,60,1422,3071
1319,Grigori C-GRG-O (Tamiel),Grigori,C-GRG-O (Tamiel),18,BattleMech,60,1426,3072
1320,Grigori C-GRG-O Invictus,Grigori,C-GRG-O Invictus,18,BattleMech,60,1245,3069
1321,Grigori C-GRG-OA Dominus,Grigori,C-GRG-OA Dominus,18,BattleMech,60,1536,3069
1322,Grigori C-GRG-OB Infernus,Grigori,C-GRG-OB Infernus,18,BattleMech,60,1408,3069
1323,Grigori C-GRG-OC Comminus,Grigori,C-GRG-OC Comminus,18,BattleMech,60,1438,3069
1324,Grigori C-GRG-OD Luminos,Grigori,C-GRG-OD Luminos,18,BattleMech,60,1568,3069
1325,Grigori C-GRG-OE Eminus,Grigori,C-GRG-OE Eminus,18,BattleMech,60,1544,3072
1326,Grigori C-GRG-OS Caelestis,Grigori,C-GRG-OS Caelestis,18,BattleMech,60,1378,3075
1327,Grigori C-GRG-OU Exanimus,Grigori,C-GRG-OU Exanimus,18,BattleMech,60,1604,3077
5550,Grim Reaper GRM-R (Einar),Grim Reaper,GRM-R (Einar),18,BattleMech,55,2121,3073
1328,Grim Reaper GRM-R-PR29,Grim Reaper,GRM-R-PR29,18,BattleMech,55,1469,3052
1329,Grim Reaper GRM-R-PR30,Grim Reaper,GRM-R-PR30,18,BattleMech,55,1673,3066
1330,Grim Reaper GRM-R-PR31,Grim Reaper,GRM-R-PR31,18,BattleMech,55,1655,3066
1331,Grim Reaper GRM-R-PR62A,Grim Reaper,GRM-R-PR62A,18,BattleMech,55,1542,3072
1332,Grizzly  ,Grizzly, ,18,BattleMech,70,2219,2947
1333,Grizzly 2,Grizzly,2,18,BattleMech,70,2195,3063
9432,Grizzly 3,Grizzly,3,18,BattleMech,70,2331,3138
4250,Grommet AgroMech,Grommet,AgroMech,20,IndustrialMech,0,0,Unknown
7180,Grommet D90 MilitiaMech,Grommet,D90 MilitiaMech,20,IndustrialMech,75,836,Unknown
4251,Ground Car  ,Ground Car, ,19,Combat Vehicle,3,0,Unknown
7872,Ground Pounder DVM-2 MiningMech,Ground Pounder,DVM-2 MiningMech,20,IndustrialMech,65,465,3125
7873,Ground Pounder DVM-2M MiningMech MOD,Ground Pounder,DVM-2M MiningMech MOD,20,IndustrialMech,65,548,3132
8634,Groundhog Exoskeleton CEX-205  [Armored Glove] (Sqd5),Groundhog Exoskeleton,CEX-205  [Armored Glove] (Sqd5),21,Infantry,0.4,50,3062
8998,Groundhog Exoskeleton CEX-205  [Armored Glove] (Sqd6),Groundhog Exoskeleton,CEX-205  [Armored Glove] (Sqd6),21,Infantry,0.4,65,3062
4252,Groundhog Exoskeleton CEX-205 [Armored Glove] (Sqd4),Groundhog Exoskeleton,CEX-205 [Armored Glove] (Sqd4),21,Infantry,0.4,37,3062
7207,Groundhog Exoskeleton CEX-205 [Basic Manipulator] (Sqd4),Groundhog Exoskeleton,CEX-205 [Basic Manipulator] (Sqd4),21,Infantry,0.4,37,3062
8809,Groundhog Exoskeleton CEX-205 [Basic Manipulator] (Sqd5),Groundhog Exoskeleton,CEX-205 [Basic Manipulator] (Sqd5),21,Infantry,0.4,50,3062
9172,Groundhog Exoskeleton CEX-205 [Basic Manipulator] (Sqd6),Groundhog Exoskeleton,CEX-205 [Basic Manipulator] (Sqd6),21,Infantry,0.4,65,3062
7208,Groundhog Exoskeleton CEX-205 [Cargo Lifter] (Sqd4),Groundhog Exoskeleton,CEX-205 [Cargo Lifter] (Sqd4),21,Infantry,0.4,37,3062
8810,Groundhog Exoskeleton CEX-205 [Cargo Lifter] (Sqd5),Groundhog Exoskeleton,CEX-205 [Cargo Lifter] (Sqd5),21,Infantry,0.4,50,3062
9173,Groundhog Exoskeleton CEX-205 [Cargo Lifter] (Sqd6),Groundhog Exoskeleton,CEX-205 [Cargo Lifter] (Sqd6),21,Infantry,0.4,65,3062
7209,Groundhog Exoskeleton CEX-205 [Industrial Drill] (Sqd4),Groundhog Exoskeleton,CEX-205 [Industrial Drill] (Sqd4),21,Infantry,0.4,37,3062
8811,Groundhog Exoskeleton CEX-205 [Industrial Drill] (Sqd5),Groundhog Exoskeleton,CEX-205 [Industrial Drill] (Sqd5),21,Infantry,0.4,50,3062
9174,Groundhog Exoskeleton CEX-205 [Industrial Drill] (Sqd6),Groundhog Exoskeleton,CEX-205 [Industrial Drill] (Sqd6),21,Infantry,0.4,65,3062
7210,Groundhog Exoskeleton CEX-205 [Mine Clearance] (Sqd4),Groundhog Exoskeleton,CEX-205 [Mine Clearance] (Sqd4),21,Infantry,0.4,37,3062
8812,Groundhog Exoskeleton CEX-205 [Mine Clearance] (Sqd5),Groundhog Exoskeleton,CEX-205 [Mine Clearance] (Sqd5),21,Infantry,0.4,50,3062
9175,Groundhog Exoskeleton CEX-205 [Mine Clearance] (Sqd6),Groundhog Exoskeleton,CEX-205 [Mine Clearance] (Sqd6),21,Infantry,0.4,65,3062
7211,Groundhog Exoskeleton CEX-205 [Salvage Arm] (Sqd4),Groundhog Exoskeleton,CEX-205 [Salvage Arm] (Sqd4),21,Infantry,0.4,37,3062
8813,Groundhog Exoskeleton CEX-205 [Salvage Arm] (Sqd5),Groundhog Exoskeleton,CEX-205 [Salvage Arm] (Sqd5),21,Infantry,0.4,50,3062
9176,Groundhog Exoskeleton CEX-205 [Salvage Arm] (Sqd6),Groundhog Exoskeleton,CEX-205 [Salvage Arm] (Sqd6),21,Infantry,0.4,65,3062
5791,"Groundhog Exoskeleton “Master Thief"" (Sqd1)","Groundhog Exoskeleton “Master Thief""",(Sqd1),21,Infantry,0.4,4,3068
5066,Growler Service Utility Truck  ,Growler Service Utility Truck, ,24,Support Vehicle,1,0,2388
7823,Guard GS-107X SecurityMech,Guard,GS-107X SecurityMech,20,IndustrialMech,15,367,3068
4253,Guard GS-54 SecurityMech,Guard,GS-54 SecurityMech,20,IndustrialMech,15,156,2914
1334,Guardian Fighter  ,Guardian Fighter, ,17,Aerospace,20,159,2831
1335,Guardian Fighter B,Guardian Fighter,B,17,Aerospace,20,126,3012
1336,Guardian Fighter C,Guardian Fighter,C,17,Aerospace,20,159,3058
1337,Guardian Fighter D,Guardian Fighter,D,17,Aerospace,20,154,3060
1338,Guillotine GLT-3N,Guillotine,GLT-3N,18,BattleMech,70,1418,2499
8290,Guillotine GLT-3N (Estriđsen),Guillotine,GLT-3N (Estriđsen),18,BattleMech,70,0,3049
1339,Guillotine GLT-4L,Guillotine,GLT-4L,18,BattleMech,70,1400,2825
1340,Guillotine GLT-4P,Guillotine,GLT-4P,18,BattleMech,70,1376,2833
1341,Guillotine GLT-5M,Guillotine,GLT-5M,18,BattleMech,70,1472,3049
1342,Guillotine GLT-6WB,Guillotine,GLT-6WB,18,BattleMech,70,1672,3068
1343,Guillotine GLT-6WB2,Guillotine,GLT-6WB2,18,BattleMech,70,1635,3070
5492,Guillotine GLT-6WB3,Guillotine,GLT-6WB3,18,BattleMech,70,1741,3080
8420,Guillotine GLT-7M,Guillotine,GLT-7M,18,BattleMech,70,1877,3099
1344,Guillotine GLT-8D,Guillotine,GLT-8D,18,BattleMech,70,1891,3062
1345,Guillotine IIC  ,Guillotine IIC, ,18,BattleMech,70,2377,2889
1346,Guillotine IIC 2,Guillotine IIC,2,18,BattleMech,70,2721,3070
8158,Gulf Breeze Station  ,Gulf Breeze Station, ,81,Advanced Aerospace,930000,0,Unknown
6607,Gulltoppr OmniMonitor A,Gulltoppr OmniMonitor,A,19,Combat Vehicle,190,3704,3102
6608,Gulltoppr OmniMonitor B,Gulltoppr OmniMonitor,B,19,Combat Vehicle,190,2938,3102
6606,Gulltoppr OmniMonitor Prime,Gulltoppr OmniMonitor,Prime,19,Combat Vehicle,190,3228,3102
7846,Gulon C SolahmaMech,Gulon,C SolahmaMech,20,IndustrialMech,25,533,3113
7844,Gulon GLN-1A MiningMech,Gulon,GLN-1A MiningMech,20,IndustrialMech,25,352,3020
7845,Gulon GLN-1B SecurityMech,Gulon,GLN-1B SecurityMech,20,IndustrialMech,25,410,3026
6528,Gun Trailer (Ambush),Gun Trailer,(Ambush),19,Combat Vehicle,35,137,3092
6529,Gun Trailer (Artillery/AAA),Gun Trailer,(Artillery/AAA),19,Combat Vehicle,35,452,3096
6532,Gun Trailer (LRM),Gun Trailer,(LRM),19,Combat Vehicle,35,407,3095
6536,Gun Trailer (Mjolnir),Gun Trailer,(Mjolnir),19,Combat Vehicle,35,502,3112
6534,Gun Trailer (SC),Gun Trailer,(SC),19,Combat Vehicle,35,299,3101
6530,Gun Trailer (Siege),Gun Trailer,(Siege),19,Combat Vehicle,35,248,3094
6527,Gun Trailer (Stronghold),Gun Trailer,(Stronghold),19,Combat Vehicle,35,224,3092
6533,Gun Trailer (Thumper),Gun Trailer,(Thumper),19,Combat Vehicle,35,265,3096
6531,Gun Trailer (Thunderbolt),Gun Trailer,(Thunderbolt),19,Combat Vehicle,35,513,3099
6535,Gun Trailer (Ultra),Gun Trailer,(Ultra),19,Combat Vehicle,35,491,3098
6579,Gunboat NL-45,Gunboat,NL-45,17,Aerospace,190,4343,3094
1347,Gunslinger GUN-1ERD,Gunslinger,GUN-1ERD,18,BattleMech,85,2286,3053
1348,Gunslinger GUN-1ERD (Jared),Gunslinger,GUN-1ERD (Jared),18,BattleMech,85,1813,3063
1349,Gunslinger GUN-2ERD,Gunslinger,GUN-2ERD,18,BattleMech,85,2423,3062
1350,Gunslinger GUN-2ERDr,Gunslinger,GUN-2ERDr,18,BattleMech,85,2371,3078
9354,Gunslinger GUN-3ERD,Gunslinger,GUN-3ERD,18,BattleMech,85,2844,3131
6332,Gunsmith CH11-NG,Gunsmith,CH11-NG,18,BattleMech,25,1465,3131
8367,"Gunsmith CH11-NGC ""Cinderella""",Gunsmith,"CH11-NGC ""Cinderella""",18,BattleMech,25,1519,3138
1351,Gurkha GUR-2G,Gurkha,GUR-2G,18,BattleMech,35,1101,3063
4254,Gurkha GUR-4G,Gurkha,GUR-4G,18,BattleMech,35,908,3065
5663,Gurkha GUR-6G,Gurkha,GUR-6G,18,BattleMech,35,1134,3067
5664,Gurkha GUR-8G,Gurkha,GUR-8G,18,BattleMech,35,1241,3069
6251,Gurzil Support Tank  ,Gurzil Support Tank, ,19,Combat Vehicle,80,1765,3126
6266,Gyrfalcon  ,Gyrfalcon, ,18,BattleMech,55,2367,3112
6267,Gyrfalcon 2,Gyrfalcon,2,18,BattleMech,55,2105,3112
6268,Gyrfalcon 3,Gyrfalcon,3,18,BattleMech,55,2228,3112
6269,Gyrfalcon 4,Gyrfalcon,4,18,BattleMech,55,3716,3112
7694,Gyrfalcon 5,Gyrfalcon,5,18,BattleMech,55,2151,3133
8061,Götterdämmerung GTD-20C,Götterdämmerung,GTD-20C,18,BattleMech,75,2285,3144
6629,Götterdämmerung GTD-20S,Götterdämmerung,GTD-20S,18,BattleMech,75,1727,3138
8062,Götterdämmerung GTD-30S,Götterdämmerung,GTD-30S,18,BattleMech,75,1574,3139
6450,Gùn GN-2O,Gùn,GN-2O,18,BattleMech,20,775,3134
6451,Gùn GN-2OA,Gùn,GN-2OA,18,BattleMech,20,685,3134
6452,Gùn GN-2OB,Gùn,GN-2OB,18,BattleMech,20,639,3134
4256,Gürteltier MBT  ,Gürteltier MBT, ,19,Combat Vehicle,100,2125,3081
4255,Gürteltier MBT (C3M),Gürteltier MBT,(C3M),19,Combat Vehicle,100,1863,3086
1364,HALO Paratrooper  ,HALO Paratrooper, ,21,Infantry,3,110,3045
8141,HMRV (Hazard Materials Recovery Vehicle) Davy Crockett Launcher Trailer,HMRV (Hazard Materials Recovery Vehicle),Davy Crockett Launcher Trailer,24,Support Vehicle,0,0,Unknown
6961,HMRV (Hazard Materials Recovery Vehicle) DeConAid Trailer,HMRV (Hazard Materials Recovery Vehicle),DeConAid Trailer,24,Support Vehicle,60,296,2822
4739,"HMRV (Hazardous Materials Recovery Vehicle) ""Oppie"" O-65","HMRV (Hazardous Materials Recovery Vehicle) ""Oppie""",O-65,24,Support Vehicle,150,924,2822
4740,"HMRV (Hazardous Materials Recovery Vehicle) ""Oppie"" O-66","HMRV (Hazardous Materials Recovery Vehicle) ""Oppie""",O-66,24,Support Vehicle,150,924,3068
6960,HMRV (Hazardous Materials Recovery Vehicle) Salvage Bed,HMRV (Hazardous Materials Recovery Vehicle),Salvage Bed,24,Support Vehicle,150,606,2822
1355,Ha Otoko  ,Ha Otoko, ,18,BattleMech,65,1873,3060
1356,Ha Otoko 2,Ha Otoko,2,18,BattleMech,65,2348,3074
1354,Ha Otoko 3,Ha Otoko,3,18,BattleMech,65,2206,3082
1357,Ha Otoko HKO-1C,Ha Otoko,HKO-1C,18,BattleMech,65,1288,3061
4258,Ha Otoko HR,Ha Otoko,HR,18,BattleMech,65,1547,3077
4257,Ha Otoko HR (Refit),Ha Otoko,HR (Refit),18,BattleMech,65,0,3077
1359,Hachiman Fire Support Tank  ,Hachiman Fire Support Tank, ,19,Combat Vehicle,50,1484,2842
1358,Hachiman Fire Support Tank (AAA),Hachiman Fire Support Tank,(AAA),19,Combat Vehicle,50,1418,3070
1360,Hachiwara HCA-3T,Hachiwara,HCA-3T,18,BattleMech,70,1651,3064
1361,Hachiwara HCA-4T,Hachiwara,HCA-4T,18,BattleMech,70,1731,3065
1362,Hachiwara HCA-4U,Hachiwara,HCA-4U,18,BattleMech,70,1791,3066
1363,Hachiwara HCA-6P,Hachiwara,HCA-6P,18,BattleMech,70,2385,3069
6248,Hadur Fast Support Vehicle  ,Hadur Fast Support Vehicle, ,19,Combat Vehicle,50,1667,3102
8050,Hadur Fast Support Vehicle (LRM),Hadur Fast Support Vehicle,(LRM),19,Combat Vehicle,50,2294,3145
8051,Hadur Fast Support Vehicle (Reactive),Hadur Fast Support Vehicle,(Reactive),19,Combat Vehicle,50,1785,3142
7836,Hagan Cargo Ferry  ,Hagan Cargo Ferry, ,79,Advanced Support,2000,1736,2599
4259,Hamilcar  ,Hamilcar, ,17,Aerospace,4400,0,3054
1365,"Hammer HMR-3C ""Claw-Hammer""",Hammer,"HMR-3C ""Claw-Hammer""",18,BattleMech,30,976,3056
1366,Hammer HMR-3M,Hammer,HMR-3M,18,BattleMech,30,787,3053
1367,"Hammer HMR-3P ""Pein-Hammer""",Hammer,"HMR-3P ""Pein-Hammer""",18,BattleMech,30,827,3060
1368,"Hammer HMR-3S ""Slammer""",Hammer,"HMR-3S ""Slammer""",18,BattleMech,30,638,3054
1369,Hammerhands HMH-3D,Hammerhands,HMH-3D,18,BattleMech,75,1381,2475
5863,Hammerhands HMH-3D (Kessem),Hammerhands,HMH-3D (Kessem),18,BattleMech,75,1413,2725
1370,Hammerhands HMH-4D,Hammerhands,HMH-4D,18,BattleMech,75,1356,2492
1371,Hammerhands HMH-5D,Hammerhands,HMH-5D,18,BattleMech,75,1496,3071
1372,Hammerhands HMH-6D,Hammerhands,HMH-6D,18,BattleMech,75,2139,3072
1373,Hammerhands HMH-6E,Hammerhands,HMH-6E,18,BattleMech,75,2204,3077
7511,Hammerhead  ,Hammerhead, ,18,BattleMech,45,1686,3146
7193,Hammerhead HMR-HA,Hammerhead,HMR-HA,17,Aerospace,75,899,2407
7194,Hammerhead HMR-HC,Hammerhead,HMR-HC,17,Aerospace,75,1050,2485
1374,Hammerhead HMR-HD,Hammerhead,HMR-HD,17,Aerospace,75,1028,2571
4261,Hammerhead HMR-HDb,Hammerhead,HMR-HDb,17,Aerospace,75,1338,2731
1375,Hammerhead HMR-HE,Hammerhead,HMR-HE,17,Aerospace,75,1254,2672
1376,Hammerhead HMR-HF,Hammerhead,HMR-HF,17,Aerospace,75,1162,3068
1377,Hammerhead HMR-HG,Hammerhead,HMR-HG,17,Aerospace,75,1235,3075
1378,Hankyu (Arctic Cheetah) A,Hankyu (Arctic Cheetah),A,18,BattleMech,30,1117,3037
1379,Hankyu (Arctic Cheetah) B,Hankyu (Arctic Cheetah),B,18,BattleMech,30,1076,3037
1380,Hankyu (Arctic Cheetah) C,Hankyu (Arctic Cheetah),C,18,BattleMech,30,1840,3037
1381,Hankyu (Arctic Cheetah) D,Hankyu (Arctic Cheetah),D,18,BattleMech,30,1080,3037
1382,Hankyu (Arctic Cheetah) E,Hankyu (Arctic Cheetah),E,18,BattleMech,30,1084,3071
6940,Hankyu (Arctic Cheetah) F,Hankyu (Arctic Cheetah),F,18,BattleMech,30,1394,3093
1383,Hankyu (Arctic Cheetah) H,Hankyu (Arctic Cheetah),H,18,BattleMech,30,1264,3062
8350,Hankyu (Arctic Cheetah) I,Hankyu (Arctic Cheetah),I,18,BattleMech,30,1299,3099
8351,Hankyu (Arctic Cheetah) J,Hankyu (Arctic Cheetah),J,18,BattleMech,30,1179,3141
1384,Hankyu (Arctic Cheetah) Prime,Hankyu (Arctic Cheetah),Prime,18,BattleMech,30,1334,3037
8349,Hankyu (Arctic Cheetah) T,Hankyu (Arctic Cheetah),T,18,BattleMech,30,1429,3142
4263,Hannibal  ,Hannibal, ,17,Aerospace,4900,0,3055
6326,Hanse MBT  ,Hanse MBT, ,19,Combat Vehicle,75,1537,3108
9244,Hantu  AIX-210 (Sqd4),Hantu ,AIX-210 (Sqd4),21,Infantry,0.4,44,3124
9245,Hantu  AIX-210 (Sqd5),Hantu ,AIX-210 (Sqd5),21,Infantry,0.4,59,3124
9246,Hantu  AIX-210 (Sqd6),Hantu ,AIX-210 (Sqd6),21,Infantry,0.4,72,3124
1385,Harasser Laser Platform  ,Harasser Laser Platform, ,19,Combat Vehicle,25,321,2957
1390,Harasser Missile Platform  ,Harasser Missile Platform, ,19,Combat Vehicle,25,413,2811
1386,"Harasser Missile Platform ""Leaping Lisa""",Harasser Missile Platform,"""Leaping Lisa""",19,Combat Vehicle,25,354,2815
1387,"Harasser Missile Platform ""Mini-Peggy""",Harasser Missile Platform,"""Mini-Peggy""",19,Combat Vehicle,25,351,3028
1388,Harasser Missile Platform (Flamer),Harasser Missile Platform,(Flamer),19,Combat Vehicle,25,365,2851
5785,Harasser Missile Platform (Fuel Cell),Harasser Missile Platform,(Fuel Cell),19,Combat Vehicle,25,477,3081
9550,Harasser Missile Platform (Heavy Ferro),Harasser Missile Platform,(Heavy Ferro),19,Combat Vehicle,25,519,3091
9552,Harasser Missile Platform (LFE),Harasser Missile Platform,(LFE),19,Combat Vehicle,25,765,3093
1389,Harasser Missile Platform (LRM),Harasser Missile Platform,(LRM),19,Combat Vehicle,25,412,2821
6751,Harasser Missile Platform (MML),Harasser Missile Platform,(MML),19,Combat Vehicle,25,427,3087
9553,Harasser Missile Platform (Marian),Harasser Missile Platform,(Marian),19,Combat Vehicle,25,487,3108
9549,Harasser Missile Platform (Speed),Harasser Missile Platform,(Speed),19,Combat Vehicle,25,509,3079
6752,Harasser Missile Platform (Thunderbolt),Harasser Missile Platform,(Thunderbolt),19,Combat Vehicle,25,541,3089
9551,Harasser Missile Platform (iNarc),Harasser Missile Platform,(iNarc),19,Combat Vehicle,25,375,3085
5509,Hardened Command Fort (Age of War),Hardened Command Fort,(Age of War),97,Building,150,906,2500
5510,Hardened Command Fort (Clan Invasion),Hardened Command Fort,(Clan Invasion),97,Building,150,1420,3052
5511,Hardened Command Fort (Jihad),Hardened Command Fort,(Jihad),97,Building,150,1376,3072
6254,Harpagos  ,Harpagos, ,18,BattleMech,75,1721,3136
9230,Harpoon Parasub  ,Harpoon Parasub, ,24,Support Vehicle,0,0,Unknown
1391,Harpy  ,Harpy, ,23,Protomech,2,56,3057
1392,Harpy 2,Harpy,2,23,Protomech,2,48,3063
1393,Harpy 3,Harpy,3,23,Protomech,2,64,3065
1394,Harpy 4,Harpy,4,23,Protomech,2,56,3069
9436,Harrier Heavy Hover Tank  ,Harrier Heavy Hover Tank, ,19,Combat Vehicle,50,790,2749
9454,Harrier Heavy Hover Tank (PPC),Harrier Heavy Hover Tank,(PPC),19,Combat Vehicle,50,859,3030
9455,Harrier Heavy Hover Tank (Re-Laser),Harrier Heavy Hover Tank,(Re-Laser),19,Combat Vehicle,50,859,3149
7831,Haruspex Military Surveillance Satellite  ,Haruspex Military Surveillance Satellite, ,79,Advanced Support,100,375,3065
4265,Harvester Ant KIC-3 AgroMech,Harvester Ant,KIC-3 AgroMech,20,IndustrialMech,20,143,2650
7152,Harvester Ant KIC-3M AgroMech MOD / KIC-3 (MG),Harvester Ant,KIC-3M AgroMech MOD / KIC-3 (MG),20,IndustrialMech,20,127,2801
7153,Harvester Ant KIC-3M-B AgroMech MOD / KIC-3 (LRM),Harvester Ant,KIC-3M-B AgroMech MOD / KIC-3 (LRM),20,IndustrialMech,20,214,2801
7860,Harvester HVR-199 AgroMech,Harvester,HVR-199 AgroMech,20,IndustrialMech,40,490,3128
7861,Harvester HVR-199M AgroMech MOD,Harvester,HVR-199M AgroMech MOD,20,IndustrialMech,40,406,3132
7862,Harvester HVR-199M-A AgroMech MOD,Harvester,HVR-199M-A AgroMech MOD,20,IndustrialMech,40,605,3132
7863,Harvester HVR-199M-B AgroMech MOD,Harvester,HVR-199M-B AgroMech MOD,20,IndustrialMech,40,462,3133
7864,Harvester HVR-199M-M AgroMech MOD,Harvester,HVR-199M-M AgroMech MOD,20,IndustrialMech,40,438,3134
4264,Harvester HVR-99 AgroMech,Harvester,HVR-99 AgroMech,20,IndustrialMech,30,339,3049
6317,Hasek Mechanized Combat Vehicle  ,Hasek Mechanized Combat Vehicle, ,19,Combat Vehicle,40,841,3101
1397,Hatamoto-Chi HTM-26T,Hatamoto-Chi,HTM-26T,18,BattleMech,80,1536,3039
1398,Hatamoto-Chi HTM-27T,Hatamoto-Chi,HTM-27T,18,BattleMech,80,1607,3042
1399,Hatamoto-Chi HTM-27T (Daniel II),Hatamoto-Chi,HTM-27T (Daniel II),18,BattleMech,80,1661,3052
1400,Hatamoto-Chi HTM-27T (Daniel),Hatamoto-Chi,HTM-27T (Daniel),18,BattleMech,80,1520,3039
8284,Hatamoto-Chi HTM-27T (Lowenbrau),Hatamoto-Chi,HTM-27T (Lowenbrau),18,BattleMech,80,0,3051
7925,Hatamoto-Chi HTM-27T2,Hatamoto-Chi,HTM-27T2,18,BattleMech,80,0,3114
1401,Hatamoto-Chi HTM-28T,Hatamoto-Chi,HTM-28T,18,BattleMech,80,2039,3059
5457,Hatamoto-Chi HTM-28T (Shin),Hatamoto-Chi,HTM-28T (Shin),18,BattleMech,80,2213,3060
1402,Hatamoto-Chi HTM-28Tr,Hatamoto-Chi,HTM-28Tr,18,BattleMech,80,2034,3071
9577,Hatamoto-Chi HTM-30T,Hatamoto-Chi,HTM-30T,18,BattleMech,80,2196,3142
6419,Hatamoto-Godai HTM-30Z,Hatamoto-Godai,HTM-30Z,18,BattleMech,80,1899,3140
1403,Hatamoto-Hi HTM-27U,Hatamoto-Hi,HTM-27U,18,BattleMech,80,1627,3047
1404,Hatamoto-Hi HTM-C,Hatamoto-Hi,HTM-C,18,BattleMech,80,1627,3050
1405,Hatamoto-Hi HTM-CM,Hatamoto-Hi,HTM-CM,18,BattleMech,80,1573,3050
4266,Hatamoto-Kaeru HTM-35K,Hatamoto-Kaeru,HTM-35K,18,BattleMech,80,1906,3076
1406,Hatamoto-Kaeru HTM-35X,Hatamoto-Kaeru,HTM-35X,18,BattleMech,80,1906,3075
8269,Hatamoto-Kaze HTM-26V,Hatamoto-Kaze,HTM-26V,18,BattleMech,80,0,3039
1407,Hatamoto-Kaze HTM-27V,Hatamoto-Kaze,HTM-27V,18,BattleMech,80,1595,3048
7926,Hatamoto-Kaze HTM-27V2,Hatamoto-Kaze,HTM-27V2,18,BattleMech,80,1725,3115
8268,Hatamoto-Ku HTM-26W,Hatamoto-Ku,HTM-26W,18,BattleMech,80,0,3039
1408,Hatamoto-Ku HTM-27W,Hatamoto-Ku,HTM-27W,18,BattleMech,80,1563,3048
7350,Hatamoto-Ku HTM-27W2,Hatamoto-Ku,HTM-27W2,18,BattleMech,80,1699,3115
1409,Hatamoto-Mizo HTM-27Y,Hatamoto-Mizo,HTM-27Y,18,BattleMech,80,1675,3050
6418,Hatamoto-Suna HTM-30S,Hatamoto-Suna,HTM-30S,18,BattleMech,80,2086,3138
1410,Hatchetman HCT-3F,Hatchetman,HCT-3F,18,BattleMech,45,854,3023
1411,Hatchetman HCT-3F (Austin),Hatchetman,HCT-3F (Austin),18,BattleMech,45,962,3039
4267,Hatchetman HCT-3G,Hatchetman,HCT-3G,18,BattleMech,0,0,3023
5445,Hatchetman HCT-5D,Hatchetman,HCT-5D,18,BattleMech,45,1012,3062
5446,Hatchetman HCT-5DD,Hatchetman,HCT-5DD,18,BattleMech,45,1112,3065
8438,Hatchetman HCT-5DT,Hatchetman,HCT-5DT,18,BattleMech,45,1788,3145
1412,Hatchetman HCT-5K,Hatchetman,HCT-5K,18,BattleMech,45,1070,3075
1413,Hatchetman HCT-5S,Hatchetman,HCT-5S,18,BattleMech,45,1039,3049
1414,Hatchetman HCT-5S (Austin),Hatchetman,HCT-5S (Austin),18,BattleMech,45,1174,3059
1415,Hatchetman HCT-6D,Hatchetman,HCT-6D,18,BattleMech,45,1611,3062
1416,Hatchetman HCT-6M,Hatchetman,HCT-6M,18,BattleMech,45,1274,3084
1417,Hatchetman HCT-6S,Hatchetman,HCT-6S,18,BattleMech,45,1174,3064
7988,Hatchetman HCT-7D,Hatchetman,HCT-7D,18,BattleMech,45,1296,3092
7295,Hatchetman HCT-7R,Hatchetman,HCT-7R,18,BattleMech,45,1521,3114
1418,Hatchetman HCT-7S,Hatchetman,HCT-7S,18,BattleMech,45,1243,3084
7780,Hatchetman HCT-8S,Hatchetman,HCT-8S,18,BattleMech,45,1479,3140
4269,Hauberk Battle Armor (Sqd4),Hauberk Battle Armor,(Sqd4),21,Infantry,2,363,3070
8635,Hauberk Battle Armor (Sqd5),Hauberk Battle Armor,(Sqd5),21,Infantry,2,489,3070
8999,Hauberk Battle Armor (Sqd6),Hauberk Battle Armor,(Sqd6),21,Infantry,2,629,3070
4270,Hauberk Battle Armor Commando (Sqd4),Hauberk Battle Armor Commando,(Sqd4),21,Infantry,2,387,3088
8636,Hauberk Battle Armor Commando (Sqd5),Hauberk Battle Armor Commando,(Sqd5),21,Infantry,2,520,3088
9000,Hauberk Battle Armor Commando (Sqd6),Hauberk Battle Armor Commando,(Sqd6),21,Infantry,2,669,3088
1419,Hauberk Battle Armor U15 (Sqd4),Hauberk Battle Armor U15,(Sqd4),21,Infantry,2,483,3076
8531,Hauberk Battle Armor U15 (Sqd5),Hauberk Battle Armor U15,(Sqd5),21,Infantry,2,650,3076
8895,Hauberk Battle Armor U15 (Sqd6),Hauberk Battle Armor U15,(Sqd6),21,Infantry,2,835,3076
4271,Hauberk II Battle Armor (Sqd4),Hauberk II Battle Armor,(Sqd4),21,Infantry,2,325,3072
8637,Hauberk II Battle Armor (Sqd5),Hauberk II Battle Armor,(Sqd5),21,Infantry,2,438,3072
9001,Hauberk II Battle Armor (Sqd6),Hauberk II Battle Armor,(Sqd6),21,Infantry,2,563,3072
1420,Hauptmann HA1-O,Hauptmann,HA1-O,18,BattleMech,95,2157,3060
1421,Hauptmann HA1-OA,Hauptmann,HA1-OA,18,BattleMech,95,2311,3060
1422,Hauptmann HA1-OB,Hauptmann,HA1-OB,18,BattleMech,95,2208,3060
1423,Hauptmann HA1-OC,Hauptmann,HA1-OC,18,BattleMech,95,2322,3061
1424,Hauptmann HA1-OD,Hauptmann,HA1-OD,18,BattleMech,95,2359,3070
1425,Hauptmann HA1-OE,Hauptmann,HA1-OE,18,BattleMech,95,2298,3073
6839,Hauptmann HA1-OF,Hauptmann,HA1-OF,18,BattleMech,95,2484,3094
6838,Hauptmann HA1-OM,Hauptmann,HA1-OM,18,BattleMech,95,2214,3120
6837,Hauptmann HA1-OT,Hauptmann,HA1-OT,18,BattleMech,95,3031,3136
6502,Havoc HVC-P6,Havoc,HVC-P6,18,BattleMech,35,1255,3112
5587,Hawk Hover Tank (LTV-4),Hawk Hover Tank,(LTV-4),19,Combat Vehicle,50,684,2464
1427,Hawk Moth Gunship  ,Hawk Moth Gunship, ,19,Combat Vehicle,25,492,3060
5786,"Hawk Moth Gunship ""Verwandlung""",Hawk Moth Gunship,"""Verwandlung""",19,Combat Vehicle,25,749,3081
1426,Hawk Moth Gunship (Armor),Hawk Moth Gunship,(Armor),19,Combat Vehicle,25,501,3060
1428,Hawk Moth Gunship (Thunderbolt),Hawk Moth Gunship,(Thunderbolt),19,Combat Vehicle,25,745,3072
6653,Hawk Moth II Gunship  ,Hawk Moth II Gunship, ,19,Combat Vehicle,25,928,3112
6697,Hawk Moth II Gunship (MML),Hawk Moth II Gunship,(MML),19,Combat Vehicle,25,851,3114
6698,Hawk Moth II Gunship (Sniper),Hawk Moth II Gunship,(Sniper),19,Combat Vehicle,25,490,3113
4273,HawkWolf HWK-3F,HawkWolf,HWK-3F,18,BattleMech,80,1349,3076
6576,HawkWolf HWK-4F,HawkWolf,HWK-4F,18,BattleMech,80,1428,3100
1429,Heavy BattleMech Recovery Vehicle  ,Heavy BattleMech Recovery Vehicle, ,19,Combat Vehicle,70,176,2500
5495,Heavy Fire Base (Age of War),Heavy Fire Base,(Age of War),97,Building,90,277,2460
5498,Heavy Fire Base (Clan Invasion),Heavy Fire Base,(Clan Invasion),97,Building,90,261,3052
5499,Heavy Fire Base (Jihad),Heavy Fire Base,(Jihad),97,Building,90,299,3070
5497,Heavy Fire Base (Succession Wars),Heavy Fire Base,(Succession Wars),97,Building,90,0,Unknown
1430,Heavy Foot LRM Infantry  ,Heavy Foot LRM Infantry, ,21,Infantry,3,124,3057
4529,Heavy Forester HFL-1 LoggerMech,Heavy Forester,HFL-1 LoggerMech,20,IndustrialMech,60,433,2604
7871,Heavy Forester HFL-1M LoggerMech MOD,Heavy Forester,HFL-1M LoggerMech MOD,20,IndustrialMech,60,465,3025
1435,Heavy Hover APC  ,Heavy Hover APC, ,19,Combat Vehicle,20,188,2470
1431,Heavy Hover APC (LRM),Heavy Hover APC,(LRM),19,Combat Vehicle,20,284,2470
1432,Heavy Hover APC (MG),Heavy Hover APC,(MG),19,Combat Vehicle,20,218,2470
6759,Heavy Hover APC (Primitive LRM),Heavy Hover APC,(Primitive LRM),24,Support Vehicle,0,0,2400
6760,Heavy Hover APC (Primitive SRM),Heavy Hover APC,(Primitive SRM),24,Support Vehicle,20,0,2370
6761,Heavy Hover APC (Primitive),Heavy Hover APC,(Primitive),24,Support Vehicle,20,0,2370
1434,Heavy Hover APC (SRM),Heavy Hover APC,(SRM),19,Combat Vehicle,20,271,2470
1433,Heavy Hover APC (Scout Tank),Heavy Hover APC,(Scout Tank),19,Combat Vehicle,20,330,3070
1436,Heavy Infantry  ,Heavy Infantry, ,21,Infantry,6,167,3065
1438,Heavy Jump Infantry  ,Heavy Jump Infantry, ,21,Infantry,4,115,3063
1440,Heavy LRM Carrier  ,Heavy LRM Carrier, ,19,Combat Vehicle,80,948,3058
1439,Heavy LRM Carrier (EN Variant),Heavy LRM Carrier,(EN Variant),19,Combat Vehicle,80,1159,3073
4274,Heavy Lifter HCL-1 CargoMech,Heavy Lifter,HCL-1 CargoMech,20,IndustrialMech,60,667,3066
7869,Heavy Lifter HCL-1M CargoMech MOD,Heavy Lifter,HCL-1M CargoMech MOD,20,IndustrialMech,60,915,3132
7870,Heavy Lifter HCL-1MM MilitiaMech,Heavy Lifter,HCL-1MM MilitiaMech,20,IndustrialMech,60,991,3133
1441,Heavy MML Carrier  ,Heavy MML Carrier, ,19,Combat Vehicle,80,722,3075
1442,Heavy Mountain Infantry  ,Heavy Mountain Infantry, ,21,Infantry,1.5,36,2500
4276,Heavy NLRM Carrier  ,Heavy NLRM Carrier, ,19,Combat Vehicle,80,1245,3083
7764,Heavy Riot Infantry (Foot)  ,Heavy Riot Infantry (Foot), ,21,Infantry,3,89,2550
7765,Heavy Riot Infantry (Mechanized),Heavy Riot Infantry (Mechanized),,21,Infantry,24,73,2550
1443,Heavy Strike Fighter Bat Hawk,Heavy Strike Fighter,Bat Hawk,17,Aerospace,45,293,2916
1444,Heavy Strike Fighter Inseki,Heavy Strike Fighter,Inseki,17,Aerospace,45,381,2683
1445,Heavy Strike Fighter Inseki II,Heavy Strike Fighter,Inseki II,17,Aerospace,45,610,2793
1446,Heavy Strike Fighter Meteor,Heavy Strike Fighter,Meteor,17,Aerospace,45,381,2665
1447,Heavy Strike Fighter Meteor-G,Heavy Strike Fighter,Meteor-G,17,Aerospace,45,547,3060
1448,Heavy Strike Fighter Meteor-U,Heavy Strike Fighter,Meteor-U,17,Aerospace,45,716,3063
1449,Heavy Support Infantry  ,Heavy Support Infantry, ,21,Infantry,6,95,3063
1453,Heavy Tracked APC  ,Heavy Tracked APC, ,19,Combat Vehicle,20,206,2470
1450,Heavy Tracked APC (LRM),Heavy Tracked APC,(LRM),19,Combat Vehicle,20,276,2470
1451,Heavy Tracked APC (MG),Heavy Tracked APC,(MG),19,Combat Vehicle,20,228,2470
1452,Heavy Tracked APC (SRM),Heavy Tracked APC,(SRM),19,Combat Vehicle,20,266,2470
4277,Heavy Transport B1,Heavy Transport,B1,19,Combat Vehicle,20,0,Unknown
9202,Heavy Transport B1 (MG),Heavy Transport,B1 (MG),19,Combat Vehicle,20,0,Unknown
4279,Heavy Transport B1 (SL),Heavy Transport,B1 (SL),19,Combat Vehicle,20,0,2400
4280,Heavy Transport B1 (SRM),Heavy Transport,B1 (SRM),19,Combat Vehicle,20,0,2370
1454,Heavy Weapons Carrier (PPC),Heavy Weapons Carrier,(PPC),19,Combat Vehicle,20,445,3056
1458,Heavy Wheeled APC  ,Heavy Wheeled APC, ,19,Combat Vehicle,20,189,2470
1455,Heavy Wheeled APC (LRM),Heavy Wheeled APC,(LRM),19,Combat Vehicle,20,265,2470
1456,Heavy Wheeled APC (MG),Heavy Wheeled APC,(MG),19,Combat Vehicle,20,213,2470
1457,Heavy Wheeled APC (SRM),Heavy Wheeled APC,(SRM),19,Combat Vehicle,20,255,2470
1459,Heavy Wheeled APC (WoB),Heavy Wheeled APC,(WoB),19,Combat Vehicle,20,330,3072
4281,HeavyHauler Exoskeleton (Sqd4),HeavyHauler Exoskeleton,(Sqd4),21,Infantry,0.4,6,3052
8638,HeavyHauler Exoskeleton (Sqd5),HeavyHauler Exoskeleton,(Sqd5),21,Infantry,0.4,8,3052
9002,HeavyHauler Exoskeleton (Sqd6),HeavyHauler Exoskeleton,(Sqd6),21,Infantry,0.4,10,3052
4283,Hector HOR-1B,Hector,HOR-1B,18,BattleMech,70,949,2471
4284,Hector HOR-1C,Hector,HOR-1C,18,BattleMech,70,993,2476
4285,Hector Road Train Tractor  ,Hector Road Train Tractor, ,24,Support Vehicle,160,0,2500
4286,Hector Road Train Trailer (Cargo),Hector Road Train Trailer,(Cargo),24,Support Vehicle,80,0,2500
4287,Hector Road Train Trailer (Liquid Cargo),Hector Road Train Trailer,(Liquid Cargo),24,Support Vehicle,80,0,2500
4288,Hector Road Train Trailer (Livestock Cargo),Hector Road Train Trailer,(Livestock Cargo),24,Support Vehicle,80,0,2500
4289,Hector Road Train Trailer (Passenger),Hector Road Train Trailer,(Passenger),24,Support Vehicle,80,0,2500
4290,Hector Road Train Trailer (Refrigerated Cargo),Hector Road Train Trailer,(Refrigerated Cargo),24,Support Vehicle,80,0,2500
530,Hegemony Ceremonial Guard (1/4),Hegemony Ceremonial Guard,(1/4),21,Infantry,3,107,2950
4292,Heimdall Ground Monitor Tank A,Heimdall Ground Monitor Tank,A,19,Combat Vehicle,95,2244,3063
5742,Heimdall Ground Monitor Tank B,Heimdall Ground Monitor Tank,B,19,Combat Vehicle,95,2254,3068
5743,Heimdall Ground Monitor Tank C,Heimdall Ground Monitor Tank,C,19,Combat Vehicle,95,2131,3075
6804,Heimdall Ground Monitor Tank D,Heimdall Ground Monitor Tank,D,19,Combat Vehicle,95,1990,3092
4293,Heimdall Ground Monitor Tank Prime,Heimdall Ground Monitor Tank,Prime,19,Combat Vehicle,95,1943,3063
8250,Hel HL-1,Hel,HL-1,18,BattleMech,50,1674,3092
9251,Hel HL-2,Hel,HL-2,18,BattleMech,50,1549,3092
1460,Helepolis HEP-1H,Helepolis,HEP-1H,18,BattleMech,75,1063,2460
1461,Helepolis HEP-2H,Helepolis,HEP-2H,18,BattleMech,75,1369,2567
8471,Helepolis HEP-2X,Helepolis,HEP-2X,18,BattleMech,75,0,2488
1462,Helepolis HEP-3H,Helepolis,HEP-3H,18,BattleMech,75,1380,2625
1463,Helepolis HEP-4H,Helepolis,HEP-4H,18,BattleMech,75,1366,3074
4294,Helios HEL-2C,Helios,HEL-2C,18,BattleMech,60,0,3054
1464,Helios HEL-3D,Helios,HEL-3D,18,BattleMech,60,1618,3058
1465,Helios HEL-4A,Helios,HEL-4A,18,BattleMech,60,1519,3060
1466,Helios HEL-6X,Helios,HEL-6X,18,BattleMech,60,1761,3072
7989,Helios HEL-7L,Helios,HEL-7L,18,BattleMech,60,1459,3144
1467,Helios HEL-C,Helios,HEL-C,18,BattleMech,60,1533,3060
4295,Hellcat HCT-213,Hellcat,HCT-213,17,Aerospace,60,1262,2671
4296,Hellcat HCT-213D,Hellcat,HCT-213D,17,Aerospace,60,1169,2701
4297,Hellcat HCT-213R,Hellcat,HCT-213R,17,Aerospace,60,1181,2675
5539,Hellcat HCT-213S,Hellcat,HCT-213S,17,Aerospace,60,1271,2683
4299,Hellcat HCT-313,Hellcat,HCT-313,17,Aerospace,60,1674,3073
1468,Hellcat II HCT-212,Hellcat II,HCT-212,17,Aerospace,50,1212,2838
1469,Hellcat II HCT-213B,Hellcat II,HCT-213B,17,Aerospace,50,1153,2710
7325,Hellcat II HCT-213BC (Herman),Hellcat II,HCT-213BC (Herman),17,Aerospace,50,0,2774
1470,Hellcat II HCT-213C,Hellcat II,HCT-213C,17,Aerospace,50,1308,2724
1471,Hellcat II HCT-214,Hellcat II,HCT-214,17,Aerospace,50,1375,2715
1472,Hellcat II HCT-215,Hellcat II,HCT-215,17,Aerospace,50,1686,3070
4300,Hellfire  ,Hellfire, ,18,BattleMech,60,2114,3058
4301,Hellfire 2,Hellfire,2,18,BattleMech,60,2370,3067
5685,Hellfire 3,Hellfire,3,18,BattleMech,60,2138,3072
1473,Hellhound (Conjurer)  ,Hellhound (Conjurer), ,18,BattleMech,50,1813,2829
8178,Hellhound (Conjurer) (Helmer),Hellhound (Conjurer),(Helmer),18,BattleMech,50,0,Unknown
1474,Hellhound (Conjurer) 2,Hellhound (Conjurer),2,18,BattleMech,50,2097,3062
1475,Hellhound (Conjurer) 3,Hellhound (Conjurer),3,18,BattleMech,50,1764,3064
1476,Hellhound (Conjurer) 4,Hellhound (Conjurer),4,18,BattleMech,50,2164,3065
1477,Hellhound (Conjurer) 5,Hellhound (Conjurer),5,18,BattleMech,50,1722,3067
9429,Hellhound (Conjurer) 6,Hellhound (Conjurer),6,18,BattleMech,50,2223,3063
7512,Hellhound (Conjurer) 7,Hellhound (Conjurer),7,18,BattleMech,50,1845,2836
7513,Hellhound (Conjurer) 8,Hellhound (Conjurer),8,18,BattleMech,50,2197,3142
9409,Hellhound II (Hellcat)  ,Hellhound II (Hellcat), ,18,BattleMech,50,1801,3133
9430,Hellhound II-P (Hellcat-P)  ,Hellhound II-P (Hellcat-P), ,18,BattleMech,50,1777,3065
4303,Hellion A,Hellion,A,18,BattleMech,30,1543,3059
4304,Hellion B,Hellion,B,18,BattleMech,30,1569,3059
4305,Hellion C,Hellion,C,18,BattleMech,30,2095,3061
5657,Hellion D,Hellion,D,18,BattleMech,30,1761,3068
5658,Hellion E,Hellion,E,18,BattleMech,30,1292,3070
5659,Hellion F,Hellion,F,18,BattleMech,30,1594,3077
6939,Hellion G,Hellion,G,18,BattleMech,30,1614,3119
8327,Hellion P,Hellion,P,18,BattleMech,30,1685,3124
4306,Hellion Prime,Hellion,Prime,18,BattleMech,30,1873,3059
8326,Hellion T,Hellion,T,18,BattleMech,30,1637,3142
5673,Hellspawn HSN-10G,Hellspawn,HSN-10G,18,BattleMech,45,1188,3076
5674,Hellspawn HSN-10SR,Hellspawn,HSN-10SR,18,BattleMech,45,1411,3081
4307,Hellspawn HSN-7D,Hellspawn,HSN-7D,18,BattleMech,45,1220,3062
1478,Hellspawn HSN-7D2 (Halperin),Hellspawn,HSN-7D2 (Halperin),18,BattleMech,45,1431,3072
4308,Hellspawn HSN-8E,Hellspawn,HSN-8E,18,BattleMech,45,1341,3068
4309,Hellspawn HSN-9F,Hellspawn,HSN-9F,18,BattleMech,45,1118,3068
1481,Hellstar  ,Hellstar, ,18,BattleMech,95,3084,3079
1479,Hellstar 2,Hellstar,2,18,BattleMech,95,3545,3079
1480,Hellstar 3,Hellstar,3,18,BattleMech,95,3025,3079
4311,Hephaestus Jump Tank  ,Hephaestus Jump Tank, ,19,Combat Vehicle,35,1044,3083
4310,Hephaestus Jump Tank (Anti-Infantry),Hephaestus Jump Tank,(Anti-Infantry),19,Combat Vehicle,35,0,3089
4313,Hephaestus Scout Tank A,Hephaestus Scout Tank,A,19,Combat Vehicle,30,768,3064
4314,Hephaestus Scout Tank B,Hephaestus Scout Tank,B,19,Combat Vehicle,30,957,3064
4315,Hephaestus Scout Tank C,Hephaestus Scout Tank,C,19,Combat Vehicle,30,577,3064
5726,Hephaestus Scout Tank D,Hephaestus Scout Tank,D,19,Combat Vehicle,30,850,3071
4316,Hephaestus Scout Tank Prime,Hephaestus Scout Tank,Prime,19,Combat Vehicle,30,777,3064
4317,Hephaestus Station  ,Hephaestus Station, ,81,Advanced Aerospace,0,0,3005
4318,Hercules  ,Hercules, ,17,Aerospace,7200,0,3053
1482,Hercules HRC-LS-9000,Hercules,HRC-LS-9000,18,BattleMech,70,1561,3054
1483,Hercules HRC-LS-9000 (Julius),Hercules,HRC-LS-9000 (Julius),18,BattleMech,70,1644,3065
1484,Hercules HRC-LS-9001,Hercules,HRC-LS-9001,18,BattleMech,70,1566,3056
7990,Hercules HRC-LS-9003,Hercules,HRC-LS-9003,18,BattleMech,70,1794,3088
7991,Hercules HRC-LS-9004,Hercules,HRC-LS-9004,18,BattleMech,70,1824,3141
4319,Herdsman IndustrialMech  ,Herdsman IndustrialMech, ,20,IndustrialMech,0,0,Unknown
1485,Hermes HER-1A,Hermes,HER-1A,18,BattleMech,30,601,2856
1486,Hermes HER-1B,Hermes,HER-1B,18,BattleMech,30,687,2856
1487,Hermes HER-1S,Hermes,HER-1S,18,BattleMech,30,716,2632
1488,Hermes HER-1Sb,Hermes,HER-1Sb,18,BattleMech,30,1112,2740
1489,Hermes HER-3S,Hermes,HER-3S,18,BattleMech,30,649,3047
1490,Hermes HER-3S1,Hermes,HER-3S1,18,BattleMech,30,726,3049
1491,Hermes HER-3S2,Hermes,HER-3S2,18,BattleMech,30,600,3049
1492,Hermes HER-4K,Hermes,HER-4K,18,BattleMech,30,1470,3058
1493,Hermes HER-4M,Hermes,HER-4M,18,BattleMech,30,1362,3060
1494,Hermes HER-4S,Hermes,HER-4S,18,BattleMech,30,1012,3057
1495,Hermes HER-4WB,Hermes,HER-4WB,18,BattleMech,30,1042,3068
4320,"Hermes II HER-2K ""Hermes III""",Hermes II,"HER-2K ""Hermes III""",18,BattleMech,40,0,2799
1496,"Hermes II HER-2M ""Mercury""",Hermes II,"HER-2M ""Mercury""",18,BattleMech,40,910,2802
1497,Hermes II HER-2S,Hermes II,HER-2S,18,BattleMech,40,784,2798
4321,Hermes II HER-2X,Hermes II,HER-2X,18,BattleMech,0,0,Unknown
1498,"Hermes II HER-4K ""Hermes III""",Hermes II,"HER-4K ""Hermes III""",18,BattleMech,40,976,3025
1499,Hermes II HER-5C,Hermes II,HER-5C,18,BattleMech,40,1119,3062
1500,"Hermes II HER-5ME ""Mercury Elite""",Hermes II,"HER-5ME ""Mercury Elite""",18,BattleMech,40,847,3056
1501,Hermes II HER-5S,Hermes II,HER-5S,18,BattleMech,40,857,3050
1502,Hermes II HER-5SA,Hermes II,HER-5SA,18,BattleMech,40,924,3068
1503,Hermes II HER-5Sr,Hermes II,HER-5Sr,18,BattleMech,40,1242,3074
1504,Hermes II HER-6D,Hermes II,HER-6D,18,BattleMech,40,1106,3062
9314,Hermes II HER-7A,Hermes II,HER-7A,18,BattleMech,40,1121,3120
1505,Hermes II HER-7S,Hermes II,HER-7S,18,BattleMech,40,1525,3077
7721,Hermit Crab HMC-13,Hermit Crab,HMC-13,18,BattleMech,25,731,3104
7722,Hermit Crab HMC-14,Hermit Crab,HMC-14,18,BattleMech,25,844,3108
7723,Hermit Crab HMC-15,Hermit Crab,HMC-15,18,BattleMech,25,742,3108
8149,Heron Naval Support VTOL  ,Heron Naval Support VTOL, ,24,Support Vehicle,0,0,Unknown
4322,Hesiod Utility Vehicle  ,Hesiod Utility Vehicle, ,24,Support Vehicle,7,0,3060
5621,Hessen Heavy Tank  ,Hessen Heavy Tank, ,24,Support Vehicle,0,0,Unknown
1513,Hetzer Wheeled Assault Gun  ,Hetzer Wheeled Assault Gun, ,19,Combat Vehicle,40,574,2887
1506,Hetzer Wheeled Assault Gun (AC10),Hetzer Wheeled Assault Gun,(AC10),19,Combat Vehicle,40,536,2893
9387,Hetzer Wheeled Assault Gun (Cell),Hetzer Wheeled Assault Gun,(Cell),19,Combat Vehicle,40,900,3090
1508,Hetzer Wheeled Assault Gun (LB-X),Hetzer Wheeled Assault Gun,(LB-X),19,Combat Vehicle,40,767,3063
1509,Hetzer Wheeled Assault Gun (LRM),Hetzer Wheeled Assault Gun,(LRM),19,Combat Vehicle,40,657,3001
1507,Hetzer Wheeled Assault Gun (Laser),Hetzer Wheeled Assault Gun,(Laser),19,Combat Vehicle,40,520,2889
1512,Hetzer Wheeled Assault Gun (SRM),Hetzer Wheeled Assault Gun,(SRM),19,Combat Vehicle,40,630,2957
1510,Hetzer Wheeled Assault Gun (Scout),Hetzer Wheeled Assault Gun,(Scout),19,Combat Vehicle,40,553,3014
1511,Hetzer Wheeled Assault Gun (Sealed),Hetzer Wheeled Assault Gun,(Sealed),19,Combat Vehicle,40,775,3076
9388,Hetzer Wheeled Assault Gun C,Hetzer Wheeled Assault Gun,C,19,Combat Vehicle,40,1051,3107
7306,Hexareme HQ Hovercraft  ,Hexareme HQ Hovercraft, ,19,Combat Vehicle,90,1408,3115
1530,Hi-Scout Drone (NapFind),Hi-Scout Drone,(NapFind),24,Support Vehicle,2,11,3000
1531,Hi-Scout Drone (PathTrak),Hi-Scout Drone,(PathTrak),24,Support Vehicle,3,36,3000
1532,Hi-Scout Drone Carrier  ,Hi-Scout Drone Carrier, ,19,Combat Vehicle,60,347,3000
5608,"Hi-Scout Drone Carrier ""Cunnington""",Hi-Scout Drone Carrier,"""Cunnington""",19,Combat Vehicle,60,515,3077
7485,Hierofalcon A,Hierofalcon,A,18,BattleMech,45,1963,3148
7486,Hierofalcon B,Hierofalcon,B,18,BattleMech,45,1737,3148
7487,Hierofalcon C,Hierofalcon,C,18,BattleMech,45,1983,3148
7488,Hierofalcon D,Hierofalcon,D,18,BattleMech,45,2183,3148
7484,Hierofalcon Prime,Hierofalcon,Prime,18,BattleMech,45,1878,3148
5552,Highlander HGN-641-X-2,Highlander,HGN-641-X-2,18,BattleMech,90,2185,3070
5493,Highlander HGN-694,Highlander,HGN-694,18,BattleMech,90,2369,3062
1514,Highlander HGN-732,Highlander,HGN-732,18,BattleMech,90,2227,2592
4323,Highlander HGN-732 (Colleen),Highlander,HGN-732 (Colleen),18,BattleMech,90,2164,2801
7309,Highlander HGN-732 (Jorgensson),Highlander,HGN-732 (Jorgensson),18,BattleMech,90,2682,2829
1516,Highlander HGN-732b,Highlander,HGN-732b,18,BattleMech,90,2335,2598
1517,Highlander HGN-733,Highlander,HGN-733,18,BattleMech,90,1801,2866
1518,Highlander HGN-733C,Highlander,HGN-733C,18,BattleMech,90,1857,2866
1519,Highlander HGN-733P,Highlander,HGN-733P,18,BattleMech,90,1865,2866
1520,Highlander HGN-734,Highlander,HGN-734,18,BattleMech,90,2214,3062
5526,Highlander HGN-734r,Highlander,HGN-734r,18,BattleMech,90,0,3065
1521,Highlander HGN-736,Highlander,HGN-736,18,BattleMech,90,2255,3060
1522,Highlander HGN-738,Highlander,HGN-738,18,BattleMech,90,2413,3069
7733,Highlander HGN-740,Highlander,HGN-740,18,BattleMech,90,2232,3115
1524,Highlander IIC  ,Highlander IIC, ,18,BattleMech,90,2979,2858
1525,Highlander IIC 2,Highlander IIC,2,18,BattleMech,90,2928,3072
1523,Highlander IIC 3,Highlander IIC,3,18,BattleMech,90,3001,3077
9433,Highlander IIC 4,Highlander IIC,4,18,BattleMech,90,2958,3147
4324,Hipparch Cavalry Tank  ,Hipparch Cavalry Tank, ,19,Combat Vehicle,30,382,2562
7885,Hipparch Cavalry Tank (MG),Hipparch Cavalry Tank,(MG),19,Combat Vehicle,30,0,2575
7886,Hipparch Cavalry Tank (SRM),Hipparch Cavalry Tank,(SRM),19,Combat Vehicle,30,0,2577
7887,Hipparch Cavalry Tank Hellhorse,Hipparch Cavalry Tank,Hellhorse,19,Combat Vehicle,30,0,2577
6577,Hippogriff  ,Hippogriff, ,23,Protomech,8,231,3110
1528,Hiryo Armored Infantry Transport  ,Hiryo Armored Infantry Transport, ,19,Combat Vehicle,40,665,3069
1529,"Hiryo Armored Infantry Transport ""Hound""",Hiryo Armored Infantry Transport,"""Hound""",19,Combat Vehicle,40,628,3077
4325,Hiryo Armored Infantry Transport (Bloodhound),Hiryo Armored Infantry Transport,(Bloodhound),19,Combat Vehicle,40,504,3083
1526,Hiryo Armored Infantry Transport (Light PPC),Hiryo Armored Infantry Transport,(Light PPC),19,Combat Vehicle,40,686,3070
1527,Hiryo Armored Infantry Transport (MRM),Hiryo Armored Infantry Transport,(MRM),19,Combat Vehicle,40,644,3070
1533,Hitman HM-1,Hitman,HM-1,18,BattleMech,30,925,3055
1534,Hitman HM-1r,Hitman,HM-1r,18,BattleMech,30,938,3069
1535,Hitman HM-2,Hitman,HM-2,18,BattleMech,30,861,3056
6412,Hitotsume Kozo HKZ-1F,Hitotsume Kozo,HKZ-1F,18,BattleMech,55,1998,3136
8380,"Hitotsume Kozo HKZ-1FM ""Mulan""",Hitotsume Kozo,"HKZ-1FM ""Mulan""",18,BattleMech,55,1772,3139
6413,Hitotsume Kozo HKZ-1P,Hitotsume Kozo,HKZ-1P,18,BattleMech,55,1611,3136
8140,Ho Ni Self-Propelled Gun Type 15,Ho Ni Self-Propelled Gun,Type 15,24,Support Vehicle,0,0,Unknown
4326,Hobgoblin  ,Hobgoblin, ,23,Protomech,10,272,3072
5634,Hobgoblin 2,Hobgoblin,2,23,Protomech,10,305,3072
1536,Hollander BZK-F3,Hollander,BZK-F3,18,BattleMech,35,953,3054
1537,Hollander BZK-G1,Hollander,BZK-G1,18,BattleMech,35,873,3056
7992,Hollander BZK-G2,Hollander,BZK-G2,18,BattleMech,35,895,3121
1538,Hollander II BZK-F5,Hollander II,BZK-F5,18,BattleMech,45,1214,3058
1539,Hollander II BZK-F7,Hollander II,BZK-F7,18,BattleMech,45,1192,3061
6333,Hollander III BZK-D1,Hollander III,BZK-D1,18,BattleMech,35,1116,3114
6334,Hollander III BZK-D2,Hollander III,BZK-D2,18,BattleMech,35,1270,3115
6335,Hollander III BZK-D3,Hollander III,BZK-D3,18,BattleMech,35,1575,3118
4327,Honda-Rhienmetall Motorcycle,Honda-Rhienmetall Motorcycle,,24,Support Vehicle,0,0,Unknown
4328,Hong Lung Interdiction Station  ,Hong Lung Interdiction Station, ,81,Advanced Aerospace,0,0,3024
9220,Hoodling Sensor Hoverjeep  ,Hoodling Sensor Hoverjeep, ,24,Support Vehicle,0,0,Unknown
1540,Hoplite C,Hoplite,C,18,BattleMech,55,1736,3052
4329,Hoplite HOP-4A,Hoplite,HOP-4A,18,BattleMech,55,0,2578
4330,Hoplite HOP-4B,Hoplite,HOP-4B,18,BattleMech,55,1162,2581
1541,Hoplite HOP-4Bb,Hoplite,HOP-4Bb,18,BattleMech,55,1413,2795
4331,Hoplite HOP-4C,Hoplite,HOP-4C,18,BattleMech,55,986,2584
1542,Hoplite HOP-4Cb,Hoplite,HOP-4Cb,18,BattleMech,55,1377,2821
1543,Hoplite HOP-4D,Hoplite,HOP-4D,18,BattleMech,55,1022,3050
1544,Hoplite HOP-4X,Hoplite,HOP-4X,18,BattleMech,55,1880,3075
9431,Hoplite HOP-5C,Hoplite,HOP-5C,18,BattleMech,55,1520,3138
1545,Hornet HNT-151,Hornet,HNT-151,18,BattleMech,20,488,2760
1546,Hornet HNT-152,Hornet,HNT-152,18,BattleMech,20,475,2997
1547,Hornet HNT-161,Hornet,HNT-161,18,BattleMech,20,511,3052
1548,Hornet HNT-171,Hornet,HNT-171,18,BattleMech,20,535,3051
7396,Hornet HNT-181,Hornet,HNT-181,18,BattleMech,20,398,3130
7343,Hornet HNT-182,Hornet,HNT-182,18,BattleMech,20,505,3130
7768,Hoshiryokou  ,Hoshiryokou, ,17,Aerospace,800,1216,2480
6563,Hound HD-2F,Hound,HD-2F,18,BattleMech,70,1389,3098
1549,Hover Assault Infantry  ,Hover Assault Infantry, ,21,Infantry,20,52,2500
4332,Hover Scout  ,Hover Scout, ,19,Combat Vehicle,10,0,2801
8218,Hover Tank LTV-2,Hover Tank,LTV-2,76,Unknown,0,0,2458
7807,Hoverbike  ,Hoverbike, ,24,Support Vehicle,1.2,42,3087
7808,Hoverbike (Laser),Hoverbike,(Laser),24,Support Vehicle,1.2,45,3088
7809,Hoverbike (MG),Hoverbike,(MG),24,Support Vehicle,1.2,38,3088
9222,Hoverbike JI-002,Hoverbike,JI-002,24,Support Vehicle,0,0,Unknown
9221,Hoverpod  ,Hoverpod, ,24,Support Vehicle,0,0,Unknown
1551,"Huitzilopochtli Assault Tank ""Huey""  ","Huitzilopochtli Assault Tank ""Huey""", ,19,Combat Vehicle,85,1132,2845
1550,"Huitzilopochtli Assault Tank ""Huey"" (AAA)","Huitzilopochtli Assault Tank ""Huey""",(AAA),19,Combat Vehicle,85,1454,3070
8042,"Huitzilopochtli Assault Tank ""Huey"" (LRM)","Huitzilopochtli Assault Tank ""Huey""",(LRM),19,Combat Vehicle,85,1567,3147
4335,"Huitzilopochtli Assault Tank ""Huey"" (Original)","Huitzilopochtli Assault Tank ""Huey""",(Original),19,Combat Vehicle,85,0,2816
8043,"Huitzilopochtli Assault Tank ""Huey"" (Streak)","Huitzilopochtli Assault Tank ""Huey""",(Streak),19,Combat Vehicle,85,1520,3147
4336,Humming Bird VTOL  ,Humming Bird VTOL, ,24,Support Vehicle,30,129,3074
8353,Hunchback C,Hunchback,C,18,BattleMech,50,1893,3065
1552,Hunchback HBK-4G,Hunchback,HBK-4G,18,BattleMech,50,1041,2572
5879,Hunchback HBK-4G (Gauss Prototype),Hunchback,HBK-4G (Gauss Prototype),18,BattleMech,50,0,3039
1553,Hunchback HBK-4G (Hohiro),Hunchback,HBK-4G (Hohiro),18,BattleMech,50,1126,3056
1554,Hunchback HBK-4G (Shakir),Hunchback,HBK-4G (Shakir),18,BattleMech,50,968,3039
1555,Hunchback HBK-4H,Hunchback,HBK-4H,18,BattleMech,50,1067,2819
1556,Hunchback HBK-4J,Hunchback,HBK-4J,18,BattleMech,50,1143,2856
1557,Hunchback HBK-4N,Hunchback,HBK-4N,18,BattleMech,50,1087,2920
1558,Hunchback HBK-4P,Hunchback,HBK-4P,18,BattleMech,50,1138,2937
1559,Hunchback HBK-4SP,Hunchback,HBK-4SP,18,BattleMech,50,1043,3025
1560,Hunchback HBK-5H,Hunchback,HBK-5H,18,BattleMech,50,1097,3064
1561,Hunchback HBK-5M,Hunchback,HBK-5M,18,BattleMech,50,1056,3046
1562,Hunchback HBK-5N,Hunchback,HBK-5N,18,BattleMech,50,1041,3057
1563,Hunchback HBK-5P,Hunchback,HBK-5P,18,BattleMech,50,1340,3069
1564,Hunchback HBK-5S,Hunchback,HBK-5S,18,BattleMech,50,1350,3061
1565,Hunchback HBK-5SG,Hunchback,HBK-5SG,18,BattleMech,50,1577,3068
1566,Hunchback HBK-5SS,Hunchback,HBK-5SS,18,BattleMech,50,1342,3068
4337,Hunchback HBK-6N,Hunchback,HBK-6N,18,BattleMech,50,1130,3059
7993,Hunchback HBK-6P,Hunchback,HBK-6P,18,BattleMech,50,1374,3133
5447,Hunchback HBK-6S,Hunchback,HBK-6S,18,BattleMech,50,1380,3063
4338,Hunchback HBK-7R,Hunchback,HBK-7R,18,BattleMech,50,1248,3085
7346,Hunchback HBK-7S,Hunchback,HBK-7S,18,BattleMech,50,1628,3134
1567,Hunchback HBK-7X-4,Hunchback,HBK-7X-4,18,BattleMech,50,1208,3065
8374,"Hunchback HBK-LGN-Pin ""Anastasia""",Hunchback,"HBK-LGN-Pin ""Anastasia""",18,BattleMech,50,1307,3138
8375,"Hunchback HBK-LGN-Pin ""Drizella""",Hunchback,"HBK-LGN-Pin ""Drizella""",18,BattleMech,50,1544,3138
1568,Hunchback IIC  ,Hunchback IIC, ,18,BattleMech,50,1679,2856
1569,Hunchback IIC 2,Hunchback IIC,2,18,BattleMech,50,1869,3061
1570,Hunchback IIC 3,Hunchback IIC,3,18,BattleMech,50,1951,3062
1571,Hunchback IIC 4,Hunchback IIC,4,18,BattleMech,50,2097,3075
8130,Hunchback IIC 5,Hunchback IIC,5,18,BattleMech,50,1534,3130
4340,Hunter JumpShip  ,Hunter JumpShip, ,81,Advanced Aerospace,95000,0,2832
4339,Hunter JumpShip (Lithium-Fusion),Hunter JumpShip,(Lithium-Fusion),81,Advanced Aerospace,95000,0,2948
1579,Hunter Light Support Tank  ,Hunter Light Support Tank, ,19,Combat Vehicle,35,648,2937
1572,"Hunter Light Support Tank ""Assault Hunter""",Hunter Light Support Tank,"""Assault Hunter""",19,Combat Vehicle,35,670,3064
1573,Hunter Light Support Tank (3054 Upgrade),Hunter Light Support Tank,(3054 Upgrade),19,Combat Vehicle,35,641,3054
1574,Hunter Light Support Tank (Ammo),Hunter Light Support Tank,(Ammo),19,Combat Vehicle,35,675,2960
4341,Hunter Light Support Tank (Amphibious),Hunter Light Support Tank,(Amphibious),19,Combat Vehicle,35,639,3085
9562,Hunter Light Support Tank (Cell),Hunter Light Support Tank,(Cell),19,Combat Vehicle,35,939,3146
1575,Hunter Light Support Tank (ERLL),Hunter Light Support Tank,(ERLL),19,Combat Vehicle,35,660,3059
1576,Hunter Light Support Tank (LPL),Hunter Light Support Tank,(LPL),19,Combat Vehicle,35,610,3061
1577,Hunter Light Support Tank (LRM10),Hunter Light Support Tank,(LRM10),19,Combat Vehicle,35,645,2954
1578,Hunter Light Support Tank (LRM15),Hunter Light Support Tank,(LRM15),19,Combat Vehicle,35,599,2956
4342,Huron Warrior HUR-WO-R3L,Huron Warrior,HUR-WO-R3L,18,BattleMech,50,0,3051
1580,Huron Warrior HUR-WO-R4L,Huron Warrior,HUR-WO-R4L,18,BattleMech,50,1530,3055
1581,Huron Warrior HUR-WO-R4M,Huron Warrior,HUR-WO-R4M,18,BattleMech,50,1556,3056
1582,Huron Warrior HUR-WO-R4N,Huron Warrior,HUR-WO-R4N,18,BattleMech,50,1489,3063
1583,Huron Warrior HUR-WO-R4O,Huron Warrior,HUR-WO-R4O,18,BattleMech,50,1585,3065
5782,Huron Warrior HUR-WO-R4X,Huron Warrior,HUR-WO-R4X,18,BattleMech,50,1728,3076
7994,Huron Warrior HUR-WO-R5L,Huron Warrior,HUR-WO-R5L,18,BattleMech,50,1780,3102
4343,Hurricane,Hurricane,,17,Aerospace,0,0,2360
1584,Hurricane Conventional Fighter  ,Hurricane Conventional Fighter, ,24,Support Vehicle,25,92,2297
4344,Hurricane Hovercar,Hurricane Hovercar,,24,Support Vehicle,0,0,Unknown
4345,Huscarl HSCL-1-O,Huscarl,HSCL-1-O,17,Aerospace,75,1811,3064
4347,Huscarl HSCL-1-OA,Huscarl,HSCL-1-OA,17,Aerospace,75,2124,3064
4348,Huscarl HSCL-1-OB,Huscarl,HSCL-1-OB,17,Aerospace,75,1675,3064
4349,Huscarl HSCL-1-OC,Huscarl,HSCL-1-OC,17,Aerospace,75,1971,3064
5757,Huscarl HSCL-1-OD,Huscarl,HSCL-1-OD,17,Aerospace,75,1748,3068
5758,Huscarl HSCL-1-OR,Huscarl,HSCL-1-OR,17,Aerospace,75,2879,3079
1585,Hussar HSR-200-D,Hussar,HSR-200-D,18,BattleMech,30,636,2620
1586,Hussar HSR-200-Db,Hussar,HSR-200-Db,18,BattleMech,30,934,2735
1587,Hussar HSR-300-D,Hussar,HSR-300-D,18,BattleMech,30,543,3035
1588,Hussar HSR-350-D,Hussar,HSR-350-D,18,BattleMech,30,731,3038
1589,Hussar HSR-400-D,Hussar,HSR-400-D,18,BattleMech,30,611,3052
1590,Hussar HSR-500-D,Hussar,HSR-500-D,18,BattleMech,30,977,3060
1591,Hussar HSR-900-D,Hussar,HSR-900-D,18,BattleMech,30,551,3069
1592,Hussar HSR-950-D,Hussar,HSR-950-D,18,BattleMech,30,1131,3070
4350,Hwacha Urban Combat Vehicle HW1,Hwacha Urban Combat Vehicle,HW1,24,Support Vehicle,50,570,3078
9497,Hybrid Rifleman RFL-3N (Sneede II),Hybrid Rifleman,RFL-3N (Sneede II),18,BattleMech,60,2198,3147
4920,Hybrid Rifleman RFL-3N (Sneede),Hybrid Rifleman,RFL-3N (Sneede),18,BattleMech,60,1269,3024
4352,Hydaspes  ,Hydaspes, ,17,Aerospace,95,3701,2840
1593,Hydaspes (Algar),Hydaspes,(Algar),17,Aerospace,95,3636,3070
4353,Hydaspes 2,Hydaspes,2,17,Aerospace,95,3385,3064
4351,Hydaspes 3,Hydaspes,3,17,Aerospace,95,2611,3085
1594,Hydra  ,Hydra, ,23,Protomech,6,209,3059
1595,Hydra 2,Hydra,2,23,Protomech,6,223,3066
1596,Hydra 3,Hydra,3,23,Protomech,6,247,3067
1597,Hydra 4,Hydra,4,23,Protomech,6,220,3072
1598,Hyena HYN-4A SalvageMech,Hyena,HYN-4A SalvageMech,20,IndustrialMech,55,474,3066
4354,Hyena HYN-4B SalvageMech,Hyena,HYN-4B SalvageMech,20,IndustrialMech,55,398,3072
6959,Hyena HYN-KTO,Hyena,HYN-KTO,18,BattleMech,55,933,Unknown
4993,Hyperion Racer  ,Hyperion Racer, ,24,Support Vehicle,0,0,2580
8022,"IS Standard Battle Armor ""Baka"" [LRR] (Sqd4)","IS Standard Battle Armor ""Baka""",[LRR] (Sqd4),21,Infantry,1,191,3086
9521,"IS Standard Battle Armor ""Baka"" [LRR] (Sqd5)","IS Standard Battle Armor ""Baka""",[LRR] (Sqd5),21,Infantry,1,257,3086
9522,"IS Standard Battle Armor ""Baka"" [LRR] (Sqd6)","IS Standard Battle Armor ""Baka""",[LRR] (Sqd6),21,Infantry,1,339,3086
8023,"IS Standard Battle Armor ""Baka"" [SL] (Sqd4)","IS Standard Battle Armor ""Baka""",[SL] (Sqd4),21,Infantry,1,182,3086
9523,"IS Standard Battle Armor ""Baka"" [SL] (Sqd5)","IS Standard Battle Armor ""Baka""",[SL] (Sqd5),21,Infantry,1,245,3086
9524,"IS Standard Battle Armor ""Baka"" [SL] (Sqd6)","IS Standard Battle Armor ""Baka""",[SL] (Sqd6),21,Infantry,1,315,3086
8025,"IS Standard Battle Armor ""Fa Sure"" [David] (Sqd4)","IS Standard Battle Armor ""Fa Sure""",[David] (Sqd4),21,Infantry,1,219,3140
9525,"IS Standard Battle Armor ""Fa Sure"" [David] (Sqd5)","IS Standard Battle Armor ""Fa Sure""",[David] (Sqd5),21,Infantry,1,295,3140
9526,"IS Standard Battle Armor ""Fa Sure"" [David] (Sqd6)","IS Standard Battle Armor ""Fa Sure""",[David] (Sqd6),21,Infantry,1,379,3140
8026,"IS Standard Battle Armor ""Fa Sure"" [MG] (Sqd4)","IS Standard Battle Armor ""Fa Sure""",[MG] (Sqd4),21,Infantry,1,203,3140
9527,"IS Standard Battle Armor ""Fa Sure"" [MG] (Sqd5)","IS Standard Battle Armor ""Fa Sure""",[MG] (Sqd5),21,Infantry,1,273,3140
9528,"IS Standard Battle Armor ""Fa Sure"" [MG] (Sqd6)","IS Standard Battle Armor ""Fa Sure""",[MG] (Sqd6),21,Infantry,1,351,3140
1627,"IS Standard Battle Armor ""Hive"" (Sqd4)","IS Standard Battle Armor ""Hive""",(Sqd4),21,Infantry,1,181,3076
8540,"IS Standard Battle Armor ""Hive"" (Sqd5)","IS Standard Battle Armor ""Hive""",(Sqd5),21,Infantry,1,244,3076
8904,"IS Standard Battle Armor ""Hive"" (Sqd6)","IS Standard Battle Armor ""Hive""",(Sqd6),21,Infantry,1,313,3076
9467,IS Standard Battle Armor (Magnetic) (Sqd4),IS Standard Battle Armor (Magnetic),(Sqd4),21,Infantry,1,209,3141
9468,IS Standard Battle Armor (Magnetic) (Sqd5),IS Standard Battle Armor (Magnetic),(Sqd5),21,Infantry,1,282,3141
9469,IS Standard Battle Armor (Magnetic) (Sqd6),IS Standard Battle Armor (Magnetic),(Sqd6),21,Infantry,1,362,3141
1628,IS Standard Battle Armor [Flamer] (Sqd4),IS Standard Battle Armor,[Flamer] (Sqd4),21,Infantry,1,199,3052
8541,IS Standard Battle Armor [Flamer] (Sqd5),IS Standard Battle Armor,[Flamer] (Sqd5),21,Infantry,1,268,3052
8905,IS Standard Battle Armor [Flamer] (Sqd6),IS Standard Battle Armor,[Flamer] (Sqd6),21,Infantry,1,344,3052
1630,IS Standard Battle Armor [LRR] (Sqd4),IS Standard Battle Armor,[LRR] (Sqd4),21,Infantry,1,255,3061
8543,IS Standard Battle Armor [LRR] (Sqd5),IS Standard Battle Armor,[LRR] (Sqd5),21,Infantry,1,343,3061
8907,IS Standard Battle Armor [LRR] (Sqd6),IS Standard Battle Armor,[LRR] (Sqd6),21,Infantry,1,441,3061
1629,IS Standard Battle Armor [Laser] (Sqd4),IS Standard Battle Armor,[Laser] (Sqd4),21,Infantry,1,231,3052
8542,IS Standard Battle Armor [Laser] (Sqd5),IS Standard Battle Armor,[Laser] (Sqd5),21,Infantry,1,311,3052
8906,IS Standard Battle Armor [Laser] (Sqd6),IS Standard Battle Armor,[Laser] (Sqd6),21,Infantry,1,400,3052
1631,IS Standard Battle Armor [MG] (Sqd4),IS Standard Battle Armor,[MG] (Sqd4),21,Infantry,1,199,3052
8544,IS Standard Battle Armor [MG] (Sqd5),IS Standard Battle Armor,[MG] (Sqd5),21,Infantry,1,268,3052
8908,IS Standard Battle Armor [MG] (Sqd6),IS Standard Battle Armor,[MG] (Sqd6),21,Infantry,1,344,3052
1632,IS Standard Battle Armor [SRM] (Sqd4),IS Standard Battle Armor,[SRM] (Sqd4),21,Infantry,1,175,3052
8545,IS Standard Battle Armor [SRM] (Sqd5),IS Standard Battle Armor,[SRM] (Sqd5),21,Infantry,1,235,3052
8909,IS Standard Battle Armor [SRM] (Sqd6),IS Standard Battle Armor,[SRM] (Sqd6),21,Infantry,1,303,3052
4357,Ibex RV  ,Ibex RV, ,24,Support Vehicle,2,0,3049
4355,Ibex RV (Militarized; Gauss),Ibex RV,(Militarized; Gauss),24,Support Vehicle,2,0,3064
4356,Ibex RV (Militarized; MG),Ibex RV,(Militarized; MG),24,Support Vehicle,2,0,3049
1599,Icarus ICR-1X,Icarus,ICR-1X,18,BattleMech,40,700,2470
1600,Icarus II ICR-1S,Icarus II,ICR-1S,18,BattleMech,40,869,2518
7995,Icarus II ICR-2R,Icarus II,ICR-2R,18,BattleMech,40,2775,3124
1601,Icarus II ICR-2S,Icarus II,ICR-2S,18,BattleMech,40,986,3073
1602,Icestorm  ,Icestorm, ,18,BattleMech,25,728,2830
1603,Icestorm 2,Icestorm,2,18,BattleMech,25,868,3068
1605,Ignis Infantry Support Tank  ,Ignis Infantry Support Tank, ,19,Combat Vehicle,30,463,2512
1604,Ignis Infantry Support Tank (SRM),Ignis Infantry Support Tank,(SRM),19,Combat Vehicle,30,502,2751
1606,Imp C,Imp,C,18,BattleMech,100,3070,2863
1607,Imp IMP-1A,Imp,IMP-1A,18,BattleMech,100,2215,2793
1608,Imp IMP-1B,Imp,IMP-1B,18,BattleMech,100,2349,2821
1609,Imp IMP-1C,Imp,IMP-1C,18,BattleMech,100,2480,2825
4358,Imp IMP-2E,Imp,IMP-2E,18,BattleMech,100,1969,3005
1610,Imp IMP-3E,Imp,IMP-3E,18,BattleMech,100,1906,3050
1611,Imp IMP-4E,Imp,IMP-4E,18,BattleMech,100,2263,3060
4359,Impavido Destroyer  ,Impavido Destroyer, ,81,Advanced Aerospace,490000,83614,3058
4360,Imperial II MiningMech,Imperial II,MiningMech,20,IndustrialMech,0,0,2816
4361,Ina-du Swamp Skimmer  ,Ina-du Swamp Skimmer, ,24,Support Vehicle,10,0,2870
4363,Incubus II  ,Incubus II, ,18,BattleMech,30,1261,3085
1613,Indra Infantry Transport  ,Indra Infantry Transport, ,19,Combat Vehicle,35,897,2842
1612,Indra Infantry Transport (BA),Indra Infantry Transport,(BA),19,Combat Vehicle,35,728,3069
5515,Infantry Bunker  ,Infantry Bunker, ,97,Building,150,0,Unknown
7715,Inferno INF-NO,Inferno,INF-NO,18,BattleMech,75,1597,3146
7716,Inferno INF-NOA,Inferno,INF-NOA,18,BattleMech,75,1846,3146
7717,Inferno INF-NOB,Inferno,INF-NOB,18,BattleMech,75,1658,3146
7718,Inferno INF-NOC,Inferno,INF-NOC,18,BattleMech,75,1698,3146
7719,Inferno INF-NOR,Inferno,INF-NOR,18,BattleMech,75,2360,3146
1614,"Infiltrator Mk. I Battle Armor ""Waddle"" (Sqd4)",Infiltrator Mk. I Battle Armor,"""Waddle"" (Sqd4)",21,Infantry,0.75,98,3050
8532,"Infiltrator Mk. I Battle Armor ""Waddle"" (Sqd5)",Infiltrator Mk. I Battle Armor,"""Waddle"" (Sqd5)",21,Infantry,0.75,132,3050
8896,"Infiltrator Mk. I Battle Armor ""Waddle"" (Sqd6)",Infiltrator Mk. I Battle Armor,"""Waddle"" (Sqd6)",21,Infantry,0.75,170,3050
1615,Infiltrator Mk. I Battle Armor (Special Ops) (Sqd4),Infiltrator Mk. I Battle Armor,(Special Ops) (Sqd4),21,Infantry,0.75,98,3062
8533,Infiltrator Mk. I Battle Armor (Special Ops) (Sqd5),Infiltrator Mk. I Battle Armor,(Special Ops) (Sqd5),21,Infantry,0.75,132,3062
8897,Infiltrator Mk. I Battle Armor (Special Ops) (Sqd6),Infiltrator Mk. I Battle Armor,(Special Ops) (Sqd6),21,Infantry,0.75,170,3062
1618,"Infiltrator Mk. II Battle Armor ""Puma"" (Sqd4)",Infiltrator Mk. II Battle Armor,"""Puma"" (Sqd4)",21,Infantry,1,253,3060
8536,"Infiltrator Mk. II Battle Armor ""Puma"" (Sqd5)",Infiltrator Mk. II Battle Armor,"""Puma"" (Sqd5)",21,Infantry,1,340,3060
8900,"Infiltrator Mk. II Battle Armor ""Puma"" (Sqd6)",Infiltrator Mk. II Battle Armor,"""Puma"" (Sqd6)",21,Infantry,1,437,3060
1616,Infiltrator Mk. II Battle Armor (Magnetic) (Sqd4),Infiltrator Mk. II Battle Armor,(Magnetic) (Sqd4),21,Infantry,1,253,3071
8534,Infiltrator Mk. II Battle Armor (Magnetic) (Sqd5),Infiltrator Mk. II Battle Armor,(Magnetic) (Sqd5),21,Infantry,1,346,3071
8898,Infiltrator Mk. II Battle Armor (Magnetic) (Sqd6),Infiltrator Mk. II Battle Armor,(Magnetic) (Sqd6),21,Infantry,1,444,3071
6730,Infiltrator Mk. II Battle Armor (Marine) (Sqd4),Infiltrator Mk. II Battle Armor,(Marine) (Sqd4),21,Infantry,1,225,3092
8785,Infiltrator Mk. II Battle Armor (Marine) (Sqd5),Infiltrator Mk. II Battle Armor,(Marine) (Sqd5),21,Infantry,1,303,3092
9148,Infiltrator Mk. II Battle Armor (Marine) (Sqd6),Infiltrator Mk. II Battle Armor,(Marine) (Sqd6),21,Infantry,1,389,3092
1619,Infiltrator Mk. II Battle Armor (Sensor) (Sqd4),Infiltrator Mk. II Battle Armor,(Sensor) (Sqd4),21,Infantry,1,180,3063
8537,Infiltrator Mk. II Battle Armor (Sensor) (Sqd5),Infiltrator Mk. II Battle Armor,(Sensor) (Sqd5),21,Infantry,1,243,3063
8901,Infiltrator Mk. II Battle Armor (Sensor) (Sqd6),Infiltrator Mk. II Battle Armor,(Sensor) (Sqd6),21,Infantry,1,312,3063
1617,Infiltrator Mk. II Battle Armor Coral Intent (Sqd4),Infiltrator Mk. II Battle Armor,Coral Intent (Sqd4),21,Infantry,1,189,3074
8535,Infiltrator Mk. II Battle Armor Coral Intent (Sqd5),Infiltrator Mk. II Battle Armor,Coral Intent (Sqd5),21,Infantry,1,255,3074
8899,Infiltrator Mk. II Battle Armor Coral Intent (Sqd6),Infiltrator Mk. II Battle Armor,Coral Intent (Sqd6),21,Infantry,1,327,3074
1620,Initiate INI-02,Initiate,INI-02,18,BattleMech,40,1036,3058
1621,Initiate INI-04,Initiate,INI-04,18,BattleMech,40,901,3068
7332,Inquisitor II ITW-200 SecurityMech,Inquisitor II,ITW-200 SecurityMech,20,IndustrialMech,50,1186,3122
8063,Inquisitor II ITW-205,Inquisitor II,ITW-205,20,IndustrialMech,50,714,3122
4364,Inquisitor ITW-80 SecurityMech,Inquisitor,ITW-80 SecurityMech,20,IndustrialMech,35,613,3062
7825,Inquisitor ITW-85 SecurityMech,Inquisitor,ITW-85 SecurityMech,20,IndustrialMech,35,664,3122
4367,Interdictor Pocket WarShip  ,Interdictor Pocket WarShip, ,17,Aerospace,9400,0,3074
6821,Interdictor Pocket WarShip (3115),Interdictor Pocket WarShip,(3115),17,Aerospace,9400,26950,3115
4365,Interdictor Pocket WarShip (Anti-Ship),Interdictor Pocket WarShip,(Anti-Ship),17,Aerospace,9400,0,3075
4366,Interdictor Pocket WarShip (SCC),Interdictor Pocket WarShip,(SCC),17,Aerospace,9400,0,3078
7195,Intrepid Assault Craft (2331),Intrepid Assault Craft,(2331),17,Aerospace,150,1357,2331
7196,Intrepid Assault Craft (2487),Intrepid Assault Craft,(2487),17,Aerospace,150,1410,2487
4368,Intruder (2655),Intruder,(2655),17,Aerospace,3000,0,2655
4369,Intruder (3056),Intruder,(3056),17,Aerospace,3000,0,3056
4370,Intruder (Liao),Intruder,(Liao),17,Aerospace,3000,0,2905
4373,Invader JumpShip  ,Invader JumpShip, ,81,Advanced Aerospace,152000,0,2631
4371,Invader JumpShip (Clan),Invader JumpShip,(Clan),81,Advanced Aerospace,152000,0,Unknown
4372,Invader JumpShip (PPC),Invader JumpShip,(PPC),81,Advanced Aerospace,152000,0,2631
8320,Iron Cheetah A,Iron Cheetah,A,18,BattleMech,100,2708,3054
8321,Iron Cheetah B,Iron Cheetah,B,18,BattleMech,100,3303,3054
8322,Iron Cheetah C,Iron Cheetah,C,18,BattleMech,100,2915,3054
8323,Iron Cheetah D,Iron Cheetah,D,18,BattleMech,100,2871,3054
8324,Iron Cheetah L,Iron Cheetah,L,18,BattleMech,100,3416,3135
8319,Iron Cheetah Prime,Iron Cheetah,Prime,18,BattleMech,100,3155,3054
6742,Ironhold Assault Battle Armor (Anti-Tank) (Sqd4),Ironhold Assault Battle Armor,(Anti-Tank) (Sqd4),21,Infantry,2,447,3097
8797,Ironhold Assault Battle Armor (Anti-Tank) (Sqd5),Ironhold Assault Battle Armor,(Anti-Tank) (Sqd5),21,Infantry,2,601,3097
9160,Ironhold Assault Battle Armor (Anti-Tank) (Sqd6),Ironhold Assault Battle Armor,(Anti-Tank) (Sqd6),21,Infantry,2,773,3097
1622,Ironhold Assault Battle Armor (Fire) (Sqd4),Ironhold Assault Battle Armor,(Fire) (Sqd4),21,Infantry,2,562,3082
8538,Ironhold Assault Battle Armor (Fire) (Sqd5),Ironhold Assault Battle Armor,(Fire) (Sqd5),21,Infantry,2,756,3082
8902,Ironhold Assault Battle Armor (Fire) (Sqd6),Ironhold Assault Battle Armor,(Fire) (Sqd6),21,Infantry,2,973,3082
1623,Ironhold Assault Battle Armor (Sqd4),Ironhold Assault Battle Armor,(Sqd4),21,Infantry,2,398,3077
8539,Ironhold Assault Battle Armor (Sqd5),Ironhold Assault Battle Armor,(Sqd5),21,Infantry,2,536,3077
8903,Ironhold Assault Battle Armor (Sqd6),Ironhold Assault Battle Armor,(Sqd6),21,Infantry,2,689,3077
5559,Ironsides CX-19,Ironsides,CX-19,17,Aerospace,65,0,3071
1624,Ironsides IRN-SD1,Ironsides,IRN-SD1,17,Aerospace,65,1466,2613
4374,Ironsides IRN-SD1b,Ironsides,IRN-SD1b,17,Aerospace,65,1653,2760
7689,Ironsides IRN-SD1b-EC,Ironsides,IRN-SD1b-EC,17,Aerospace,65,1996,2825
1625,Ironsides IRN-SD2,Ironsides,IRN-SD2,17,Aerospace,65,1388,2616
1626,Ironsides IRN-SD3,Ironsides,IRN-SD3,17,Aerospace,65,1399,3070
4376,Isegrim Assault DropShip  ,Isegrim Assault DropShip, ,17,Aerospace,8500,0,3083
4378,Isesaki Roku Royal II  ,Isesaki Roku Royal II, ,24,Support Vehicle,0,0,2567
1635,Ishtar Heavy Fire Support Tank  ,Ishtar Heavy Fire Support Tank, ,19,Combat Vehicle,65,1404,2976
1633,Ishtar Heavy Fire Support Tank (Gauss),Ishtar Heavy Fire Support Tank,(Gauss),19,Combat Vehicle,65,1616,3068
1634,Ishtar Heavy Fire Support Tank (Original),Ishtar Heavy Fire Support Tank,(Original),19,Combat Vehicle,65,1072,2842
7651,Issedone A,Issedone,A,17,Aerospace,30,1084,2871
7652,Issedone B,Issedone,B,17,Aerospace,30,1095,2871
7653,Issedone C,Issedone,C,17,Aerospace,30,704,3146
7654,Issedone D,Issedone,D,17,Aerospace,30,753,3146
7650,Issedone Prime,Issedone,Prime,17,Aerospace,30,1033,2871
4379,Issus  ,Issus, ,17,Aerospace,40,1831,2842
1636,Issus (Erika),Issus,(Erika),17,Aerospace,40,1612,3065
4380,Issus 2,Issus,2,17,Aerospace,40,1722,3066
5747,Issus 3,Issus,3,17,Aerospace,40,1184,3080
1645,J-27 Ordnance Transport  ,J-27 Ordnance Transport, ,19,Combat Vehicle,20,47,2650
1643,J-27 Ordnance Transport (Armor),J-27 Ordnance Transport,(Armor),19,Combat Vehicle,20,70,2833
1644,J-27 Ordnance Transport (Fusion),J-27 Ordnance Transport,(Fusion),19,Combat Vehicle,20,47,2578
1647,"J-27 Ordnance Transport K-27 ""Killjoy""",J-27 Ordnance Transport,"K-27 ""Killjoy""",19,Combat Vehicle,20,170,2847
1646,J-27 Ordnance Transport Trailer  ,J-27 Ordnance Transport Trailer, ,19,Combat Vehicle,20,44,2650
1649,J-37 Ordnance Transport  ,J-37 Ordnance Transport, ,24,Support Vehicle,50,535,3079
1648,J-37 Ordnance Transport (Original),J-37 Ordnance Transport,(Original),24,Support Vehicle,50,503,2824
1641,J. Edgar Light Hover Tank  ,J. Edgar Light Hover Tank, ,19,Combat Vehicle,25,544,2722
5774,J. Edgar Light Hover Tank (Cell),J. Edgar Light Hover Tank,(Cell),19,Combat Vehicle,25,398,2998
9473,J. Edgar Light Hover Tank (Chemical),J. Edgar Light Hover Tank,(Chemical),19,Combat Vehicle,25,570,3088
1637,J. Edgar Light Hover Tank (Flamer),J. Edgar Light Hover Tank,(Flamer),19,Combat Vehicle,25,459,2793
1638,J. Edgar Light Hover Tank (ICE),J. Edgar Light Hover Tank,(ICE),19,Combat Vehicle,25,433,2854
1639,J. Edgar Light Hover Tank (Kurita),J. Edgar Light Hover Tank,(Kurita),19,Combat Vehicle,25,696,3053
9474,J. Edgar Light Hover Tank (LAC),J. Edgar Light Hover Tank,(LAC),19,Combat Vehicle,25,532,3070
9475,J. Edgar Light Hover Tank (Light PPC),J. Edgar Light Hover Tank,(Light PPC),19,Combat Vehicle,25,626,3085
1640,J. Edgar Light Hover Tank (MG),J. Edgar Light Hover Tank,(MG),19,Combat Vehicle,25,482,2794
1642,J. Edgar Light Hover Tank (TAG),J. Edgar Light Hover Tank,(TAG),19,Combat Vehicle,25,564,3053
9476,J. Edgar Light Hover Tank (X-Pulse),J. Edgar Light Hover Tank,(X-Pulse),19,Combat Vehicle,25,621,3144
1703,JES I Tactical Missile Carrier  ,JES I Tactical Missile Carrier, ,19,Combat Vehicle,50,752,3075
1702,JES I Tactical Missile Carrier (3082 Upgrade),JES I Tactical Missile Carrier,(3082 Upgrade),19,Combat Vehicle,50,978,3082
1705,JES II Strategic Missile Carrier  ,JES II Strategic Missile Carrier, ,19,Combat Vehicle,95,1349,3079
1704,JES II Strategic Missile Carrier (Ammo),JES II Strategic Missile Carrier,(Ammo),19,Combat Vehicle,95,1362,3080
6805,JES II Strategic Missile Carrier (Support),JES II Strategic Missile Carrier,(Support),19,Combat Vehicle,95,1209,3088
6669,JES III Missile Carrier  ,JES III Missile Carrier, ,19,Combat Vehicle,60,1037,3133
6700,JES III Missile Carrier (C3),JES III Missile Carrier,(C3),19,Combat Vehicle,60,1020,3140
6701,JES III Missile Carrier (MML),JES III Missile Carrier,(MML),19,Combat Vehicle,60,947,3133
6702,JES III Missile Carrier (Speed),JES III Missile Carrier,(Speed),19,Combat Vehicle,60,1108,3135
6703,JES III Missile Carrier (Thunderbolt),JES III Missile Carrier,(Thunderbolt),19,Combat Vehicle,60,995,3133
6315,JI2A1 Attack APC  ,JI2A1 Attack APC, ,19,Combat Vehicle,25,435,3093
6316,JI2A1 Attack APC (MML),JI2A1 Attack APC,(MML),19,Combat Vehicle,25,396,3093
4383,Jabberwocky JAW-65A EngineerMech,Jabberwocky,JAW-65A EngineerMech,20,IndustrialMech,50,230,2549
1650,Jabberwocky JAW-66B EngineerMech,Jabberwocky,JAW-66B EngineerMech,20,IndustrialMech,50,322,3070
1651,Jabberwocky JAW-66C DemolitionMech,Jabberwocky,JAW-66C DemolitionMech,20,IndustrialMech,50,351,3070
1652,Jabberwocky JAW-66D ConstructionMech,Jabberwocky,JAW-66D ConstructionMech,20,IndustrialMech,50,326,3070
7176,Jabberwocky JAW-67 MilitiaMech,Jabberwocky,JAW-67 MilitiaMech,20,IndustrialMech,50,907,3076
1653,Jackal JA-KL-1532,Jackal,JA-KL-1532,18,BattleMech,30,918,3052
4384,Jackal JA-KL-1578,Jackal,JA-KL-1578,18,BattleMech,30,0,3077
1654,Jackal JA-KL-1579,Jackal,JA-KL-1579,18,BattleMech,30,1269,3077
1655,Jackal JA-KL-55,Jackal,JA-KL-55,18,BattleMech,30,1034,3066
6672,Jackalope JLP-BD,Jackalope,JLP-BD,18,BattleMech,30,1395,3134
9635,"Jackalope JLP-BD-L ""Harvey""",Jackalope,"JLP-BD-L ""Harvey""",18,BattleMech,30,1028,3136
6711,Jackalope JLP-C,Jackalope,JLP-C,18,BattleMech,30,1253,3135
9636,Jackalope JLP-IC,Jackalope,JLP-IC,18,BattleMech,30,1337,3143
6712,Jackalope JLP-KA,Jackalope,JLP-KA,18,BattleMech,30,1488,3135
9634,Jackalope JLP-KB,Jackalope,JLP-KB,18,BattleMech,30,1259,3139
6713,"Jackalope JLP-KW ""Wolpertinger""",Jackalope,"JLP-KW ""Wolpertinger""",18,BattleMech,30,1334,3142
9637,"Jackalope JLP-NH ""Tepoztēcatl""",Jackalope,"JLP-NH ""Tepoztēcatl""",18,BattleMech,30,1208,3137
1656,Jackrabbit JKR-8T,Jackrabbit,JKR-8T,18,BattleMech,25,414,2765
1657,"Jackrabbit JKR-9R ""Joker""",Jackrabbit,"JKR-9R ""Joker""",18,BattleMech,25,614,2768
1658,Jackrabbit JKR-9W,Jackrabbit,JKR-9W,18,BattleMech,25,549,3074
6566,Jade Hawk  ,Jade Hawk, ,18,BattleMech,75,2523,3136
6567,Jade Hawk 2,Jade Hawk,2,18,BattleMech,75,2455,3136
6568,Jade Hawk 3,Jade Hawk,3,18,BattleMech,75,2498,3136
6564,Jade Hawk JHK-03,Jade Hawk,JHK-03,18,BattleMech,75,2160,3135
8294,Jade Phoenix A,Jade Phoenix,A,18,BattleMech,85,2739,3148
8295,Jade Phoenix B,Jade Phoenix,B,18,BattleMech,85,2998,3148
8401,Jade Phoenix C,Jade Phoenix,C,18,BattleMech,85,2854,3148
8402,Jade Phoenix D,Jade Phoenix,D,18,BattleMech,85,2986,3148
8403,Jade Phoenix E,Jade Phoenix,E,18,BattleMech,85,2734,3148
8293,Jade Phoenix Prime,Jade Phoenix,Prime,18,BattleMech,85,3277,3148
1659,Jagatai A,Jagatai,A,17,Aerospace,70,2607,3019
1660,Jagatai B,Jagatai,B,17,Aerospace,70,2758,3019
1661,Jagatai C,Jagatai,C,17,Aerospace,70,2337,3019
1662,Jagatai D,Jagatai,D,17,Aerospace,70,2864,3065
4386,Jagatai E,Jagatai,E,17,Aerospace,70,2634,3070
1663,Jagatai Prime,Jagatai,Prime,17,Aerospace,70,2827,3019
4387,Jagatai X,Jagatai,X,17,Aerospace,70,2978,3072
1664,Jagdpanzer II  ,Jagdpanzer II, ,19,Combat Vehicle,40,1009,3074
1672,JagerMech III JM6-D3,JagerMech III,JM6-D3,18,BattleMech,65,1537,3058
1673,JagerMech III JM6-D4,JagerMech III,JM6-D4,18,BattleMech,65,1831,3073
1665,JagerMech JM6-A,JagerMech,JM6-A,18,BattleMech,65,1122,2778
4388,JagerMech JM6-B,JagerMech,JM6-B,18,BattleMech,65,0,3043
1666,JagerMech JM6-DD,JagerMech,JM6-DD,18,BattleMech,65,965,3049
1667,JagerMech JM6-DDa,JagerMech,JM6-DDa,18,BattleMech,65,911,3070
1668,JagerMech JM6-DG,JagerMech,JM6-DG,18,BattleMech,65,1625,3054
4389,JagerMech JM6-DGr,JagerMech,JM6-DGr,18,BattleMech,65,1661,3058
1669,JagerMech JM6-H,JagerMech,JM6-H,18,BattleMech,65,1348,3064
1670,JagerMech JM6-S,JagerMech,JM6-S,18,BattleMech,65,901,2774
1671,JagerMech JM7-C3BS,JagerMech,JM7-C3BS,18,BattleMech,70,1354,3075
4390,JagerMech JM7-D,JagerMech,JM7-D,18,BattleMech,70,1500,3057
9487,JagerMech JM7-DD,JagerMech,JM7-DD,18,BattleMech,70,1690,3146
4391,JagerMech JM7-F,JagerMech,JM7-F,18,BattleMech,70,1774,3062
4392,JagerMech JM7-G,JagerMech,JM7-G,18,BattleMech,70,1275,3068
6612,Jaguar,Jaguar,,18,BattleMech,35,1791,3121
6613,Jaguar 2,Jaguar,2,18,BattleMech,35,1780,3123
7429,Javelin JVN-10A,Javelin,JVN-10A,18,BattleMech,30,653,2752
1674,"Javelin JVN-10F ""Fire Javelin""",Javelin,"JVN-10F ""Fire Javelin""",18,BattleMech,30,835,2819
1675,Javelin JVN-10N,Javelin,JVN-10N,18,BattleMech,30,594,2751
1676,Javelin JVN-10P,Javelin,JVN-10P,18,BattleMech,30,590,3049
1677,"Javelin JVN-11A ""Fire Javelin""",Javelin,"JVN-11A ""Fire Javelin""",18,BattleMech,30,1073,3053
1678,Javelin JVN-11B,Javelin,JVN-11B,18,BattleMech,30,678,3054
1679,Javelin JVN-11D,Javelin,JVN-11D,18,BattleMech,30,1104,3062
5808,Javelin JVN-11D (Farrell),Javelin,JVN-11D (Farrell),18,BattleMech,30,1155,3068
1680,Javelin JVN-11F,Javelin,JVN-11F,18,BattleMech,30,827,3070
6938,Javelin JVN-11P,Javelin,JVN-11P,18,BattleMech,30,680,3101
9461,Javelin JVN-12N,Javelin,JVN-12N,18,BattleMech,30,795,3121
4395,Jeep  ,Jeep, ,19,Combat Vehicle,5,0,Unknown
4393,Jeep (MG),Jeep,(MG),19,Combat Vehicle,5,0,Unknown
4394,Jeep (SRM),Jeep,(SRM),19,Combat Vehicle,5,0,2370
1681,Jengiz A,Jengiz,A,17,Aerospace,80,3206,3032
1682,Jengiz B,Jengiz,B,17,Aerospace,80,3558,3032
1683,Jengiz C,Jengiz,C,17,Aerospace,80,2246,3032
1684,Jengiz D,Jengiz,D,17,Aerospace,80,2941,3063
4397,Jengiz E,Jengiz,E,17,Aerospace,80,2983,3064
6809,Jengiz F,Jengiz,F,17,Aerospace,80,2560,3099
1685,Jengiz Prime,Jengiz,Prime,17,Aerospace,80,3015,3032
4398,Jengiz X,Jengiz,X,17,Aerospace,80,3166,3075
1698,Jenner IIC  ,Jenner IIC, ,18,BattleMech,35,1047,3042
1699,Jenner IIC 2,Jenner IIC,2,18,BattleMech,35,1406,3044
1700,Jenner IIC 3,Jenner IIC,3,18,BattleMech,35,788,3048
1701,Jenner IIC 4,Jenner IIC,4,18,BattleMech,35,1052,3061
8248,Jenner IIC 5,Jenner IIC,5,18,BattleMech,35,1440,3140
1686,Jenner JR10-X,Jenner,JR10-X,18,BattleMech,35,1269,3072
1687,Jenner JR7-A,Jenner,JR7-A,18,BattleMech,35,712,2779
1688,Jenner JR7-C,Jenner,JR7-C,18,BattleMech,35,832,3050
1689,Jenner JR7-C2,Jenner,JR7-C2,18,BattleMech,35,769,3071
1690,Jenner JR7-C3,Jenner,JR7-C3,18,BattleMech,35,1069,3068
1691,Jenner JR7-C4,Jenner,JR7-C4,18,BattleMech,35,703,3077
1692,Jenner JR7-D,Jenner,JR7-D,18,BattleMech,35,875,2785
8282,Jenner JR7-D (Webster),Jenner,JR7-D (Webster),18,BattleMech,35,0,Unknown
1693,Jenner JR7-F,Jenner,JR7-F,18,BattleMech,35,1011,2784
7796,Jenner JR7-F (Smith),Jenner,JR7-F (Smith),18,BattleMech,35,1070,3030
1694,Jenner JR7-K,Jenner,JR7-K,18,BattleMech,35,889,3047
1695,Jenner JR7-K (Grace II),Jenner,JR7-K (Grace II),18,BattleMech,35,787,3067
1696,Jenner JR7-K (Grace),Jenner,JR7-K (Grace),18,BattleMech,35,702,3039
1697,Jenner JR7-K (Samuli),Jenner,JR7-K (Samuli),18,BattleMech,35,1001,3060
8247,Jenner JR7-N,Jenner,JR7-N,18,BattleMech,35,1233,3120
4399,Jenny AeroSpace Fighter  ,Jenny AeroSpace Fighter, ,17,Aerospace,0,0,Unknown
4401,Jet Sled  ,Jet Sled, ,19,Combat Vehicle,3,0,Unknown
4400,Jet Sled (MG),Jet Sled,(MG),19,Combat Vehicle,3,0,Unknown
4402,Jetta Coruna Luxury Plane 4X,Jetta Coruna Luxury Plane,4X,24,Support Vehicle,35,0,3066
1707,Jinggau JN-G7L,Jinggau,JN-G7L,18,BattleMech,65,2137,3068
9503,Jinggau JN-G7Lr,Jinggau,JN-G7Lr,18,BattleMech,65,2703,3078
1708,Jinggau JN-G8A,Jinggau,JN-G8A,18,BattleMech,65,2072,3060
9502,Jinggau JN-G8Ar,Jinggau,JN-G8Ar,18,BattleMech,65,2730,3078
1709,Jinggau JN-G8BX (Rush),Jinggau,JN-G8BX (Rush),18,BattleMech,65,1337,3070
9501,Jinggau JN-G9B,Jinggau,JN-G9B,18,BattleMech,65,2747,3146
1710,Jinggau JN-G9CC,Jinggau,JN-G9CC,18,BattleMech,65,1656,3072
9504,Jinggau JN-G9CCr,Jinggau,JN-G9CCr,18,BattleMech,65,2058,3114
4408,Jonah Submarine JN-002,Jonah Submarine,JN-002,24,Support Vehicle,2,0,2714
4409,Jormungand-class Bluewater Cruiser  ,Jormungand-class Bluewater Cruiser, ,79,Advanced Support,60000,0,2902
1711,Joust Medium Tank BE700,Joust Medium Tank,BE700,19,Combat Vehicle,40,1315,3077
1712,Joust Medium Tank BE701,Joust Medium Tank,BE701,19,Combat Vehicle,40,1077,3086
1713,Juggernaut JG-R9T1,Juggernaut,JG-R9T1,18,BattleMech,90,1719,3053
1714,Juggernaut JG-R9T2,Juggernaut,JG-R9T2,18,BattleMech,90,1916,3057
1715,Juggernaut JG-R9T3,Juggernaut,JG-R9T3,18,BattleMech,90,1959,3065
1716,"Juggernaut JG-R9TX1 ""Leapin' Lil""",Juggernaut,"JG-R9TX1 ""Leapin' Lil""",18,BattleMech,90,1951,3074
6516,Juliano JLN-5A,Juliano,JLN-5A,18,BattleMech,90,2105,3116
8064,Juliano JLN-5B,Juliano,JLN-5B,18,BattleMech,90,1937,3146
8065,Juliano JLN-5C,Juliano,JLN-5C,18,BattleMech,90,2473,3146
4410,Jumbo  ,Jumbo, ,17,Aerospace,14800,1857,2423
1717,Jump Laser Infantry,Jump Laser Infantry,,21,Infantry,4,84,2500
7022,Jump Level I (Flamer),Jump Level I,(Flamer),21,Infantry,6,0,2933
7024,Jump Level I (LRM),Jump Level I,(LRM),21,Infantry,6,0,3057
7025,Jump Level I (MG),Jump Level I,(MG),21,Infantry,6,0,2933
7021,"Jump Level I (Rifle, Ballistic)",Jump Level I,"(Rifle, Ballistic)",21,Infantry,6,0,2933
7023,"Jump Level I (Rifle, Energy)",Jump Level I,"(Rifle, Energy)",21,Infantry,6,0,2933
7026,Jump Level I (SRM),Jump Level I,(SRM),21,Infantry,6,0,2933
7035,Jump Platoon (FS3067+) (Flamer),Jump Platoon (FS3067+),(Flamer),21,Infantry,4,0,3067
7037,Jump Platoon (FS3067+) (LRM),Jump Platoon (FS3067+),(LRM),21,Infantry,4,0,3067
7038,Jump Platoon (FS3067+) (MG),Jump Platoon (FS3067+),(MG),21,Infantry,4,0,3067
7034,"Jump Platoon (FS3067+) (Rifle, Ballistic)",Jump Platoon (FS3067+),"(Rifle, Ballistic)",21,Infantry,4,0,3067
7036,"Jump Platoon (FS3067+) (Rifle, Energy)",Jump Platoon (FS3067+),"(Rifle, Energy)",21,Infantry,4,0,3067
7039,Jump Platoon (FS3067+) (SRM),Jump Platoon (FS3067+),(SRM),21,Infantry,4,0,3067
7041,Jump Platoon (FW3035+) (Flamer),Jump Platoon (FW3035+),(Flamer),21,Infantry,4,0,3035
7043,Jump Platoon (FW3035+) (LRM),Jump Platoon (FW3035+),(LRM),21,Infantry,4,0,3057
7044,Jump Platoon (FW3035+) (MG),Jump Platoon (FW3035+),(MG),21,Infantry,4,0,3035
7040,"Jump Platoon (FW3035+) (Rifle, Ballistic)",Jump Platoon (FW3035+),"(Rifle, Ballistic)",21,Infantry,4,0,3035
7042,"Jump Platoon (FW3035+) (Rifle, Energy)",Jump Platoon (FW3035+),"(Rifle, Energy)",21,Infantry,4,0,3035
7045,Jump Platoon (FW3035+) (SRM),Jump Platoon (FW3035+),(SRM),21,Infantry,4,0,3035
7029,Jump Platoon (FedCom) (Flamer),Jump Platoon (FedCom),(Flamer),21,Infantry,4,0,3030
7031,Jump Platoon (FedCom) (LRM),Jump Platoon (FedCom),(LRM),21,Infantry,4,0,3057
7032,Jump Platoon (FedCom) (MG),Jump Platoon (FedCom),(MG),21,Infantry,4,0,3030
7028,"Jump Platoon (FedCom) (Rifle, Ballistic)",Jump Platoon (FedCom),"(Rifle, Ballistic)",21,Infantry,4,0,3030
7030,"Jump Platoon (FedCom) (Rifle, Energy)",Jump Platoon (FedCom),"(Rifle, Energy)",21,Infantry,4,0,3030
7033,Jump Platoon (FedCom) (SRM),Jump Platoon (FedCom),(SRM),21,Infantry,4,0,3030
1718,Jump Platoon (Flamer),Jump Platoon,(Flamer),21,Infantry,4,70,2025
4411,Jump Platoon (Gauss),Jump Platoon,(Gauss),21,Infantry,4,0,3062
1720,Jump Platoon (LRM),Jump Platoon,(LRM),21,Infantry,4,70,3057
1721,Jump Platoon (MG),Jump Platoon,(MG),21,Infantry,4,81,ES
4412,Jump Platoon (Rifle Minelayer),Jump Platoon,(Rifle Minelayer),21,Infantry,4,0,ES
1722,"Jump Platoon (Rifle, Ballistic)",Jump Platoon,"(Rifle, Ballistic)",21,Infantry,4,89,ES
1719,"Jump Platoon (Rifle, Energy)",Jump Platoon,"(Rifle, Energy)",21,Infantry,4,84,2405
1723,Jump Platoon (SRM),Jump Platoon,(SRM),21,Infantry,4,77,2370
7245,"Jump Platoon, Marian  (1/2) (Flamer)","Jump Platoon, Marian", (1/2) (Flamer),21,Infantry,4,0,3010
7244,"Jump Platoon, Marian  (1/2) (Rifle, Ballistic)","Jump Platoon, Marian"," (1/2) (Rifle, Ballistic)",21,Infantry,4,0,3010
7246,"Jump Platoon, Marian  (1/2) (Rifle, Energy)","Jump Platoon, Marian"," (1/2) (Rifle, Energy)",21,Infantry,4,0,3010
7248,"Jump Platoon, Marian (1/2) (MG)","Jump Platoon, Marian",(1/2) (MG),21,Infantry,4,0,3010
7249,"Jump Platoon, Marian (1/2) (SRM)","Jump Platoon, Marian",(1/2) (SRM),21,Infantry,4,0,3010
7251,"Jump Platoon, Marian 3049+ (1/2)  (Rifle, Energy)","Jump Platoon, Marian 3049+","(1/2)  (Rifle, Energy)",21,Infantry,4,0,3049
7252,"Jump Platoon, Marian 3049+ (1/2) (Flamer)","Jump Platoon, Marian 3049+",(1/2) (Flamer),21,Infantry,4,0,3049
7253,"Jump Platoon, Marian 3049+ (1/2) (LRM)","Jump Platoon, Marian 3049+",(1/2) (LRM),21,Infantry,4,0,3057
7255,"Jump Platoon, Marian 3049+ (1/2) (MG)","Jump Platoon, Marian 3049+",(1/2) (MG),21,Infantry,4,0,3049
7250,"Jump Platoon, Marian 3049+ (1/2) (Rifle, Ballistic)","Jump Platoon, Marian 3049+","(1/2) (Rifle, Ballistic)",21,Infantry,4,0,3049
7254,"Jump Platoon, Marian 3049+ (1/2) (SRM)","Jump Platoon, Marian 3049+",(1/2) (SRM),21,Infantry,4,0,3049
9280,"Jump Platoon, Taurian (Flamer)","Jump Platoon, Taurian",(Flamer),21,Infantry,6,103,2335
9276,"Jump Platoon, Taurian (LRM)","Jump Platoon, Taurian",(LRM),21,Infantry,6,126,3057
9277,"Jump Platoon, Taurian (MG)","Jump Platoon, Taurian",(MG),21,Infantry,6,115,2335
9278,"Jump Platoon, Taurian (Rifle, Ballistic)","Jump Platoon, Taurian","(Rifle, Ballistic)",21,Infantry,6,127,2335
9275,"Jump Platoon, Taurian (Rifle, Energy)","Jump Platoon, Taurian","(Rifle, Energy)",21,Infantry,6,120,2405
9279,"Jump Platoon, Taurian (SRM)","Jump Platoon, Taurian",(SRM),21,Infantry,6,122,2370
1724,Jump Support Infantry  ,Jump Support Infantry, ,21,Infantry,4,82,2500
1725,Jupiter,Jupiter,,18,BattleMech,100,2784,3068
1726,Jupiter 2,Jupiter,2,18,BattleMech,100,3278,3070
1727,Jupiter 3,Jupiter,3,18,BattleMech,100,3074,3075
6829,Jupiter 4,Jupiter,4,18,BattleMech,100,2955,3093
1728,Kabuto KBO-7A,Kabuto,KBO-7A,18,BattleMech,20,524,3059
1729,Kabuto KBO-7B,Kabuto,KBO-7B,18,BattleMech,20,635,3068
1730,Kage Light Battle Armor (DEST) (Sqd4),Kage Light Battle Armor (DEST),(Sqd4),21,Infantry,0.75,177,3059
8546,Kage Light Battle Armor (DEST) (Sqd5),Kage Light Battle Armor (DEST),(Sqd5),21,Infantry,0.75,239,3059
8910,Kage Light Battle Armor (DEST) (Sqd6),Kage Light Battle Armor (DEST),(Sqd6),21,Infantry,0.75,307,3059
1731,Kage Light Battle Armor (Space) (Sqd4),Kage Light Battle Armor (Space),(Sqd4),21,Infantry,0.75,105,3067
8547,Kage Light Battle Armor (Space) (Sqd5),Kage Light Battle Armor (Space),(Sqd5),21,Infantry,0.75,142,3067
8911,Kage Light Battle Armor (Space) (Sqd6),Kage Light Battle Armor (Space),(Sqd6),21,Infantry,0.75,182,3067
1732,Kage Light Battle Armor (Vibro-Claw)  (Sqd4),Kage Light Battle Armor (Vibro-Claw) ,(Sqd4),21,Infantry,0.75,114,3069
8548,Kage Light Battle Armor (Vibro-Claw) (Sqd5),Kage Light Battle Armor (Vibro-Claw),(Sqd5),21,Infantry,0.75,154,3069
8912,Kage Light Battle Armor (Vibro-Claw) (Sqd6),Kage Light Battle Armor (Vibro-Claw),(Sqd6),21,Infantry,0.75,198,3069
1738,Kage Light Battle Armor C (Sqd4),Kage Light Battle Armor C,(Sqd4),21,Infantry,0.75,133,3077
8554,Kage Light Battle Armor C (Sqd5),Kage Light Battle Armor C,(Sqd5),21,Infantry,0.75,179,3077
8918,Kage Light Battle Armor C (Sqd6),Kage Light Battle Armor C,(Sqd6),21,Infantry,0.75,230,3077
1733,Kage Light Battle Armor [ECM] (Sqd4),Kage Light Battle Armor,[ECM] (Sqd4),21,Infantry,0.75,113,3056
8549,Kage Light Battle Armor [ECM] (Sqd5),Kage Light Battle Armor,[ECM] (Sqd5),21,Infantry,0.75,153,3056
8913,Kage Light Battle Armor [ECM] (Sqd6),Kage Light Battle Armor,[ECM] (Sqd6),21,Infantry,0.75,196,3056
1734,Kage Light Battle Armor [Flamer] (Sqd4),Kage Light Battle Armor,[Flamer] (Sqd4),21,Infantry,0.75,117,3056
8550,Kage Light Battle Armor [Flamer] (Sqd5),Kage Light Battle Armor,[Flamer] (Sqd5),21,Infantry,0.75,148,3056
8914,Kage Light Battle Armor [Flamer] (Sqd6),Kage Light Battle Armor,[Flamer] (Sqd6),21,Infantry,0.75,189,3056
1735,Kage Light Battle Armor [Laser] (Sqd4),Kage Light Battle Armor,[Laser] (Sqd4),21,Infantry,0.75,126,3056
8551,Kage Light Battle Armor [Laser] (Sqd5),Kage Light Battle Armor,[Laser] (Sqd5),21,Infantry,0.75,153,3056
8915,Kage Light Battle Armor [Laser] (Sqd6),Kage Light Battle Armor,[Laser] (Sqd6),21,Infantry,0.75,194,3056
1736,Kage Light Battle Armor [MG] (Sqd4),Kage Light Battle Armor,[MG] (Sqd4),21,Infantry,0.75,117,3056
8552,Kage Light Battle Armor [MG] (Sqd5),Kage Light Battle Armor,[MG] (Sqd5),21,Infantry,0.75,148,3056
8916,Kage Light Battle Armor [MG] (Sqd6),Kage Light Battle Armor,[MG] (Sqd6),21,Infantry,0.75,189,3056
1737,Kage Light Battle Armor [TAG] (Sqd4),Kage Light Battle Armor,[TAG] (Sqd4),21,Infantry,0.75,105,3056
8553,Kage Light Battle Armor [TAG] (Sqd5),Kage Light Battle Armor,[TAG] (Sqd5),21,Infantry,0.75,142,3056
8917,Kage Light Battle Armor [TAG] (Sqd6),Kage Light Battle Armor,[TAG] (Sqd6),21,Infantry,0.75,182,3056
4415,Kaleen Bay Tanker  ,Kaleen Bay Tanker, ,79,Advanced Support,30000,0,2602
4416,Kalki Cruise Missile Launcher  ,Kalki Cruise Missile Launcher, ,19,Combat Vehicle,150,1036,3079
4423,"Kallon UL-series Construction Vehicle UL-10 ""Backhoe""",Kallon UL-series Construction Vehicle,"UL-10 ""Backhoe""",24,Support Vehicle,10,0,3054
4424,"Kallon UL-series Construction Vehicle UL-11 ""Rock Cutter""",Kallon UL-series Construction Vehicle,"UL-11 ""Rock Cutter""",24,Support Vehicle,10,0,3054
4425,"Kallon UL-series Construction Vehicle UL-12 ""Chainsaw""",Kallon UL-series Construction Vehicle,"UL-12 ""Chainsaw""",24,Support Vehicle,10,0,3054
4426,"Kallon UL-series Construction Vehicle UL-14 ""Dual Bulldozer""",Kallon UL-series Construction Vehicle,"UL-14 ""Dual Bulldozer""",24,Support Vehicle,10,0,3054
6382,Kamakiri Attack VTOL  ,Kamakiri Attack VTOL, ,19,Combat Vehicle,55,1378,3100
6383,"Kamakiri Attack VTOL (Gauss) ""Shi Kamakiri""",Kamakiri Attack VTOL,"(Gauss) ""Shi Kamakiri""",19,Combat Vehicle,55,1552,3106
9332,Kamisori Light Tank A,Kamisori Light Tank,A,19,Combat Vehicle,20,599,3103
9333,Kamisori Light Tank B,Kamisori Light Tank,B,19,Combat Vehicle,20,487,3103
9334,Kamisori Light Tank C,Kamisori Light Tank,C,19,Combat Vehicle,20,527,3103
9331,Kamisori Light Tank Prime,Kamisori Light Tank,Prime,19,Combat Vehicle,20,536,3103
9335,Kamisori Light Tank R,Kamisori Light Tank,R,19,Combat Vehicle,20,669,3103
1739,"Kanazuchi Assault Battle Armor ""Cyclops"" (Sqd4)","Kanazuchi Assault Battle Armor ""Cyclops""",(Sqd4),21,Infantry,2,630,3076
8555,"Kanazuchi Assault Battle Armor ""Cyclops"" (Sqd5)","Kanazuchi Assault Battle Armor ""Cyclops""",(Sqd5),21,Infantry,2,848,3076
8919,"Kanazuchi Assault Battle Armor ""Cyclops"" (Sqd6)","Kanazuchi Assault Battle Armor ""Cyclops""",(Sqd6),21,Infantry,2,1090,3076
8027,Kanazuchi Assault Battle Armor (Support) (Sqd4),Kanazuchi Assault Battle Armor (Support),(Sqd4),21,Infantry,2,365,3120
4427,Kanazuchi Assault Battle Armor (Upgrade) [Armored Glove] (Sqd4),Kanazuchi Assault Battle Armor (Upgrade),[Armored Glove] (Sqd4),21,Infantry,2,0,3070
1740,Kanazuchi Assault Battle Armor (Upgrade) [Battle Claw] (Sqd4),Kanazuchi Assault Battle Armor (Upgrade),[Battle Claw] (Sqd4),21,Infantry,2,350,3070
8556,Kanazuchi Assault Battle Armor (Upgrade) [Battle Claw] (Sqd5),Kanazuchi Assault Battle Armor (Upgrade),[Battle Claw] (Sqd5),21,Infantry,2,471,3070
8920,Kanazuchi Assault Battle Armor (Upgrade) [Battle Claw] (Sqd6),Kanazuchi Assault Battle Armor (Upgrade),[Battle Claw] (Sqd6),21,Infantry,2,605,3070
4429,Kanazuchi Assault Battle Armor [Armored Glove] (Sqd4),Kanazuchi Assault Battle Armor,[Armored Glove] (Sqd4),21,Infantry,2,0,3058
1741,Kanazuchi Assault Battle Armor [Battle Claw] (Sqd4),Kanazuchi Assault Battle Armor,[Battle Claw] (Sqd4),21,Infantry,2,372,3058
8557,Kanazuchi Assault Battle Armor [Battle Claw] (Sqd5),Kanazuchi Assault Battle Armor,[Battle Claw] (Sqd5),21,Infantry,2,501,3058
8921,Kanazuchi Assault Battle Armor [Battle Claw] (Sqd6),Kanazuchi Assault Battle Armor,[Battle Claw] (Sqd6),21,Infantry,2,644,3058
1742,Kanazuchi Assault Battle Armor [Industrial Drill] (Sqd4),Kanazuchi Assault Battle Armor,[Industrial Drill] (Sqd4),21,Infantry,2,372,3058
8558,Kanazuchi Assault Battle Armor [Industrial Drill] (Sqd5),Kanazuchi Assault Battle Armor,[Industrial Drill] (Sqd5),21,Infantry,2,501,3058
8922,Kanazuchi Assault Battle Armor [Industrial Drill] (Sqd6),Kanazuchi Assault Battle Armor,[Industrial Drill] (Sqd6),21,Infantry,2,644,3058
1743,Kanazuchi Assault Battle Armor [Salvage Arm] (Sqd4),Kanazuchi Assault Battle Armor,[Salvage Arm] (Sqd4),21,Infantry,2,372,3058
8559,Kanazuchi Assault Battle Armor [Salvage Arm] (Sqd5),Kanazuchi Assault Battle Armor,[Salvage Arm] (Sqd5),21,Infantry,2,501,3058
8923,Kanazuchi Assault Battle Armor [Salvage Arm] (Sqd6),Kanazuchi Assault Battle Armor,[Salvage Arm] (Sqd6),21,Infantry,2,644,3058
1745,Kanga Medium Hovertank  ,Kanga Medium Hovertank, ,19,Combat Vehicle,50,752,2653
1744,Kanga Medium Hovertank (AC),Kanga Medium Hovertank,(AC),19,Combat Vehicle,50,744,2801
4431,Kanga Medium Hovertank (WiGE),Kanga Medium Hovertank,(WiGE),19,Combat Vehicle,0,0,3071
4432,Kanga Medium Hovertank KGA-3X,Kanga Medium Hovertank,KGA-3X,19,Combat Vehicle,50,0,Unknown
1746,Kanga-X Jump Tank  ,Kanga-X Jump Tank, ,19,Combat Vehicle,50,1154,3075
1747,Karhu (Syngman),Karhu,(Syngman),18,BattleMech,65,1924,3085
1748,Karhu A,Karhu,A,18,BattleMech,65,2560,3079
1749,Karhu B,Karhu,B,18,BattleMech,65,2787,3079
1750,Karhu C,Karhu,C,18,BattleMech,65,2092,3079
1751,Karhu D,Karhu,D,18,BattleMech,65,3118,3079
6882,Karhu G,Karhu,G,18,BattleMech,65,2895,3099
1752,Karhu Prime,Karhu,Prime,18,BattleMech,65,2488,3079
1753,Karnov UR Gunship  ,Karnov UR Gunship, ,19,Combat Vehicle,30,221,3039
1759,Karnov UR Transport  ,Karnov UR Transport, ,19,Combat Vehicle,30,125,Unknown
1754,Karnov UR Transport (3055 Upgrade),Karnov UR Transport,(3055 Upgrade),19,Combat Vehicle,30,152,3055
1755,Karnov UR Transport (AC),Karnov UR Transport,(AC),19,Combat Vehicle,30,556,Unknown
1756,Karnov UR Transport (Artillery),Karnov UR Transport,(Artillery),19,Combat Vehicle,30,227,Unknown
9561,Karnov UR Transport (BA Stealth),Karnov UR Transport,(BA Stealth),19,Combat Vehicle,30,233,3089
1757,Karnov UR Transport (BA),Karnov UR Transport,(BA),19,Combat Vehicle,30,499,3063
5787,Karnov UR Transport (Heavy Stealth),Karnov UR Transport,(Heavy Stealth),19,Combat Vehicle,45,416,3080
4434,Karnov UR Transport (Missiles),Karnov UR Transport,(Missiles),19,Combat Vehicle,30,0,Unknown
1758,Karnov UR Transport (Periphery),Karnov UR Transport,(Periphery),19,Combat Vehicle,30,590,3064
4435,Karnov UR Transport (Stealth),Karnov UR Transport,(Stealth),19,Combat Vehicle,30,0,2993
1760,Katana (Crockett) CRK-5003-2,Katana (Crockett),CRK-5003-2,18,BattleMech,85,1629,3035
1761,Katana (Crockett) CRK-5003-C,Katana (Crockett),CRK-5003-C,18,BattleMech,85,1618,3057
1762,Katana (Crockett) CRK-5003-CJ,Katana (Crockett),CRK-5003-CJ,18,BattleMech,85,1844,3071
1763,Katana (Crockett) CRK-5003-CM,Katana (Crockett),CRK-5003-CM,18,BattleMech,85,1554,3057
8428,Katana (Crockett) CRK-5006-1,Katana (Crockett),CRK-5006-1,18,BattleMech,85,2363,3108
4436,Katya Ground Assault Craft (Fuel),Katya Ground Assault Craft,(Fuel),17,Aerospace,30,0,3067
4439,Katya Ground Assault Craft C-904,Katya Ground Assault Craft,C-904,17,Aerospace,30,0,3067
4438,Katya Ground Assault Craft C-905,Katya Ground Assault Craft,C-905,17,Aerospace,30,0,3067
4437,Katya Ground Assault Craft C-906,Katya Ground Assault Craft,C-906,17,Aerospace,30,0,3067
6604,Kelswa Assault Tank  ,Kelswa Assault Tank, ,19,Combat Vehicle,95,1632,3105
1769,Kestrel VTOL  ,Kestrel VTOL, ,19,Combat Vehicle,25,155,3007
1764,Kestrel VTOL (Clan),Kestrel VTOL,(Clan),19,Combat Vehicle,25,166,2880
1766,Kestrel VTOL (ML),Kestrel VTOL,(ML),19,Combat Vehicle,25,252,3030
1765,Kestrel VTOL (MedEvac),Kestrel VTOL,(MedEvac),19,Combat Vehicle,25,126,3022
1767,Kestrel VTOL (SL),Kestrel VTOL,(SL),19,Combat Vehicle,25,175,3017
1768,Kestrel VTOL (SRM),Kestrel VTOL,(SRM),19,Combat Vehicle,25,192,3042
5775,Kestrel VTOL (Scout),Kestrel VTOL,(Scout),19,Combat Vehicle,25,175,3030
6675,Kheper KHP-7R,Kheper,KHP-7R,18,BattleMech,55,1568,3135
4441,Kilkenny Falls Oil Tanker  ,Kilkenny Falls Oil Tanker, ,79,Advanced Support,30000,0,2818
4442,Kimagure Pursuit Cruiser  ,Kimagure Pursuit Cruiser, ,81,Advanced Aerospace,780000,0,2582
7324,Kimagure Pursuit Cruiser (Surprise),Kimagure Pursuit Cruiser,(Surprise),81,Advanced Aerospace,780000,22644,2756
4443,King CargoMech,King,CargoMech,20,IndustrialMech,90,0,2920
1770,King Crab KGC-000,King Crab,KGC-000,18,BattleMech,100,1906,2743
1771,King Crab KGC-0000,King Crab,KGC-0000,18,BattleMech,100,1810,2815
1772,King Crab KGC-000b,King Crab,KGC-000b,18,BattleMech,100,2039,2743
8176,King Crab KGC-000b (Chrichell),King Crab,KGC-000b (Chrichell),18,BattleMech,100,0,Unknown
1773,King Crab KGC-001,King Crab,KGC-001,18,BattleMech,100,2221,3052
1774,King Crab KGC-005,King Crab,KGC-005,18,BattleMech,100,2264,3062
1775,King Crab KGC-005r,King Crab,KGC-005r,18,BattleMech,100,2335,3071
1776,King Crab KGC-007,King Crab,KGC-007,18,BattleMech,100,2523,3071
1777,King Crab KGC-008,King Crab,KGC-008,18,BattleMech,100,2369,3069
5494,King Crab KGC-008B,King Crab,KGC-008B,18,BattleMech,100,2374,3080
6635,King Crab KGC-009,King Crab,KGC-009,18,BattleMech,100,2260,3104
8066,King Crab KGC-009C,King Crab,KGC-009C,18,BattleMech,100,2652,3143
1778,King Crab KGC-010,King Crab,KGC-010,18,BattleMech,100,2181,2743
7514,King Crab KGC-011,King Crab,KGC-011,18,BattleMech,100,2406,3143
4445,King Karnov Transport KC-5,King Karnov Transport,KC-5,24,Support Vehicle,200,0,3001
4446,King Karnov Transport KC-6,King Karnov Transport,KC-6,24,Support Vehicle,200,0,3015
4447,King Karnov Transport KC-9,King Karnov Transport,KC-9,24,Support Vehicle,200,0,3053
1779,Kingfisher A,Kingfisher,A,18,BattleMech,90,2261,2887
1780,Kingfisher B,Kingfisher,B,18,BattleMech,90,2472,2887
1781,Kingfisher C,Kingfisher,C,18,BattleMech,90,2644,2887
1782,Kingfisher D,Kingfisher,D,18,BattleMech,90,2364,2887
1783,Kingfisher E,Kingfisher,E,18,BattleMech,90,2443,3063
1784,Kingfisher F,Kingfisher,F,18,BattleMech,90,2568,3069
8261,Kingfisher G,Kingfisher,G,18,BattleMech,90,2319,3136
1785,Kingfisher H,Kingfisher,H,18,BattleMech,90,2525,3061
8262,Kingfisher I,Kingfisher,I,18,BattleMech,90,2348,3137
1786,Kingfisher Prime,Kingfisher,Prime,18,BattleMech,90,2401,2887
8260,Kingfisher T,Kingfisher,T,18,BattleMech,90,2637,3142
1787,Kingfisher X,Kingfisher,X,18,BattleMech,90,2761,3076
1789,Kinnol MBT  ,Kinnol MBT, ,19,Combat Vehicle,70,1200,3083
1788,Kinnol MBT (PPC),Kinnol MBT,(PPC),19,Combat Vehicle,70,1212,3086
6796,Kinnol MBT (RAC),Kinnol MBT,(RAC),19,Combat Vehicle,70,1671,3122
7927,Kinnol MBT (Reactive),Kinnol MBT,(Reactive),19,Combat Vehicle,70,0,Unknown
1790,Kintaro KTO-18,Kintaro,KTO-18,18,BattleMech,55,1187,2792
1791,Kintaro KTO-19,Kintaro,KTO-19,18,BattleMech,55,1160,2587
8285,Kintaro KTO-19 (Omar),Kintaro,KTO-19 (Omar),18,BattleMech,55,0,3040
1792,Kintaro KTO-19b,Kintaro,KTO-19b,18,BattleMech,55,1265,2731
1793,Kintaro KTO-20,Kintaro,KTO-20,18,BattleMech,55,1357,3035
1794,Kintaro KTO-21,Kintaro,KTO-21,18,BattleMech,55,1295,3059
1795,Kintaro KTO-C,Kintaro,KTO-C,18,BattleMech,55,1294,3051
1796,Kintaro KTO-K,Kintaro,KTO-K,18,BattleMech,55,1571,3058
1797,Kirghiz A,Kirghiz,A,17,Aerospace,100,3368,2874
1798,Kirghiz B,Kirghiz,B,17,Aerospace,100,3935,2874
1799,Kirghiz C,Kirghiz,C,17,Aerospace,100,3231,2874
1800,Kirghiz D,Kirghiz,D,17,Aerospace,100,3649,3067
4450,Kirghiz E,Kirghiz,E,17,Aerospace,100,4023,3069
1801,Kirghiz Prime,Kirghiz,Prime,17,Aerospace,100,3046,2874
6363,Kishi Battle Armor (Sqd4),Kishi Battle Armor,(Sqd4),21,Infantry,0.75,197,3105
8736,Kishi Battle Armor (Sqd5),Kishi Battle Armor,(Sqd5),21,Infantry,0.75,265,3105
9099,Kishi Battle Armor (Sqd6),Kishi Battle Armor,(Sqd6),21,Infantry,0.75,341,3105
4452,Kiso K-3N-KR3 ConstructionMech,Kiso,K-3N-KR3 ConstructionMech,20,IndustrialMech,100,0,2638
1802,Kiso K-3N-KR4 ConstructionMech,Kiso,K-3N-KR4 ConstructionMech,20,IndustrialMech,100,946,2703
1803,Kiso K-3N-KR5 ConstructionMech,Kiso,K-3N-KR5 ConstructionMech,20,IndustrialMech,100,1082,2703
5773,Kiso K-3N-KRHQ CommandMech,Kiso,K-3N-KRHQ CommandMech,20,IndustrialMech,100,940,2823
6541,Kite Reconnaissance Vehicle  ,Kite Reconnaissance Vehicle, ,19,Combat Vehicle,30,671,3105
8052,Kite Reconnaissance Vehicle (Fusion),Kite Reconnaissance Vehicle,(Fusion),19,Combat Vehicle,30,943,3147
4453,Knox Armored Car  ,Knox Armored Car, ,24,Support Vehicle,12,0,2947
6728,Kobold Battle Armor IIC (Sqd4),Kobold Battle Armor IIC,(Sqd4),21,Infantry,0.75,186,3094
8783,Kobold Battle Armor IIC (Sqd5),Kobold Battle Armor IIC,(Sqd5),21,Infantry,0.75,251,3094
9146,Kobold Battle Armor IIC (Sqd6),Kobold Battle Armor IIC,(Sqd6),21,Infantry,0.75,323,3094
5561,Kobold Battle Armor X-C3 (Sqd4),Kobold Battle Armor X-C3,(Sqd4),21,Infantry,0.75,86,3076
8707,Kobold Battle Armor X-C3 (Sqd5),Kobold Battle Armor X-C3,(Sqd5),21,Infantry,0.75,116,3076
9071,Kobold Battle Armor X-C3 (Sqd6),Kobold Battle Armor X-C3,(Sqd6),21,Infantry,0.75,149,3076
4454,Kobold Battle Armor [MicroGL/Flamer] (Sqd4),Kobold Battle Armor,[MicroGL/Flamer] (Sqd4),21,Infantry,0.75,118,3069
8639,Kobold Battle Armor [MicroGL/Flamer] (Sqd5),Kobold Battle Armor,[MicroGL/Flamer] (Sqd5),21,Infantry,0.75,158,3069
9003,Kobold Battle Armor [MicroGL/Flamer] (Sqd6),Kobold Battle Armor,[MicroGL/Flamer] (Sqd6),21,Infantry,0.75,202,3069
4455,Kobold Battle Armor [MicroGL/SPL] (Sqd4),Kobold Battle Armor,[MicroGL/SPL] (Sqd4),21,Infantry,0.75,125,3069
8640,Kobold Battle Armor [MicroGL/SPL] (Sqd5),Kobold Battle Armor,[MicroGL/SPL] (Sqd5),21,Infantry,0.75,165,3069
9004,Kobold Battle Armor [MicroGL/SPL] (Sqd6),Kobold Battle Armor,[MicroGL/SPL] (Sqd6),21,Infantry,0.75,210,3069
4456,Kobold Battle Armor [MicroGL/TAG] (Sqd4),Kobold Battle Armor,[MicroGL/TAG] (Sqd4),21,Infantry,0.75,113,3069
8641,Kobold Battle Armor [MicroGL/TAG] (Sqd5),Kobold Battle Armor,[MicroGL/TAG] (Sqd5),21,Infantry,0.75,153,3069
9005,Kobold Battle Armor [MicroGL/TAG] (Sqd6),Kobold Battle Armor,[MicroGL/TAG] (Sqd6),21,Infantry,0.75,196,3069
4457,Kobold Battle Armor [SL/Flamer] (Sqd4),Kobold Battle Armor,[SL/Flamer] (Sqd4),21,Infantry,0.75,182,3069
8642,Kobold Battle Armor [SL/Flamer] (Sqd5),Kobold Battle Armor,[SL/Flamer] (Sqd5),21,Infantry,0.75,244,3069
9006,Kobold Battle Armor [SL/Flamer] (Sqd6),Kobold Battle Armor,[SL/Flamer] (Sqd6),21,Infantry,0.75,313,3069
4458,Kobold Battle Armor [SL/TAG] (Sqd4),Kobold Battle Armor,[SL/TAG] (Sqd4),21,Infantry,0.75,177,3069
8643,Kobold Battle Armor [SL/TAG] (Sqd5),Kobold Battle Armor,[SL/TAG] (Sqd5),21,Infantry,0.75,239,3069
9007,Kobold Battle Armor [SL/TAG] (Sqd6),Kobold Battle Armor,[SL/TAG] (Sqd6),21,Infantry,0.75,307,3069
1805,Kodiak  ,Kodiak, ,18,BattleMech,100,2927,3001
1804,Kodiak (Cale),Kodiak,(Cale),18,BattleMech,100,2535,3068
1806,Kodiak 2,Kodiak,2,18,BattleMech,100,2856,3062
1807,Kodiak 3,Kodiak,3,18,BattleMech,100,2615,3068
1808,Kodiak 4,Kodiak,4,18,BattleMech,100,2728,3066
1809,Kodiak 5,Kodiak,5,18,BattleMech,100,3067,3052
8364,Kodiak 6,Kodiak,6,18,BattleMech,100,2922,3131
6295,Kodiak II  ,Kodiak II, ,18,BattleMech,100,3066,3095
6296,Kodiak II 2,Kodiak II,2,18,BattleMech,100,3147,3139
8067,Kodiak II 3,Kodiak II,3,18,BattleMech,100,2238,3146
7672,Kokou Defense Tank  ,Kokou Defense Tank, ,19,Combat Vehicle,70,1189,2843
7673,Kokou Defense Tank (XL),Kokou Defense Tank,(XL),19,Combat Vehicle,70,1474,2843
1810,Komodo KIM-2,Komodo,KIM-2,18,BattleMech,45,1533,3053
1811,Komodo KIM-2A,Komodo,KIM-2A,18,BattleMech,45,1415,3053
1812,Komodo KIM-2C,Komodo,KIM-2C,18,BattleMech,45,1533,3064
1813,Komodo KIM-3C,Komodo,KIM-3C,18,BattleMech,45,1371,3064
8352,Kontio  ,Kontio, ,18,BattleMech,40,1912,3145
1814,"Kopis Assault Battle Armor ""The Dark Alley"" (Sqd4)",Kopis Assault Battle Armor,"""The Dark Alley"" (Sqd4)",21,Infantry,2,407,3077
8560,"Kopis Assault Battle Armor ""The Dark Alley"" (Sqd5)",Kopis Assault Battle Armor,"""The Dark Alley"" (Sqd5)",21,Infantry,2,548,3077
8924,"Kopis Assault Battle Armor ""The Dark Alley"" (Sqd6)",Kopis Assault Battle Armor,"""The Dark Alley"" (Sqd6)",21,Infantry,2,705,3077
6743,Kopis Assault Battle Armor (AI Mk II) (Sqd4),Kopis Assault Battle Armor,(AI Mk II) (Sqd4),21,Infantry,2,289,3090
8798,Kopis Assault Battle Armor (AI Mk II) (Sqd5),Kopis Assault Battle Armor,(AI Mk II) (Sqd5),21,Infantry,2,389,3090
9161,Kopis Assault Battle Armor (AI Mk II) (Sqd6),Kopis Assault Battle Armor,(AI Mk II) (Sqd6),21,Infantry,2,501,3090
6744,Kopis Assault Battle Armor (AI Mk IIr) (Sqd4),Kopis Assault Battle Armor,(AI Mk IIr) (Sqd4),21,Infantry,2,330,3117
8799,Kopis Assault Battle Armor (AI Mk IIr) (Sqd5),Kopis Assault Battle Armor,(AI Mk IIr) (Sqd5),21,Infantry,2,444,3117
9162,Kopis Assault Battle Armor (AI Mk IIr) (Sqd6),Kopis Assault Battle Armor,(AI Mk IIr) (Sqd6),21,Infantry,2,570,3117
1815,Kopis Assault Battle Armor (Anti-Infantry) (Sqd4),Kopis Assault Battle Armor,(Anti-Infantry) (Sqd4),21,Infantry,2,298,3078
8561,Kopis Assault Battle Armor (Anti-Infantry) (Sqd5),Kopis Assault Battle Armor,(Anti-Infantry) (Sqd5),21,Infantry,2,401,3078
8925,Kopis Assault Battle Armor (Anti-Infantry) (Sqd6),Kopis Assault Battle Armor,(Anti-Infantry) (Sqd6),21,Infantry,2,515,3078
6745,Kopis Assault Battle Armor (Mortar) (Sqd4),Kopis Assault Battle Armor,(Mortar) (Sqd4),21,Infantry,2,301,3120
6425,Koroshiya KOS-1A,Koroshiya,KOS-1A,17,Aerospace,95,2877,3128
1816,Korvin Tank KRV-2,Korvin Tank,KRV-2,24,Support Vehicle,50,507,2367
1817,Korvin Tank KRV-3,Korvin Tank,KRV-3,19,Combat Vehicle,50,809,2544
1818,Koryu Submarine (Civilian),Koryu Submarine,(Civilian),24,Support Vehicle,30,87,3025
1819,Koryu Submarine (Military),Koryu Submarine,(Military),24,Support Vehicle,30,111,3025
1820,Koschei KSC-3I,Koschei,KSC-3I,18,BattleMech,65,1255,2504
1821,Koschei KSC-3L,Koschei,KSC-3L,18,BattleMech,65,1384,2634
1822,Koschei KSC-4I,Koschei,KSC-4I,18,BattleMech,65,1516,2719
1823,Koschei KSC-4L,Koschei,KSC-4L,18,BattleMech,65,1503,2723
1824,Koschei KSC-5I,Koschei,KSC-5I,18,BattleMech,65,1961,3071
1825,Koschei KSC-5MC,Koschei,KSC-5MC,18,BattleMech,65,1764,3068
1826,Koschei KSC-5X,Koschei,KSC-5X,18,BattleMech,65,1554,3075
6881,Koschei KSC-6L,Koschei,KSC-6L,18,BattleMech,65,1465,3105
1827,Koshi (Mist Lynx) A,Koshi (Mist Lynx),A,18,BattleMech,25,608,2926
1828,Koshi (Mist Lynx) B,Koshi (Mist Lynx),B,18,BattleMech,25,1209,2926
1829,Koshi (Mist Lynx) C,Koshi (Mist Lynx),C,18,BattleMech,25,1320,2926
1830,Koshi (Mist Lynx) D,Koshi (Mist Lynx),D,18,BattleMech,25,842,2926
1831,Koshi (Mist Lynx) E,Koshi (Mist Lynx),E,18,BattleMech,25,997,3059
1832,Koshi (Mist Lynx) F,Koshi (Mist Lynx),F,18,BattleMech,25,1173,3063
1833,Koshi (Mist Lynx) G,Koshi (Mist Lynx),G,18,BattleMech,25,834,3068
1834,Koshi (Mist Lynx) H,Koshi (Mist Lynx),H,18,BattleMech,25,982,3059
7557,Koshi (Mist Lynx) I,Koshi (Mist Lynx),I,18,BattleMech,25,689,3086
7558,Koshi (Mist Lynx) J,Koshi (Mist Lynx),J,18,BattleMech,25,1704,3107
7559,Koshi (Mist Lynx) K,Koshi (Mist Lynx),K,18,BattleMech,25,976,3112
7560,Koshi (Mist Lynx) L,Koshi (Mist Lynx),L,18,BattleMech,25,901,3124
7561,Koshi (Mist Lynx) M,Koshi (Mist Lynx),M,18,BattleMech,25,961,3140
7562,Koshi (Mist Lynx) N,Koshi (Mist Lynx),N,18,BattleMech,25,976,3139
1835,Koshi (Mist Lynx) P,Koshi (Mist Lynx),P,18,BattleMech,25,1064,3061
1836,Koshi (Mist Lynx) Prime,Koshi (Mist Lynx),Prime,18,BattleMech,25,871,2926
7556,Koshi (Mist Lynx) T,Koshi (Mist Lynx),T,18,BattleMech,25,971,3142
5643,Koshi (Mist Lynx) Z,Koshi (Mist Lynx),Z,18,BattleMech,25,970,3072
6547,Koshi (Standard),Koshi (Standard),,18,BattleMech,25,760,3091
6548,Koshi (Standard) 2,Koshi (Standard),2,18,BattleMech,25,948,3095
6549,Koshi (Standard) 3,Koshi (Standard),3,18,BattleMech,25,777,3095
1840,Koto KT-P2,Koto,KT-P2,18,BattleMech,25,631,3052
1837,Koto KTO-2A,Koto,KTO-2A,18,BattleMech,25,977,3057
1838,Koto KTO-3A,Koto,KTO-3A,18,BattleMech,25,806,3062
1839,Koto KTO-4A,Koto,KTO-4A,18,BattleMech,25,1073,3068
1841,Kraken (Bane)  ,Kraken (Bane), ,18,BattleMech,100,1950,2827
1842,Kraken (Bane) 2,Kraken (Bane),2,18,BattleMech,100,2502,3053
1843,Kraken (Bane) 3,Kraken (Bane),3,18,BattleMech,100,2941,3054
1844,Kraken (Bane) 4,Kraken (Bane),4,18,BattleMech,100,2709,3066
8242,Kraken (Bane) 5,Kraken (Bane),5,18,BattleMech,100,2554,3105
8243,Kraken (Bane) 6,Kraken (Bane),6,18,BattleMech,100,2339,3110
8244,Kraken (Bane) 7,Kraken (Bane),7,18,BattleMech,100,3740,3122
4463,Kraken (Bane) XR,Kraken (Bane),XR,18,BattleMech,100,2894,3073
4465,Krise PA(L) (Sqd4),Krise PA(L),(Sqd4),21,Infantry,0.4,30,3067
8644,Krise PA(L) (Sqd5),Krise PA(L),(Sqd5),21,Infantry,0.4,41,3067
9008,Krise PA(L) (Sqd6),Krise PA(L),(Sqd6),21,Infantry,0.4,53,3067
6311,Kruger Combat Car  ,Kruger Combat Car, ,19,Combat Vehicle,10,429,3091
6312,Kruger Combat Car (Original),Kruger Combat Car,(Original),19,Combat Vehicle,10,336,2620
1846,Ku Wheeled Assault Tank  ,Ku Wheeled Assault Tank, ,19,Combat Vehicle,50,1091,2842
1845,"Ku Wheeled Assault Tank (IFV) ""Turhan II""",Ku Wheeled Assault Tank,"(IFV) ""Turhan II""",19,Combat Vehicle,50,1042,3074
4466,Kuan Ti  ,Kuan Ti, ,17,Aerospace,2200,0,3055
7667,Kublai E,Kublai,E,17,Aerospace,80,2181,3143
7668,Kublai F,Kublai,F,17,Aerospace,80,2270,3143
7669,Kublai G,Kublai,G,17,Aerospace,80,2376,3143
1849,Kuma  ,Kuma, ,18,BattleMech,60,1952,3082
1847,Kuma 2,Kuma,2,18,BattleMech,60,2309,3083
1848,Kuma 3,Kuma,3,18,BattleMech,60,625,3085
6888,Kuma 4,Kuma,4,18,BattleMech,60,1865,3141
1850,Kyudo KY2-D-01,Kyudo,KY2-D-01,18,BattleMech,45,748,2443
1851,Kyudo KY2-D-02,Kyudo,KY2-D-02,18,BattleMech,45,1286,2625
1852,Kyudo KY2-D-03,Kyudo,KY2-D-03,18,BattleMech,45,1167,3074
4467,Kyushu Cargo Shuttle  ,Kyushu Cargo Shuttle, ,17,Aerospace,0,0,Unknown
6776,LB-X Carrier  ,LB-X Carrier, ,19,Combat Vehicle,60,901,2773
6778,LB-X Carrier (Ambush),LB-X Carrier,(Ambush),19,Combat Vehicle,60,0,2773
6777,LB-X Carrier (Ultra),LB-X Carrier,(Ultra),19,Combat Vehicle,60,0,2773
1952,LRM Carrier  ,LRM Carrier, ,19,Combat Vehicle,60,833,2470
1951,LRM Carrier (3055 Upgrade),LRM Carrier,(3055 Upgrade),19,Combat Vehicle,60,798,3055
5589,LRM Carrier (Primitive),LRM Carrier,(Primitive),24,Support Vehicle,55,686,circa 2440
1953,LRM Carrier (WoB),LRM Carrier,(WoB),19,Combat Vehicle,60,1050,3064
9426,LRM Carrier C,LRM Carrier,C,19,Combat Vehicle,60,1266,3106
4834,Lama-Deux Firefighting VTOL  ,Lama-Deux Firefighting VTOL, ,24,Support Vehicle,30,0,3022
7383,Lament LMT-2D,Lament,LMT-2D,18,BattleMech,65,2044,3147
6676,Lament LMT-2R,Lament,LMT-2R,18,BattleMech,65,1999,3126
7400,Lament LMT-2R (Manes),Lament,LMT-2R (Manes),18,BattleMech,65,2297,Unknown
6722,Lament LMT-3C,Lament,LMT-3C,18,BattleMech,65,1874,3135
6723,Lament LMT-3R,Lament,LMT-3R,18,BattleMech,65,1888,3135
6724,Lament LMT-4RC,Lament,LMT-4RC,18,BattleMech,65,2474,3137
6540,Lamprey Transport Helicopter  ,Lamprey Transport Helicopter, ,19,Combat Vehicle,30,478,3119
7626,Lancelot C,Lancelot,C,18,BattleMech,60,1960,2832
7627,Lancelot C 2,Lancelot,C 2,18,BattleMech,60,2571,2857
1853,Lancelot LNC25-01,Lancelot,LNC25-01,18,BattleMech,60,1422,2581
1854,Lancelot LNC25-01X,Lancelot,LNC25-01X,18,BattleMech,60,1659,2765
5874,Lancelot LNC25-01sl,Lancelot,LNC25-01sl,18,BattleMech,60,0,Unknown
1855,Lancelot LNC25-02,Lancelot,LNC25-02,18,BattleMech,60,1236,2864
1856,Lancelot LNC25-03,Lancelot,LNC25-03,18,BattleMech,60,1360,2876
1857,Lancelot LNC25-04,Lancelot,LNC25-04,18,BattleMech,60,1640,3060
1858,Lancelot LNC25-05,Lancelot,LNC25-05,18,BattleMech,60,1365,2594
1859,Lancelot LNC25-06,Lancelot,LNC25-06,18,BattleMech,60,1661,3071
1860,Lancelot LNC25-08,Lancelot,LNC25-08,18,BattleMech,60,1162,3071
8417,Lancelot LNC25-09,Lancelot,LNC25-09,18,BattleMech,60,2099,3147
4470,Lancer LX-1,Lancer,LX-1,17,Aerospace,50,0,3060
4471,Lancer LX-2,Lancer,LX-2,17,Aerospace,50,1035,3064
4472,Lancer LX-2A,Lancer,LX-2A,17,Aerospace,50,1131,3066
5750,Lancer LX-3,Lancer,LX-3,17,Aerospace,50,1037,3074
4473,Landing Craft (Egret),Landing Craft,(Egret),17,Aerospace,150,0,Unknown
4475,Landing Craft Mark V,Landing Craft,Mark V,17,Aerospace,150,0,2643
4476,Landing Craft Mark VII,Landing Craft,Mark VII,17,Aerospace,150,0,2813
4477,Landing Craft Mark VII-C,Landing Craft,Mark VII-C,17,Aerospace,150,0,2841
4478,Lao Hu LHU-2B,Lao Hu,LHU-2B,18,BattleMech,75,1771,3062
4479,Lao Hu LHU-3B,Lao Hu,LHU-3B,18,BattleMech,75,1497,3063
4480,Lao Hu LHU-3C,Lao Hu,LHU-3C,18,BattleMech,75,1878,3064
5695,Lao Hu LHU-3L,Lao Hu,LHU-3L,18,BattleMech,75,1995,3069
5696,Lao Hu LHU-4E,Lao Hu,LHU-4E,18,BattleMech,75,2123,3078
4481,Large Agricultural Robot  ,Large Agricultural Robot, ,19,Combat Vehicle,160,0,2538
4482,Large Habitat  ,Large Habitat, ,81,Advanced Aerospace,500000,0,2750
4483,Large Pressurized Yard  ,Large Pressurized Yard, ,81,Advanced Aerospace,42000,0,2750
4484,Large Unpressurized Yard  ,Large Unpressurized Yard, ,81,Advanced Aerospace,30000,0,2750
1861,Laser Carrier  ,Laser Carrier, ,19,Combat Vehicle,60,566,2874
4485,League  ,League, ,17,Aerospace,0,0,Unknown
6995,League Destroyer (Block I),League Destroyer,(Block I),81,Advanced Aerospace,550000,40773,2368
6996,League Destroyer (Block II),League Destroyer,(Block II),81,Advanced Aerospace,550000,53315,2768
4487,Leapfrog Exoskeleton CEX-250 (Sqd4),Leapfrog Exoskeleton,CEX-250 (Sqd4),21,Infantry,0.4,0,3070
9203,Leapfrog Exoskeleton CEX-250 (Sqd5),Leapfrog Exoskeleton,CEX-250 (Sqd5),21,Infantry,0.4,0,3070
9247,Leapfrog Exoskeleton CEX-250 (Sqd6) ,Leapfrog Exoskeleton,CEX-250 (Sqd6) ,21,Infantry,0.4,0,3070
8114,Lee (Aerospace Carrier),Lee,(Aerospace Carrier),17,Aerospace,17000,0,Unknown
8115,Lee (Armor Carrier),Lee,(Armor Carrier),17,Aerospace,17000,0,Unknown
6785,Lee (BattleMech Carrier),Lee,(BattleMech Carrier),17,Aerospace,17000,14393,2756
8116,Lee (Cargo Carrier),Lee,(Cargo Carrier),17,Aerospace,17000,0,Unknown
4488,Legacy LGC-01,Legacy,LGC-01,18,BattleMech,80,1967,3064
4489,Legacy LGC-02,Legacy,LGC-02,18,BattleMech,80,2033,3064
4490,Legacy LGC-03,Legacy,LGC-03,18,BattleMech,80,2121,3070
5702,Legacy LGC-04-WVR,Legacy,LGC-04-WVR,18,BattleMech,80,1745,3072
5703,Legacy LGC-05,Legacy,LGC-05,18,BattleMech,80,1628,3073
1862,Legionnaire LGN-1X,Legionnaire,LGN-1X,18,BattleMech,50,1322,3068
1863,Legionnaire LGN-2D,Legionnaire,LGN-2D,18,BattleMech,50,1386,3073
8296,Legionnaire LGN-2D (Raul),Legionnaire,LGN-2D (Raul),18,BattleMech,50,1520,3073
4491,Legionnaire LGN-2F,Legionnaire,LGN-2F,18,BattleMech,50,1808,3077
6905,Legionnaire LGN-2K,Legionnaire,LGN-2K,18,BattleMech,50,1597,3128
1864,Legionnaire LGN-2X1 MUSE FIRE,Legionnaire,LGN-2X1 MUSE FIRE,18,BattleMech,50,2032,3077
1865,Legionnaire LGN-2XA,Legionnaire,LGN-2XA,18,BattleMech,50,1172,3075
1866,Legionnaire LGN-2XU,Legionnaire,LGN-2XU,18,BattleMech,50,1128,3075
6476,Leonidas Battle Armor [David] (Sqd4),Leonidas Battle Armor,[David] (Sqd4),21,Infantry,1,187,3096
8751,Leonidas Battle Armor [David] (Sqd5),Leonidas Battle Armor,[David] (Sqd5),21,Infantry,1,252,3096
9114,Leonidas Battle Armor [David] (Sqd6),Leonidas Battle Armor,[David] (Sqd6),21,Infantry,1,324,3096
6478,Leonidas Battle Armor [Firedrake] (Sqd4),Leonidas Battle Armor,[Firedrake] (Sqd4),21,Infantry,1,147,3096
8753,Leonidas Battle Armor [Firedrake] (Sqd5),Leonidas Battle Armor,[Firedrake] (Sqd5),21,Infantry,1,198,3096
9116,Leonidas Battle Armor [Firedrake] (Sqd6),Leonidas Battle Armor,[Firedrake] (Sqd6),21,Infantry,1,255,3096
6477,Leonidas Battle Armor [MG] (Sqd4),Leonidas Battle Armor,[MG] (Sqd4),21,Infantry,1,171,3096
8752,Leonidas Battle Armor [MG] (Sqd5),Leonidas Battle Armor,[MG] (Sqd5),21,Infantry,1,230,3096
9115,Leonidas Battle Armor [MG] (Sqd6),Leonidas Battle Armor,[MG] (Sqd6),21,Infantry,1,296,3096
6480,Leonidas Battle Armor [Sensor] (Sqd4),Leonidas Battle Armor,[Sensor] (Sqd4),21,Infantry,1,138,3096
8755,Leonidas Battle Armor [Sensor] (Sqd5),Leonidas Battle Armor,[Sensor] (Sqd5),21,Infantry,1,186,3096
9118,Leonidas Battle Armor [Sensor] (Sqd6),Leonidas Battle Armor,[Sensor] (Sqd6),21,Infantry,1,239,3096
6479,Leonidas Battle Armor [TAG] (Sqd4),Leonidas Battle Armor,[TAG] (Sqd4),21,Infantry,1,131,3096
8754,Leonidas Battle Armor [TAG] (Sqd5),Leonidas Battle Armor,[TAG] (Sqd5),21,Infantry,1,176,3096
9117,Leonidas Battle Armor [TAG] (Sqd6),Leonidas Battle Armor,[TAG] (Sqd6),21,Infantry,1,227,3096
4492,"Leopard ""Pocket WarShip""",Leopard,"""Pocket WarShip""",17,Aerospace,1900,7674,3073
4493,Leopard (2537),Leopard,(2537),17,Aerospace,1900,0,2537
4494,Leopard (3056),Leopard,(3056),17,Aerospace,1900,0,3056
4495,Leopard (PPC),Leopard,(PPC),17,Aerospace,1900,0,2845
4496,Leopard CV (2581),Leopard CV,(2581),17,Aerospace,1900,0,2581
4497,Leopard CV (3054),Leopard CV,(3054),17,Aerospace,1900,0,3054
1867,Leopard PA-Class DropShip,Leopard,PA-Class DropShip,17,Aerospace,1900,6220,3073
4498,Leopard-class Submarine,Leopard-class Submarine,,24,Support Vehicle,0,0,Unknown
4499,Lesseps Dump Truck  ,Lesseps Dump Truck, ,24,Support Vehicle,50,0,2523
4500,Leviathan Heavy Transport  ,Leviathan Heavy Transport, ,81,Advanced Aerospace,2400000,0,3055
4501,Leviathan II Battleship  ,Leviathan II Battleship, ,81,Advanced Aerospace,2400000,0,3066
4502,Leviathan JumpShip  ,Leviathan JumpShip, ,81,Advanced Aerospace,410000,0,2468
5811,Leviathan Prime  ,Leviathan Prime, ,81,Advanced Aerospace,0,0,Unknown
4503,Lewis Skimmer Bus  ,Lewis Skimmer Bus, ,24,Support Vehicle,80,0,3026
4504,Lexan Oceanic Luxury VTOL Series VI,Lexan Oceanic Luxury VTOL,Series VI,24,Support Vehicle,60,0,3053
4505,Lexan Oceanic Personal VTOL Series II,Lexan Oceanic Personal VTOL,Series II,24,Support Vehicle,15,0,2621
1868,Lexan Surveillance Helo  ,Lexan Surveillance Helo, ,24,Support Vehicle,15,232,3076
4506,Lexan Surveillance VTOL  ,Lexan Surveillance VTOL, ,24,Support Vehicle,17,232,3080
5649,Liberator Colony Ship  ,Liberator Colony Ship, ,81,Advanced Aerospace,0,0,2218
4508,Liberator Cruiser  ,Liberator Cruiser, ,81,Advanced Aerospace,830000,0,3024
5845,Liberator LIB-4T,Liberator,LIB-4T,18,BattleMech,40,0,3018
5627,Liberty JumpShip  ,Liberty JumpShip, ,81,Advanced Aerospace,203000,0,2461
7385,Lich UABM-2R,Lich,UABM-2R,18,BattleMech,90,1719,3140
4510,Life Boat  ,Life Boat, ,17,Aerospace,5,0,2478
4511,Light Cargo Maglev  ,Light Cargo Maglev, ,79,Advanced Support,0,0,3027
1869,Light SRM Carrier  ,Light SRM Carrier, ,19,Combat Vehicle,40,578,3058
6966,Light Strike Fighter Andurien,Light Strike Fighter,Andurien,17,Aerospace,10,158,Unknown
1870,Light Strike Fighter Angel,Light Strike Fighter,Angel,17,Aerospace,10,129,2643
1871,Light Strike Fighter Angel (Upgrade),Light Strike Fighter,Angel (Upgrade),17,Aerospace,10,111,3063
1872,Light Strike Fighter Comet,Light Strike Fighter,Comet,17,Aerospace,10,129,2703
1873,Light Strike Fighter Owl,Light Strike Fighter,Owl,17,Aerospace,10,129,2673
1874,Light Strike Fighter Owl II,Light Strike Fighter,Owl II,17,Aerospace,10,191,2711
1875,Light Strike Fighter Owl III,Light Strike Fighter,Owl III,17,Aerospace,10,329,3062
1876,"Light Strike Fighter Suzume (""Sparrow"")",Light Strike Fighter,"Suzume (""Sparrow"")",17,Aerospace,10,116,2801
1877,Light Thunderbolt Carrier  ,Light Thunderbolt Carrier, ,19,Combat Vehicle,40,714,3072
1884,Lightning Attack Hovercraft  ,Lightning Attack Hovercraft, ,19,Combat Vehicle,35,510,2696
1880,Lightning Attack Hovercraft (ERML),Lightning Attack Hovercraft,(ERML),19,Combat Vehicle,35,956,3067
1881,Lightning Attack Hovercraft (ERSL),Lightning Attack Hovercraft,(ERSL),19,Combat Vehicle,35,884,3067
1882,Lightning Attack Hovercraft (RL),Lightning Attack Hovercraft,(RL),19,Combat Vehicle,35,709,3067
1883,Lightning Attack Hovercraft (Royal),Lightning Attack Hovercraft,(Royal),19,Combat Vehicle,35,633,2720
5554,Lightning Attack Hovercraft CX-3,Lightning Attack Hovercraft,CX-3,19,Combat Vehicle,35,710,3069
8170,Lightning LHN-C5,Lightning,LHN-C5,18,BattleMech,70,2024,3119
4512,Lightning LTN-G14,Lightning,LTN-G14,17,Aerospace,50,826,2465
4513,Lightning LTN-G15,Lightning,LTN-G15,17,Aerospace,50,1057,2511
1878,Lightning LTN-G15b,Lightning,LTN-G15b,17,Aerospace,50,1671,2721
1879,Lightning LTN-G16-P (Branson),Lightning,LTN-G16-P (Branson),17,Aerospace,50,1021,3071
4514,Lightning LTN-G16D,Lightning,LTN-G16D,17,Aerospace,50,1328,3068
4515,Lightning LTN-G16L,Lightning,LTN-G16L,17,Aerospace,50,1376,3067
4516,Lightning LTN-G16O,Lightning,LTN-G16O,17,Aerospace,50,1220,3068
4517,Lightning LTN-G16S,Lightning,LTN-G16S,17,Aerospace,50,1633,3068
4518,Lightning LTN-G16T,Lightning,LTN-G16T,17,Aerospace,50,1256,3069
4519,Lightray LGH-4W,Lightray,LGH-4W,18,BattleMech,55,1450,3065
4520,Lightray LGH-4Y,Lightray,LGH-4Y,18,BattleMech,55,1379,3064
4521,Lightray LGH-5W,Lightray,LGH-5W,18,BattleMech,55,1674,3065
1885,Lightray LGH-6W,Lightray,LGH-6W,18,BattleMech,55,1554,3067
5681,Lightray LGH-7W,Lightray,LGH-7W,18,BattleMech,55,1352,3069
3869,Limpet Half-Track  ,Limpet Half-Track, ,24,Support Vehicle,4,0,2715
1886,Linebacker A,Linebacker,A,18,BattleMech,65,2264,3052
1887,Linebacker B,Linebacker,B,18,BattleMech,65,2048,3052
1888,Linebacker C,Linebacker,C,18,BattleMech,65,2075,3052
1889,Linebacker D,Linebacker,D,18,BattleMech,65,2039,3052
1890,Linebacker E,Linebacker,E,18,BattleMech,65,1846,3061
4523,Linebacker F,Linebacker,F,18,BattleMech,65,1928,3068
6880,Linebacker G,Linebacker,G,18,BattleMech,65,2433,3114
1891,Linebacker H,Linebacker,H,18,BattleMech,65,2097,3062
7525,Linebacker I,Linebacker,I,18,BattleMech,65,1853,3142
1892,Linebacker Prime,Linebacker,Prime,18,BattleMech,65,2390,3052
7526,Linebacker T,Linebacker,T,18,BattleMech,65,1851,3142
1893,Lineholder KW1-LH2,Lineholder,KW1-LH2,18,BattleMech,55,1280,3058
1894,Lineholder KW1-LH3,Lineholder,KW1-LH3,18,BattleMech,55,1214,3059
1895,"Lineholder KW1-LH8 ""Linebreaker""",Lineholder,"KW1-LH8 ""Linebreaker""",18,BattleMech,55,1330,3065
7996,Lineholder KW2-LH10,Lineholder,KW2-LH10,18,BattleMech,55,1606,3131
1896,Lineholder KW2-LHW,Lineholder,KW2-LHW,18,BattleMech,55,1484,3065
4524,Lion (2595),Lion,(2595),17,Aerospace,7300,0,2595
4525,Lion (Clan),Lion,(Clan),17,Aerospace,7300,0,2835
4526,Lion (Wolf's Dragoons 3005),Lion,(Wolf's Dragoons 3005),17,Aerospace,7300,0,3005
4528,Lobo  ,Lobo, ,18,BattleMech,40,1715,3060
5668,Lobo 2,Lobo,2,18,BattleMech,40,1869,3072
5669,Lobo 3,Lobo,3,18,BattleMech,40,1824,3077
7601,Locust C,Locust,C,18,BattleMech,20,672,2832
1914,Locust IIC  ,Locust IIC, ,18,BattleMech,25,1100,2832
8203,Locust IIC 10,Locust IIC,10,18,BattleMech,25,1248,3148
1915,Locust IIC 2,Locust IIC,2,18,BattleMech,25,937,2837
1916,Locust IIC 3,Locust IIC,3,18,BattleMech,25,980,2853
1917,Locust IIC 4,Locust IIC,4,18,BattleMech,25,795,3064
1918,Locust IIC 5,Locust IIC,5,18,BattleMech,25,878,3060
1919,Locust IIC 6,Locust IIC,6,18,BattleMech,25,776,3075
1920,Locust IIC 7,Locust IIC,7,18,BattleMech,25,980,3076
1921,Locust IIC 8,Locust IIC,8,18,BattleMech,25,1119,3084
1922,Locust IIC 9,Locust IIC,9,18,BattleMech,25,1133,3085
1897,Locust LCT-1E,Locust,LCT-1E,18,BattleMech,20,553,2811
1898,Locust LCT-1L,Locust,LCT-1L,18,BattleMech,20,474,3030
1899,Locust LCT-1M,Locust,LCT-1M,18,BattleMech,20,424,2571
1900,Locust LCT-1S,Locust,LCT-1S,18,BattleMech,20,440,2567
1901,Locust LCT-1V,Locust,LCT-1V,18,BattleMech,20,432,2499
1902,Locust LCT-1V2,Locust,LCT-1V2,18,BattleMech,20,568,3065
1903,Locust LCT-1Vb,Locust,LCT-1Vb,18,BattleMech,20,642,2610
1904,Locust LCT-3D,Locust,LCT-3D,18,BattleMech,20,436,3049
1905,Locust LCT-3M,Locust,LCT-3M,18,BattleMech,20,522,3050
1906,Locust LCT-3S,Locust,LCT-3S,18,BattleMech,20,483,3049
1907,Locust LCT-3V,Locust,LCT-3V,18,BattleMech,20,490,3004
1908,Locust LCT-5M,Locust,LCT-5M,18,BattleMech,20,719,3066
6947,Locust LCT-5M2,Locust,LCT-5M2,18,BattleMech,20,693,3087
6948,Locust LCT-5M3,Locust,LCT-5M3,18,BattleMech,20,929,3088
8199,Locust LCT-5S,Locust,LCT-5S,18,BattleMech,20,509,3073
1909,Locust LCT-5T,Locust,LCT-5T,18,BattleMech,20,520,3070
1910,Locust LCT-5V,Locust,LCT-5V,18,BattleMech,20,665,3068
1911,Locust LCT-5W,Locust,LCT-5W,18,BattleMech,20,695,3076
1912,Locust LCT-5W2,Locust,LCT-5W2,18,BattleMech,20,787,3079
1913,Locust LCT-6M,Locust,LCT-6M,18,BattleMech,20,956,3071
8200,Locust LCT-7S,Locust,LCT-7S,18,BattleMech,20,706,3128
8201,Locust LCT-7V,Locust,LCT-7V,18,BattleMech,20,585,3102
8202,Locust LCT-7V2,Locust,LCT-7V2,18,BattleMech,20,634,3112
1923,Loki (Hellbringer) A,Loki (Hellbringer),A,18,BattleMech,65,1948,2926
1924,Loki (Hellbringer) B,Loki (Hellbringer),B,18,BattleMech,65,1592,2926
1925,Loki (Hellbringer) C,Loki (Hellbringer),C,18,BattleMech,65,2076,3054
1926,Loki (Hellbringer) D,Loki (Hellbringer),D,18,BattleMech,65,2140,3069
1927,Loki (Hellbringer) E,Loki (Hellbringer),E,18,BattleMech,65,2304,3069
5489,Loki (Hellbringer) F,Loki (Hellbringer),F,18,BattleMech,65,1839,3054
6879,Loki (Hellbringer) G,Loki (Hellbringer),G,18,BattleMech,65,1943,3112
1928,Loki (Hellbringer) H,Loki (Hellbringer),H,18,BattleMech,65,1952,3059
7442,Loki (Hellbringer) J,Loki (Hellbringer),J,18,BattleMech,65,2415,3058
7594,Loki (Hellbringer) M,Loki (Hellbringer),M,18,BattleMech,65,2200,3052
1929,Loki (Hellbringer) Prime,Loki (Hellbringer),Prime,18,BattleMech,65,2654,2926
7441,Loki (Hellbringer) T,Loki (Hellbringer),T,18,BattleMech,65,2444,3142
6278,Loki Mk II (Hel) A,Loki Mk II (Hel),A,18,BattleMech,65,2249,3121
6279,Loki Mk II (Hel) B,Loki Mk II (Hel),B,18,BattleMech,65,1798,3121
9571,Loki Mk II (Hel) C,Loki Mk II (Hel),C,18,BattleMech,65,2214,3130
9572,Loki Mk II (Hel) D,Loki Mk II (Hel),D,18,BattleMech,65,2370,3132
9574,Loki Mk II (Hel) E,Loki Mk II (Hel),E,18,BattleMech,65,2443,3136
9575,Loki Mk II (Hel) F,Loki Mk II (Hel),F,18,BattleMech,65,2512,3147
6277,Loki Mk II (Hel) Prime,Loki Mk II (Hel),Prime,18,BattleMech,65,2189,3121
9573,Loki Mk II (Hel) T,Loki Mk II (Hel),T,18,BattleMech,65,2077,3142
4531,Lola I Destroyer  ,Lola I Destroyer, ,81,Advanced Aerospace,680000,0,2345
4532,Lola II Destroyer  ,Lola II Destroyer, ,81,Advanced Aerospace,680000,0,2622
4533,Lola III Destroyer (2662),Lola III Destroyer,(2662),81,Advanced Aerospace,680000,0,2662
4534,Lola III Destroyer (Clan),Lola III Destroyer,(Clan),81,Advanced Aerospace,680000,0,2841
4537,Long-Range Shuttlecraft KR-61,Long-Range Shuttlecraft,KR-61,17,Aerospace,100,0,2598
4538,Long-Range Shuttlecraft KR-61C,Long-Range Shuttlecraft,KR-61C,17,Aerospace,100,0,2851
5619,Longbow LGB-0C,Longbow,LGB-0C,18,BattleMech,85,1295,2480
8330,Longbow LGB-0H,Longbow,LGB-0H,18,BattleMech,85,1813,3065
1930,Longbow LGB-0W,Longbow,LGB-0W,18,BattleMech,85,1337,2529
8331,Longbow LGB-0W2,Longbow,LGB-0W2,18,BattleMech,85,1410,2531
8333,Longbow LGB-10C,Longbow,LGB-10C,18,BattleMech,85,1898,3061
8334,Longbow LGB-10K,Longbow,LGB-10K,18,BattleMech,85,1791,3140
1931,Longbow LGB-12C,Longbow,LGB-12C,18,BattleMech,85,1686,3061
1932,Longbow LGB-12R,Longbow,LGB-12R,18,BattleMech,85,1979,3082
1933,Longbow LGB-13C,Longbow,LGB-13C,18,BattleMech,85,1397,3070
1934,Longbow LGB-13NAIS,Longbow,LGB-13NAIS,18,BattleMech,85,1804,3069
1935,Longbow LGB-14C,Longbow,LGB-14C,18,BattleMech,85,1421,3070
6854,Longbow LGB-14C2,Longbow,LGB-14C2,18,BattleMech,85,1291,3088
8347,Longbow LGB-14Q,Longbow,LGB-14Q,18,BattleMech,85,1828,3103
8336,Longbow LGB-14V,Longbow,LGB-14V,18,BattleMech,85,1763,3105
1936,Longbow LGB-7Q,Longbow,LGB-7Q,18,BattleMech,85,1618,2610
1937,Longbow LGB-7V,Longbow,LGB-7V,18,BattleMech,85,1816,3056
8332,Longbow LGB-8C,Longbow,LGB-8C,18,BattleMech,85,1653,2615
1938,Longbow LGB-8V,Longbow,LGB-8V,18,BattleMech,85,1808,3068
4158,Longhaul Cargo Aircraft FB-335,Longhaul Cargo Aircraft,FB-335,24,Support Vehicle,200,0,3054
1939,"Longinus Battle Armor ""Hacked"" [David] (Sqd4)","Longinus Battle Armor ""Hacked""",[David] (Sqd4),21,Infantry,1,147,3079
8562,"Longinus Battle Armor ""Hacked"" [David] (Sqd5)","Longinus Battle Armor ""Hacked""",[David] (Sqd5),21,Infantry,1,198,3079
8926,"Longinus Battle Armor ""Hacked"" [David] (Sqd6)","Longinus Battle Armor ""Hacked""",[David] (Sqd6),21,Infantry,1,255,3079
1940,"Longinus Battle Armor ""Hacked"" [MG] (Sqd4)","Longinus Battle Armor ""Hacked""",[MG] (Sqd4),21,Infantry,1,134,3079
8563,"Longinus Battle Armor ""Hacked"" [MG] (Sqd5)","Longinus Battle Armor ""Hacked""",[MG] (Sqd5),21,Infantry,1,180,3079
8927,"Longinus Battle Armor ""Hacked"" [MG] (Sqd6)","Longinus Battle Armor ""Hacked""",[MG] (Sqd6),21,Infantry,1,231,3079
1941,Longinus Battle Armor (Magnetic) (Sqd4),Longinus Battle Armor (Magnetic),(Sqd4),21,Infantry,1,247,3069
8564,Longinus Battle Armor (Magnetic) (Sqd5),Longinus Battle Armor (Magnetic),(Sqd5),21,Infantry,1,338,3069
8928,Longinus Battle Armor (Magnetic) (Sqd6),Longinus Battle Armor (Magnetic),(Sqd6),21,Infantry,1,434,3069
1942,Longinus Battle Armor [David] (Sqd4),Longinus Battle Armor,[David] (Sqd4),21,Infantry,1,231,3063
8565,Longinus Battle Armor [David] (Sqd5),Longinus Battle Armor,[David] (Sqd5),21,Infantry,1,311,3063
8929,Longinus Battle Armor [David] (Sqd6),Longinus Battle Armor,[David] (Sqd6),21,Infantry,1,400,3063
1943,Longinus Battle Armor [Flamer] (Sqd4),Longinus Battle Armor,[Flamer] (Sqd4),21,Infantry,1,215,3057
8566,Longinus Battle Armor [Flamer] (Sqd5),Longinus Battle Armor,[Flamer] (Sqd5),21,Infantry,1,289,3057
8930,Longinus Battle Armor [Flamer] (Sqd6),Longinus Battle Armor,[Flamer] (Sqd6),21,Infantry,1,372,3057
1944,Longinus Battle Armor [Laser] (Sqd4),Longinus Battle Armor,[Laser] (Sqd4),21,Infantry,1,247,3057
8567,Longinus Battle Armor [Laser] (Sqd5),Longinus Battle Armor,[Laser] (Sqd5),21,Infantry,1,332,3057
8931,Longinus Battle Armor [Laser] (Sqd6),Longinus Battle Armor,[Laser] (Sqd6),21,Infantry,1,427,3057
1945,Longinus Battle Armor [MG] (Sqd4),Longinus Battle Armor,[MG] (Sqd4),21,Infantry,1,215,3057
8568,Longinus Battle Armor [MG] (Sqd5),Longinus Battle Armor,[MG] (Sqd5),21,Infantry,1,289,3057
8932,Longinus Battle Armor [MG] (Sqd6),Longinus Battle Armor,[MG] (Sqd6),21,Infantry,1,372,3057
8029,Longinus C Battle Armor [MRR] (Sqd4),Longinus C Battle Armor,[MRR] (Sqd4),21,Infantry,1,376,3144
9213,Longinus C Battle Armor [MRR] (Sqd5),Longinus C Battle Armor,[MRR] (Sqd5),21,Infantry,1,506,3144
9529,Longinus C Battle Armor [MRR] (Sqd6),Longinus C Battle Armor,[MRR] (Sqd6),21,Infantry,1,651,3144
8030,Longinus C Battle Armor [PPC] (Sqd4),Longinus C Battle Armor,[PPC] (Sqd4),21,Infantry,1,203,3144
9214,Longinus C Battle Armor [PPC] (Sqd5),Longinus C Battle Armor,[PPC] (Sqd5),21,Infantry,1,273,3144
9531,Longinus C Battle Armor [PPC] (Sqd6),Longinus C Battle Armor,[PPC] (Sqd6),21,Infantry,1,554,3144
4539,Longshoreman Air Cargo Transporter  ,Longshoreman Air Cargo Transporter, ,24,Support Vehicle,0,0,2911
1946,Longshot LNG-1B,Longshot,LNG-1B,18,BattleMech,35,899,3054
1947,Longshot LNG-2,Longshot,LNG-2,18,BattleMech,35,1215,3058
9243,Longshot LNG-2 (Reskov),Longshot,LNG-2 (Reskov),18,BattleMech,35,1787,3084
1948,Longshot LNG-3,Longshot,LNG-3,18,BattleMech,35,955,3062
1949,Longshot LNG-3C,Longshot,LNG-3C,18,BattleMech,35,971,3064
1950,Longshot LNG-4,Longshot,LNG-4,18,BattleMech,35,1086,3068
6471,Lu Wei Bing LN-4B,Lu Wei Bing,LN-4B,18,BattleMech,85,2045,3110
1958,Lucifer II LCF-R16K,Lucifer II,LCF-R16K,17,Aerospace,65,1109,2993
1959,Lucifer II LCF-R16KR,Lucifer II,LCF-R16KR,17,Aerospace,65,1399,3051
8012,Lucifer III C,Lucifer III,C,17,Aerospace,65,2709,3139
4541,Lucifer III LCR-3,Lucifer III,LCR-3,17,Aerospace,65,2356,3086
1954,Lucifer LCF-R15,Lucifer,LCF-R15,17,Aerospace,65,1329,2526
1955,Lucifer LCF-R16,Lucifer,LCF-R16,17,Aerospace,65,1443,3052
1956,Lucifer LCF-R20,Lucifer,LCF-R20,17,Aerospace,65,1536,2609
1957,Lucifer LCF-X30,Lucifer,LCF-X30,17,Aerospace,65,1888,3074
4542,Lucius Zhao Escort Carrier  ,Lucius Zhao Escort Carrier, ,79,Advanced Support,15000,14160,2615
7821,Lucius Zhao Escort Carrier (Arrow IV),Lucius Zhao Escort Carrier,(Arrow IV),79,Advanced Support,15000,13539,3053
7822,Lucius Zhao Escort Carrier (Helicarrier),Lucius Zhao Escort Carrier,(Helicarrier),79,Advanced Support,15000,12570,2622
6437,Luduan Scout Vehicle  ,Luduan Scout Vehicle, ,19,Combat Vehicle,25,453,3136
4543,Luftenburg Supercarrier  ,Luftenburg Supercarrier, ,79,Advanced Support,100000,0,2741
4544,Lugger SalvageMech,Lugger,SalvageMech,20,IndustrialMech,80,0,3032
4545,Lumberjack LM1/A,Lumberjack,LM1/A,20,IndustrialMech,60,311,2355
1960,Lumberjack LM4/C,Lumberjack,LM4/C,20,IndustrialMech,70,291,2489
1961,Lumberjack LM4/P,Lumberjack,LM4/P,20,IndustrialMech,70,651,2811
7177,Lumberjack LM5/M MilitiaMech,Lumberjack,LM5/M MilitiaMech,20,IndustrialMech,70,1360,3076
4546,Lung Wang  ,Lung Wang, ,17,Aerospace,2600,0,3055
1962,"Lung Wang ""Predator""",Lung Wang,"""Predator""",17,Aerospace,2600,7937,3076
1963,Lupus A,Lupus,A,18,BattleMech,60,1927,2857
1964,Lupus B,Lupus,B,18,BattleMech,60,1985,2857
7628,Lupus C,Lupus,C,18,BattleMech,60,2535,3147
7629,Lupus D,Lupus,D,18,BattleMech,60,2030,3147
1965,Lupus Prime,Lupus,Prime,18,BattleMech,60,2428,2857
4549,Luxemburg-class Cargo Airship  ,Luxemburg-class Cargo Airship, ,24,Support Vehicle,380,0,2800
4550,Luxor Heavy Cruiser  ,Luxor Heavy Cruiser, ,81,Advanced Aerospace,890000,0,2727
7620,Lynx C,Lynx,C,18,BattleMech,55,2712,2848
1966,Lynx LNX-8Q,Lynx,LNX-8Q,18,BattleMech,55,1292,2853
1967,Lynx LNX-9C,Lynx,LNX-9C,18,BattleMech,55,1630,3057
1968,Lynx LNX-9Q,Lynx,LNX-9Q,18,BattleMech,55,1725,2761
1969,Lynx LNX-9R,Lynx,LNX-9R,18,BattleMech,55,1755,3056
4551,Lyonesse Escort  ,Lyonesse Escort, ,17,Aerospace,175,2106,2513
4552,Lyonesse Escort M1,Lyonesse Escort,M1,17,Aerospace,175,2512,3073
4553,Lyonesse Escort W1,Lyonesse Escort,W1,17,Aerospace,175,2413,3073
4554,Lysander Carrier Submarine  ,Lysander Carrier Submarine, ,79,Advanced Support,26000,0,3047
7150,M-9 SDS Battle Station “Pavise”,M-9 SDS Battle Station,“Pavise”,81,Advanced Aerospace,1500000,288172,2720
1971,M.A.S.H. Truck  ,M.A.S.H. Truck, ,19,Combat Vehicle,20,220,2671
9453,M.A.S.H. Truck (AMS),M.A.S.H. Truck,(AMS),19,Combat Vehicle,20,269,3148
1970,M.A.S.H. Truck (ICE),M.A.S.H. Truck,(ICE),19,Combat Vehicle,20,213,2810
6656,MHI Amphibious APC  ,MHI Amphibious APC, ,19,Combat Vehicle,35,564,3101
6670,MHI Defense AA Tank  ,MHI Defense AA Tank, ,19,Combat Vehicle,60,1026,3106
2191,MIT 23 MASH Vehicle  ,MIT 23 MASH Vehicle, ,19,Combat Vehicle,20,153,3067
6753,MIT 24 MASH Vehicle  ,MIT 24 MASH Vehicle, ,19,Combat Vehicle,20,206,3086
2243,MRM Carrier  ,MRM Carrier, ,19,Combat Vehicle,60,779,3063
5852,MUSE Ironhorse (Tractor)  ,MUSE Ironhorse (Tractor), ,79,Advanced Support,600,7269,3078
5853,MUSE Ironhorse (Trailer)  ,MUSE Ironhorse (Trailer), ,79,Advanced Support,600,7336,3078
4555,Machina Domini Interface Armor (Sqd4),Machina Domini Interface Armor,(Sqd4),21,Infantry,0.4,90,3078
5876,"Mackie MSH-9HKR ""Kill-Roy's Little Buddy""",Mackie,"MSH-9HKR ""Kill-Roy's Little Buddy""",18,BattleMech,100,0,Unknown
1972,Mackie MSK-5S,Mackie,MSK-5S,18,BattleMech,100,1436,2439
1973,Mackie MSK-6S,Mackie,MSK-6S,18,BattleMech,100,1461,2443
4556,Mackie MSK-7A,Mackie,MSK-7A,18,BattleMech,100,1900,2488
7761,Mackie MSK-7X,Mackie,MSK-7X,18,BattleMech,100,0,2470
1974,Mackie MSK-8B,Mackie,MSK-8B,18,BattleMech,100,2019,2576
1975,Mackie MSK-9H,Mackie,MSK-9H,18,BattleMech,100,2022,2576
4557,"Mad Cat (Timber Wolf) ""Great White""",Mad Cat (Timber Wolf),"""Great White""",18,BattleMech,75,0,Unknown
5803,Mad Cat (Timber Wolf) (Bounty Hunter 2),Mad Cat (Timber Wolf),(Bounty Hunter 2),18,BattleMech,75,2799,3068
1976,Mad Cat (Timber Wolf) (Bounty Hunter),Mad Cat (Timber Wolf),(Bounty Hunter),18,BattleMech,75,2829,3060
4558,Mad Cat (Timber Wolf) (Connor),Mad Cat (Timber Wolf),(Connor),18,BattleMech,75,0,Unknown
1977,Mad Cat (Timber Wolf) (Pryde),Mad Cat (Timber Wolf),(Pryde),18,BattleMech,75,2900,3052
4559,Mad Cat (Timber Wolf) (Vlad),Mad Cat (Timber Wolf),(Vlad),18,BattleMech,75,0,Unknown
1978,Mad Cat (Timber Wolf) A,Mad Cat (Timber Wolf),A,18,BattleMech,75,2854,2945
1979,Mad Cat (Timber Wolf) B,Mad Cat (Timber Wolf),B,18,BattleMech,75,2224,2945
7635,Mad Cat (Timber Wolf) BLO,Mad Cat (Timber Wolf),BLO,18,BattleMech,75,2611,3129
1980,Mad Cat (Timber Wolf) C,Mad Cat (Timber Wolf),C,18,BattleMech,75,2500,2945
1981,Mad Cat (Timber Wolf) D,Mad Cat (Timber Wolf),D,18,BattleMech,75,2682,2945
1982,Mad Cat (Timber Wolf) E,Mad Cat (Timber Wolf),E,18,BattleMech,75,2444,3059
1983,Mad Cat (Timber Wolf) F,Mad Cat (Timber Wolf),F,18,BattleMech,75,2764,3069
1984,Mad Cat (Timber Wolf) H,Mad Cat (Timber Wolf),H,18,BattleMech,75,2627,3059
7515,Mad Cat (Timber Wolf) M,Mad Cat (Timber Wolf),M,18,BattleMech,75,2741,3068
7516,Mad Cat (Timber Wolf) N,Mad Cat (Timber Wolf),N,18,BattleMech,75,2862,3050
1985,Mad Cat (Timber Wolf) Prime,Mad Cat (Timber Wolf),Prime,18,BattleMech,75,2737,2945
1986,Mad Cat (Timber Wolf) S,Mad Cat (Timber Wolf),S,18,BattleMech,75,2462,3050
7517,Mad Cat (Timber Wolf) T,Mad Cat (Timber Wolf),T,18,BattleMech,75,2714,3142
7595,Mad Cat (Timber Wolf) TC,Mad Cat (Timber Wolf),TC,18,BattleMech,75,2903,3052
1987,Mad Cat (Timber Wolf) U,Mad Cat (Timber Wolf),U,18,BattleMech,75,2627,3077
7518,Mad Cat (Timber Wolf) W,Mad Cat (Timber Wolf),W,18,BattleMech,75,2791,3100
5822,Mad Cat (Timber Wolf) Z,Mad Cat (Timber Wolf),Z,18,BattleMech,75,2923,3072
4561,Mad Cat III  ,Mad Cat III, ,18,BattleMech,55,2400,3086
5543,Mad Cat III (Eve),Mad Cat III,(Eve),18,BattleMech,55,2393,Unknown
4562,Mad Cat III 2,Mad Cat III,2,18,BattleMech,55,1697,3089
6896,Mad Cat III 3,Mad Cat III,3,18,BattleMech,55,2515,3094
6897,Mad Cat III 4,Mad Cat III,4,18,BattleMech,55,2061,3095
6898,Mad Cat III 5,Mad Cat III,5,18,BattleMech,55,2095,3097
4563,Mad Cat III X,Mad Cat III,X,18,BattleMech,55,2232,3076
4565,Mad Cat Mk II  ,Mad Cat Mk II, ,18,BattleMech,90,3135,3062
4564,Mad Cat Mk II (Enhanced),Mad Cat Mk II,(Enhanced),18,BattleMech,90,2732,3083
5715,Mad Cat Mk II 2,Mad Cat Mk II,2,18,BattleMech,90,2822,3069
5716,Mad Cat Mk II 3,Mad Cat Mk II,3,18,BattleMech,90,3168,3082
6850,Mad Cat Mk II 4,Mad Cat Mk II,4,18,BattleMech,90,2962,3090
6849,Mad Cat Mk II 5,Mad Cat Mk II,5,18,BattleMech,90,2491,3109
6848,Mad Cat Mk II 6,Mad Cat Mk II,6,18,BattleMech,90,2663,3139
6571,Mad Cat Mk IV (Savage Wolf) A,Mad Cat Mk IV (Savage Wolf),A,18,BattleMech,75,2413,3136
6572,Mad Cat Mk IV (Savage Wolf) B,Mad Cat Mk IV (Savage Wolf),B,18,BattleMech,75,2606,3136
6573,Mad Cat Mk IV (Savage Wolf) C,Mad Cat Mk IV (Savage Wolf),C,18,BattleMech,75,2796,3136
6574,Mad Cat Mk IV (Savage Wolf) PR,Mad Cat Mk IV (Savage Wolf) PR,,18,BattleMech,75,2702,3130
6575,Mad Cat Mk IV (Savage Wolf) PR 2,Mad Cat Mk IV (Savage Wolf) PR,2,18,BattleMech,75,2666,3131
6570,Mad Cat Mk IV (Savage Wolf) Prime,Mad Cat Mk IV (Savage Wolf),Prime,18,BattleMech,75,2781,3136
1988,Maelstrom MTR-5K,Maelstrom,MTR-5K,18,BattleMech,75,1694,3056
8272,Maelstrom MTR-5K (Petrovitch),Maelstrom,MTR-5K (Petrovitch),18,BattleMech,75,0,Unknown
1989,Maelstrom MTR-6E,Maelstrom,MTR-6E,18,BattleMech,75,1806,3062
1990,Maelstrom MTR-6K,Maelstrom,MTR-6K,18,BattleMech,75,1678,3062
6867,Maelstrom MTR-7K,Maelstrom,MTR-7K,18,BattleMech,75,2462,3112
4567,Magellan JumpShip  ,Magellan JumpShip, ,81,Advanced Aerospace,175000,0,2960
4566,"Magellan JumpShip ""Persephone""",Magellan JumpShip,"""Persephone""",81,Advanced Aerospace,0,0,Unknown
4088,Magellan Survey Vehicle Series Four,Magellan Survey Vehicle,Series Four,24,Support Vehicle,75,0,3056
1991,Magi Infantry Support Vehicle  ,Magi Infantry Support Vehicle, ,19,Combat Vehicle,70,798,2727
1992,Magi Infantry Support Vehicle (UCSV),Magi Infantry Support Vehicle,(UCSV),19,Combat Vehicle,70,831,3068
4569,Main Gauche Light Support Tank  ,Main Gauche Light Support Tank, ,19,Combat Vehicle,30,464,3064
4568,Main Gauche Light Support Tank (C3),Main Gauche Light Support Tank,(C3),19,Combat Vehicle,30,472,3066
5727,Main Gauche Light Support Tank (IFV),Main Gauche Light Support Tank,(IFV),19,Combat Vehicle,30,725,3081
4570,Main Gauche Light Support Tank (XL),Main Gauche Light Support Tank,(XL),19,Combat Vehicle,30,565,3066
4571,Majestic-class Pleasure Cruiser  ,Majestic-class Pleasure Cruiser, ,79,Advanced Support,30000,0,3044
4572,Mako Corvette  ,Mako Corvette, ,81,Advanced Aerospace,200000,0,2692
4573,Malaika BAM-1A1,Malaika,BAM-1A1,17,Aerospace,50,572,3078
1993,Malak C-MK-O (Mi),Malak,C-MK-O (Mi),18,BattleMech,30,758,3071
1994,Malak C-MK-O Invictus,Malak,C-MK-O Invictus,18,BattleMech,30,792,3069
1995,Malak C-MK-OA Dominus,Malak,C-MK-OA Dominus,18,BattleMech,30,823,3069
1996,Malak C-MK-OB Infernus,Malak,C-MK-OB Infernus,18,BattleMech,30,1047,3069
1997,Malak C-MK-OC Comminus,Malak,C-MK-OC Comminus,18,BattleMech,30,944,3069
1998,Malak C-MK-OD Luminos,Malak,C-MK-OD Luminos,18,BattleMech,30,1055,3069
1999,Malak C-MK-OE Eminus,Malak,C-MK-OE Eminus,18,BattleMech,30,957,3072
2000,Malak C-MK-OS Caelestis,Malak,C-MK-OS Caelestis,18,BattleMech,30,1125,3075
6725,Malice MAL-XP,Malice,MAL-XP,18,BattleMech,100,2016,3132
6683,Malice MAL-XT,Malice,MAL-XT,18,BattleMech,100,1852,3135
6726,Malice MAL-XV,Malice,MAL-XV,18,BattleMech,100,1996,3140
6727,Malice MAL-YZ,Malice,MAL-YZ,18,BattleMech,100,2982,3142
4576,Mammoth  ,Mammoth, ,17,Aerospace,52000,0,2808
4575,Mammoth (2658),Mammoth,(2658),17,Aerospace,52000,0,2658
6385,Mamono IFV  ,Mamono IFV, ,19,Combat Vehicle,70,1422,3095
2001,Man O' War (Gargoyle) (Conal),Man O' War (Gargoyle),(Conal),18,BattleMech,80,2580,3055
2002,Man O' War (Gargoyle) A,Man O' War (Gargoyle),A,18,BattleMech,80,2689,2945
2003,Man O' War (Gargoyle) B,Man O' War (Gargoyle),B,18,BattleMech,80,1843,2945
2004,Man O' War (Gargoyle) C,Man O' War (Gargoyle),C,18,BattleMech,80,2417,2945
2005,Man O' War (Gargoyle) D,Man O' War (Gargoyle),D,18,BattleMech,80,2499,2945
2006,Man O' War (Gargoyle) E,Man O' War (Gargoyle),E,18,BattleMech,80,2257,3060
7755,Man O' War (Gargoyle) F,Man O' War (Gargoyle),F,18,BattleMech,80,1894,3127
2007,Man O' War (Gargoyle) G,Man O' War (Gargoyle),G,18,BattleMech,80,2156,3069
2008,Man O' War (Gargoyle) H,Man O' War (Gargoyle),H,18,BattleMech,80,2183,3059
7756,Man O' War (Gargoyle) I,Man O' War (Gargoyle),I,18,BattleMech,80,2516,3113
7757,Man O' War (Gargoyle) J,Man O' War (Gargoyle),J,18,BattleMech,80,2134,3133
7759,Man O' War (Gargoyle) K,Man O' War (Gargoyle),K,18,BattleMech,80,2182,3140
2009,Man O' War (Gargoyle) M,Man O' War (Gargoyle),M,18,BattleMech,80,2182,3068
7758,Man O' War (Gargoyle) P,Man O' War (Gargoyle),P,18,BattleMech,80,2320,3093
2010,Man O' War (Gargoyle) Prime,Man O' War (Gargoyle),Prime,18,BattleMech,80,1537,2945
7754,Man O' War (Gargoyle) T,Man O' War (Gargoyle),T,18,BattleMech,80,1632,3142
6861,Man O' War (Gargoyle) X,Man O' War (Gargoyle),X,18,BattleMech,80,2800,3128
4578,Manassas Heavy Cruiser  ,Manassas Heavy Cruiser, ,81,Advanced Aerospace,0,0,2780
4580,Manatee  ,Manatee, ,17,Aerospace,1900,1503,2449
4579,Manatee (Cargo),Manatee,(Cargo),17,Aerospace,1900,720,2403
2011,Mandrill  ,Mandrill, ,18,BattleMech,30,1209,2829
2012,Mangonel MNL-3L,Mangonel,MNL-3L,18,BattleMech,70,1552,3079
2013,Mangonel MNL-3W,Mangonel,MNL-3W,18,BattleMech,70,2657,3082
6871,Mangonel MNL-4S,Mangonel,MNL-4S,18,BattleMech,70,2659,3088
4581,Manta Fast Attack Submarine  ,Manta Fast Attack Submarine, ,19,Combat Vehicle,50,0,2698
4582,Manta Fast Attack Submarine (Support),Manta Fast Attack Submarine,(Support),19,Combat Vehicle,50,0,3086
4584,Manteuffel Attack Tank A,Manteuffel Attack Tank,A,19,Combat Vehicle,70,1486,3062
4585,Manteuffel Attack Tank B,Manteuffel Attack Tank,B,19,Combat Vehicle,70,1508,3062
5734,Manteuffel Attack Tank C,Manteuffel Attack Tank,C,19,Combat Vehicle,70,1274,3068
5735,Manteuffel Attack Tank D,Manteuffel Attack Tank,D,19,Combat Vehicle,70,1172,3075
6797,Manteuffel Attack Tank E,Manteuffel Attack Tank,E,19,Combat Vehicle,70,1256,3087
4586,Manteuffel Attack Tank Prime,Manteuffel Attack Tank,Prime,19,Combat Vehicle,70,1504,3062
2021,Manticore Heavy Tank  ,Manticore Heavy Tank, ,19,Combat Vehicle,60,993,2575
2014,"Manticore Heavy Tank ""The Ballista""",Manticore Heavy Tank,"""The Ballista""",19,Combat Vehicle,60,1135,3076
2015,Manticore Heavy Tank (3055 Upgrade),Manticore Heavy Tank,(3055 Upgrade),19,Combat Vehicle,60,957,3055
2016,Manticore Heavy Tank (C3M),Manticore Heavy Tank,(C3M),19,Combat Vehicle,60,958,3063
2017,Manticore Heavy Tank (C3S),Manticore Heavy Tank,(C3S),19,Combat Vehicle,60,1008,3063
2018,Manticore Heavy Tank (HPPC),Manticore Heavy Tank,(HPPC),19,Combat Vehicle,60,1149,3074
2019,Manticore Heavy Tank (LB-X),Manticore Heavy Tank,(LB-X),19,Combat Vehicle,60,961,3060
2020,Manticore Heavy Tank (RAC),Manticore Heavy Tank,(RAC),19,Combat Vehicle,60,1241,3069
9456,Manticore Heavy Tank (XL),Manticore Heavy Tank,(XL),19,Combat Vehicle,60,1191,3117
7675,Manticore Heavy Tank EC,Manticore Heavy Tank,EC,19,Combat Vehicle,60,1147,2823
6601,Manticore II Heavy Tank  ,Manticore II Heavy Tank, ,19,Combat Vehicle,70,1435,3112
2029,Mantis Light Attack VTOL  ,Mantis Light Attack VTOL, ,19,Combat Vehicle,15,434,3061
2028,Mantis Light Attack VTOL (ECCM),Mantis Light Attack VTOL,(ECCM),19,Combat Vehicle,15,304,3073
2022,Mantis MTS-L,Mantis,MTS-L,18,BattleMech,30,1176,3064
2023,Mantis MTS-S,Mantis,MTS-S,18,BattleMech,30,1128,3061
2024,Mantis MTS-T,Mantis,MTS-T,18,BattleMech,30,1312,3063
2025,Mantis MTS-T2,Mantis,MTS-T2,18,BattleMech,30,1380,3063
2026,Mantis MTS-T3,Mantis,MTS-T3,18,BattleMech,30,1380,3063
2027,Mantis SA-MN,Mantis,SA-MN,18,BattleMech,30,704,3052
4587,Mantis SA-MN2,Mantis,SA-MN2,18,BattleMech,30,0,3056
4589,Mao-Heng Charioteer  ,Mao-Heng Charioteer, ,24,Support Vehicle,10,0,3043
4588,Mao-Heng Charioteer (Original),Mao-Heng Charioteer,(Original),24,Support Vehicle,0,0,2797
2030,Marauder (Bounty Hunter-3015),Marauder,(Bounty Hunter-3015),18,BattleMech,75,1919,3015
2031,Marauder (Bounty Hunter-3044),Marauder,(Bounty Hunter-3044),18,BattleMech,75,2103,3044
7535,Marauder (Bounty Hunter-3138),Marauder,(Bounty Hunter-3138),18,BattleMech,75,2708,3138
7536,Marauder (Red Hunter-3146),Marauder,(Red Hunter-3146),18,BattleMech,75,2509,3146
6525,Marauder Battle Armor (Sqd4),Marauder Battle Armor,(Sqd4),21,Infantry,1.5,250,3110
8762,Marauder Battle Armor (Sqd5),Marauder Battle Armor,(Sqd5),21,Infantry,1.5,336,3110
2032,Marauder C,Marauder,C,18,BattleMech,75,1711,2827
2053,Marauder II (Bounty Hunter),Marauder II,(Bounty Hunter),18,BattleMech,100,3767,3064
2054,Marauder II C,Marauder II,C,18,BattleMech,100,2916,3066
7519,Marauder II MAD-10D,Marauder II,MAD-10D,18,BattleMech,100,2741,3141
2055,Marauder II MAD-4A,Marauder II,MAD-4A,18,BattleMech,100,2073,3012
2056,Marauder II MAD-4H,Marauder II,MAD-4H,18,BattleMech,100,2180,3067
2057,Marauder II MAD-4K,Marauder II,MAD-4K,18,BattleMech,100,2626,3070
6828,Marauder II MAD-4L,Marauder II,MAD-4L,18,BattleMech,100,2839,3084
2058,Marauder II MAD-4S,Marauder II,MAD-4S,18,BattleMech,100,2623,3064
2059,Marauder II MAD-5A,Marauder II,MAD-5A,18,BattleMech,100,2058,3049
2060,Marauder II MAD-5B,Marauder II,MAD-5B,18,BattleMech,100,2589,3050
2061,Marauder II MAD-5C,Marauder II,MAD-5C,18,BattleMech,100,2024,3052
2062,Marauder II MAD-5W,Marauder II,MAD-5W,18,BattleMech,100,2383,3070
7520,Marauder II MAD-6A,Marauder II,MAD-6A,18,BattleMech,100,2367,3134
7521,Marauder II MAD-6C,Marauder II,MAD-6C,18,BattleMech,100,2346,3134
2063,Marauder II MAD-6D,Marauder II,MAD-6D,18,BattleMech,100,2378,3083
2064,Marauder II MAD-6M,Marauder II,MAD-6M,18,BattleMech,100,2218,3078
7331,Marauder II MAD-6S,Marauder II,MAD-6S,18,BattleMech,100,2546,3090
7522,Marauder II MAD-8K,Marauder II,MAD-8K,18,BattleMech,100,2849,3138
2065,Marauder IIC  ,Marauder IIC, ,18,BattleMech,85,2680,2828
7538,Marauder IIC 10,Marauder IIC,10,18,BattleMech,85,2877,3140
2066,Marauder IIC 2,Marauder IIC,2,18,BattleMech,85,2358,3063
2067,Marauder IIC 3,Marauder IIC,3,18,BattleMech,85,2445,3064
2068,Marauder IIC 4,Marauder IIC,4,18,BattleMech,85,3447,3070
2069,Marauder IIC 5,Marauder IIC,5,18,BattleMech,85,2386,3070
2070,Marauder IIC 6,Marauder IIC,6,18,BattleMech,85,2646,3077
2071,Marauder IIC 7,Marauder IIC,7,18,BattleMech,85,2843,3081
2072,Marauder IIC 8,Marauder IIC,8,18,BattleMech,85,2554,3025
7537,Marauder IIC 9,Marauder IIC,9,18,BattleMech,85,2595,2831
7534,Marauder MAD-11D,Marauder,MAD-11D,18,BattleMech,75,2263,3140
2033,Marauder MAD-1R,Marauder,MAD-1R,18,BattleMech,75,1420,2612
2034,Marauder MAD-2R,Marauder,MAD-2R,18,BattleMech,75,1630,2760
7528,Marauder MAD-2T,Marauder,MAD-2T,18,BattleMech,75,1646,3092
2035,Marauder MAD-3D,Marauder,MAD-3D,18,BattleMech,75,1470,2834
2036,Marauder MAD-3L,Marauder,MAD-3L,18,BattleMech,75,1369,2905
2037,Marauder MAD-3M,Marauder,MAD-3M,18,BattleMech,75,1335,2873
4590,Marauder MAD-3M-DC,Marauder,MAD-3M-DC,18,BattleMech,75,0,2886
2038,Marauder MAD-3R,Marauder,MAD-3R,18,BattleMech,75,1363,2819
4591,Marauder MAD-3R (Faber),Marauder,MAD-3R (Faber),18,BattleMech,75,0,Unknown
4592,Marauder MAD-3R (Wilson),Marauder,MAD-3R (Wilson),18,BattleMech,75,0,Unknown
5768,Marauder MAD-4X,Marauder,MAD-4X,18,BattleMech,75,1453,3039
7600,Marauder MAD-5CS,Marauder,MAD-5CS,18,BattleMech,75,1648,3052
2039,Marauder MAD-5D,Marauder,MAD-5D,18,BattleMech,75,1787,3047
7529,Marauder MAD-5D-DC,Marauder,MAD-5D-DC,18,BattleMech,75,1787,3055
2040,Marauder MAD-5L,Marauder,MAD-5L,18,BattleMech,75,2244,3067
2041,Marauder MAD-5M,Marauder,MAD-5M,18,BattleMech,75,1471,3051
2042,Marauder MAD-5R,Marauder,MAD-5R,18,BattleMech,75,1877,3068
2043,Marauder MAD-5S,Marauder,MAD-5S,18,BattleMech,75,1799,3051
2044,Marauder MAD-5T,Marauder,MAD-5T,18,BattleMech,75,1750,3068
2045,Marauder MAD-6L,Marauder,MAD-6L,18,BattleMech,75,2322,3070
7530,Marauder MAD-7C,Marauder,MAD-7C,18,BattleMech,75,1810,3103
2046,Marauder MAD-7D,Marauder,MAD-7D,18,BattleMech,75,1986,3068
7697,Marauder MAD-7D (Von Staskov),Marauder,MAD-7D (Von Staskov),18,BattleMech,75,2150,3070
7531,Marauder MAD-7M,Marauder,MAD-7M,18,BattleMech,75,1908,3074
7532,Marauder MAD-7R,Marauder,MAD-7R,18,BattleMech,75,1832,3103
7533,Marauder MAD-7S,Marauder,MAD-7S,18,BattleMech,75,1903,3086
6866,Marauder MAD-9D,Marauder,MAD-9D,18,BattleMech,75,1967,3125
2047,Marauder MAD-9M,Marauder,MAD-9M,18,BattleMech,75,1704,3068
2048,Marauder MAD-9M2,Marauder,MAD-9M2,18,BattleMech,75,1875,3068
2049,Marauder MAD-9S,Marauder,MAD-9S,18,BattleMech,75,1786,3068
2050,Marauder MAD-9W,Marauder,MAD-9W,18,BattleMech,75,1788,3071
2051,Marauder MAD-9W2,Marauder,MAD-9W2,18,BattleMech,75,1868,3080
2052,Marauder MAD-SD (Douglass),Marauder,MAD-SD (Douglass),18,BattleMech,75,1459,3025
4594,Marco MR-6 ExplorerMech,Marco,MR-6 ExplorerMech,20,IndustrialMech,30,295,2712
4595,Marco MR-7 ExplorerMech,Marco,MR-7 ExplorerMech,20,IndustrialMech,30,295,2715
4596,Marco MR-8C ExplorerMech,Marco,MR-8C ExplorerMech,20,IndustrialMech,30,304,2719
2073,Marco MR-8D,Marco,MR-8D,20,IndustrialMech,30,436,2801
2074,Marco MR-8E,Marco,MR-8E,20,IndustrialMech,30,476,2801
2077,Marksman Artillery Vehicle  ,Marksman Artillery Vehicle, ,19,Combat Vehicle,65,688,2702
2075,Marksman Artillery Vehicle (AC),Marksman Artillery Vehicle,(AC),19,Combat Vehicle,65,976,2801
2076,Marksman Artillery Vehicle (Light PPC),Marksman Artillery Vehicle,(Light PPC),19,Combat Vehicle,65,684,3068
2078,Marksman MBT M1,Marksman MBT,M1,19,Combat Vehicle,95,1474,3088
2079,Marksman MBT M1A,Marksman MBT,M1A,19,Combat Vehicle,95,1778,3088
6806,Marksman MBT M1J,Marksman MBT,M1J,19,Combat Vehicle,95,1702,3128
2082,Mars Assault Vehicle  ,Mars Assault Vehicle, ,19,Combat Vehicle,100,2076,2871
2080,Mars Assault Vehicle (ATM),Mars Assault Vehicle,(ATM),19,Combat Vehicle,100,1948,3065
2081,Mars Assault Vehicle (HAG),Mars Assault Vehicle,(HAG),19,Combat Vehicle,100,2545,3075
4597,Mars Assault Vehicle (Original),Mars Assault Vehicle,(Original),19,Combat Vehicle,100,0,2842
2083,Mars Assault Vehicle (XL),Mars Assault Vehicle,(XL),19,Combat Vehicle,100,2520,3061
4599,Marsden MBT (Bridgelayer),Marsden MBT,(Bridgelayer),24,Support Vehicle,65,0,2402
4600,Marsden MBT (Engineering),Marsden MBT,(Engineering),24,Support Vehicle,65,0,2402
4602,Marsden MBT I,Marsden MBT,I,24,Support Vehicle,65,500,2396
2084,Marsden MBT II,Marsden MBT,II,19,Combat Vehicle,60,1056,2473
2085,Marsden MBT II (Primitive),Marsden MBT,II (Primitive),24,Support Vehicle,60,762,2463
2086,Marsden MBT II-A,Marsden MBT,II-A,19,Combat Vehicle,60,1054,2482
2087,Marsden MBT II-A (LB-X),Marsden MBT,II-A (LB-X),19,Combat Vehicle,60,1090,3068
4598,Marsden MBT III,Marsden MBT,III,19,Combat Vehicle,60,0,2545
2088,Marshal MHL-2L,Marshal,MHL-2L,18,BattleMech,55,1313,3063
6895,Marshal MHL-3MC,Marshal,MHL-3MC,18,BattleMech,55,1714,3119
7698,Marshal MHL-6FR,Marshal,MHL-6FR,18,BattleMech,55,1429,3086
2089,Marshal MHL-6MC,Marshal,MHL-6MC,18,BattleMech,55,1467,3073
2090,Marshal MHL-X1,Marshal,MHL-X1,18,BattleMech,55,1163,3059
6313,Marten Scout VTOL  ,Marten Scout VTOL, ,19,Combat Vehicle,15,179,3021
6314,Marten Scout VTOL (Infantry),Marten Scout VTOL,(Infantry),19,Combat Vehicle,15,107,3024
4605,Masakari (Warhawk) (Tara),Masakari (Warhawk),(Tara),18,BattleMech,85,3428,3067
2091,Masakari (Warhawk) A,Masakari (Warhawk),A,18,BattleMech,85,2399,2999
2092,Masakari (Warhawk) B,Masakari (Warhawk),B,18,BattleMech,85,2320,2999
2093,Masakari (Warhawk) C,Masakari (Warhawk),C,18,BattleMech,85,2998,2999
2094,Masakari (Warhawk) D,Masakari (Warhawk),D,18,BattleMech,85,2474,3059
2095,Masakari (Warhawk) E,Masakari (Warhawk),E,18,BattleMech,85,2895,3069
5491,Masakari (Warhawk) F,Masakari (Warhawk),F,18,BattleMech,85,2775,3054
8338,Masakari (Warhawk) G,Masakari (Warhawk),G,18,BattleMech,85,2909,3114
2096,Masakari (Warhawk) H,Masakari (Warhawk),H,18,BattleMech,85,2601,3059
8339,Masakari (Warhawk) I,Masakari (Warhawk),I,18,BattleMech,85,3026,3050
8340,Masakari (Warhawk) L,Masakari (Warhawk),L,18,BattleMech,85,3695,3121
2097,Masakari (Warhawk) Prime,Masakari (Warhawk),Prime,18,BattleMech,85,3194,2999
8337,Masakari (Warhawk) T,Masakari (Warhawk),T,18,BattleMech,85,2938,3142
7642,Masauwu  ,Masauwu, ,18,BattleMech,75,2299,2832
8343,Mastodon A,Mastodon,A,18,BattleMech,95,2856,3148
8344,Mastodon B,Mastodon,B,18,BattleMech,95,2793,3148
8345,Mastodon C,Mastodon,C,18,BattleMech,95,3092,3148
8346,Mastodon D,Mastodon,D,18,BattleMech,95,2961,3148
8342,Mastodon Prime,Mastodon,Prime,18,BattleMech,95,3109,3148
4608,Mastodon Transport  ,Mastodon Transport, ,24,Support Vehicle,0,0,3067
4607,Mastodon Transport (Armor),Mastodon Transport,(Armor),24,Support Vehicle,0,0,3067
2098,Matador  ,Matador, ,18,BattleMech,60,2006,2846
2099,Matador 2,Matador,2,18,BattleMech,60,1728,3069
5848,Matar SAM-RS2,Matar,SAM-RS2,18,BattleMech,110,0,2775
2100,Mauler MAL-1K,Mauler,MAL-1K,18,BattleMech,90,1622,3069
9544,Mauler MAL-1KX,Mauler,MAL-1KX,18,BattleMech,90,1678,3068
9542,Mauler MAL-1PT5,Mauler,MAL-1PT5,18,BattleMech,90,1400,3022
9543,Mauler MAL-1PT6,Mauler,MAL-1PT6,18,BattleMech,90,1270,3022
2101,Mauler MAL-1R,Mauler,MAL-1R,18,BattleMech,90,1460,3048
9545,Mauler MAL-1X-AFFC,Mauler,MAL-1X-AFFC,18,BattleMech,90,1286,3040
9546,Mauler MAL-1Y,Mauler,MAL-1Y,18,BattleMech,90,1448,3048
9547,Mauler MAL-2D,Mauler,MAL-2D,18,BattleMech,90,1737,3065
5460,Mauler MAL-2R,Mauler,MAL-2R,18,BattleMech,90,1586,3060
9548,Mauler MAL-3K,Mauler,MAL-3K,18,BattleMech,90,1622,3074
2102,Mauler MAL-3R,Mauler,MAL-3R,18,BattleMech,90,1877,3062
9580,Mauler MAL-4R,Mauler,MAL-4R,18,BattleMech,90,2050,3144
5784,Mauler MAL-4X “Todesbote”,Mauler,MAL-4X “Todesbote”,18,BattleMech,90,1904,3070
2103,Mauler MAL-C,Mauler,MAL-C,18,BattleMech,90,1473,3051
2109,Maultier Hover APC  ,Maultier Hover APC, ,19,Combat Vehicle,15,209,2647
2104,Maultier Hover APC (BA),Maultier Hover APC,(BA),19,Combat Vehicle,15,165,3070
2105,Maultier Hover APC (Basic),Maultier Hover APC,(Basic),19,Combat Vehicle,15,197,3019
2106,Maultier Hover APC (Fusion),Maultier Hover APC,(Fusion),19,Combat Vehicle,15,301,3070
2107,Maultier Hover APC (Intermediate),Maultier Hover APC,(Intermediate),19,Combat Vehicle,15,210,3043
2108,Maultier Hover APC (MG),Maultier Hover APC,(MG),19,Combat Vehicle,15,170,3070
2113,Mauna Kea Command Vessel  ,Mauna Kea Command Vessel, ,19,Combat Vehicle,85,872,2515
2110,Mauna Kea Command Vessel (LB-X),Mauna Kea Command Vessel,(LB-X),19,Combat Vehicle,85,932,3076
2111,Mauna Kea Command Vessel (LRM),Mauna Kea Command Vessel,(LRM),19,Combat Vehicle,85,1005,2515
2112,Mauna Kea Command Vessel (LRT),Mauna Kea Command Vessel,(LRT),19,Combat Vehicle,85,872,2515
6762,Mauna Kea Command Vessel (Primitive),Mauna Kea Command Vessel,(Primitive),24,Support Vehicle,85,0,2463
2115,Maxim (I) Heavy Hover Transport,Maxim (I) Heavy Hover Transport,,19,Combat Vehicle,50,770,3060
2114,Maxim (I) Heavy Hover Transport (Company Command),Maxim (I) Heavy Hover Transport,(Company Command),19,Combat Vehicle,50,851,3069
2116,Maxim Flanker,Maxim Flanker,,19,Combat Vehicle,50,781,3074
2127,Maxim Heavy Hover Transport  ,Maxim Heavy Hover Transport, ,19,Combat Vehicle,50,764,2689
2117,Maxim Heavy Hover Transport (3052 Upgrade),Maxim Heavy Hover Transport,(3052 Upgrade),19,Combat Vehicle,50,794,3052
2118,Maxim Heavy Hover Transport (Anti-Infantry),Maxim Heavy Hover Transport,(Anti-Infantry),19,Combat Vehicle,50,715,3054
2119,Maxim Heavy Hover Transport (BA Factory Upgrade),Maxim Heavy Hover Transport,(BA Factory Upgrade),19,Combat Vehicle,50,794,3055
2120,Maxim Heavy Hover Transport (BA Field Upgrade),Maxim Heavy Hover Transport,(BA Field Upgrade),19,Combat Vehicle,50,817,3056
2121,Maxim Heavy Hover Transport (C3M),Maxim Heavy Hover Transport,(C3M),19,Combat Vehicle,50,817,3068
2122,Maxim Heavy Hover Transport (C3S),Maxim Heavy Hover Transport,(C3S),19,Combat Vehicle,50,773,3068
2123,Maxim Heavy Hover Transport (Clan),Maxim Heavy Hover Transport,(Clan),19,Combat Vehicle,50,1147,3059
9312,Maxim Heavy Hover Transport (Escort),Maxim Heavy Hover Transport,(Escort),19,Combat Vehicle,50,835,3101
2124,Maxim Heavy Hover Transport (Fire Support),Maxim Heavy Hover Transport,(Fire Support),19,Combat Vehicle,50,869,3053
2125,Maxim Heavy Hover Transport (SRM2),Maxim Heavy Hover Transport,(SRM2),19,Combat Vehicle,50,763,2967
2126,Maxim Heavy Hover Transport (SRM4),Maxim Heavy Hover Transport,(SRM4),19,Combat Vehicle,50,682,2875
2129,Maxim Mk II Transport  ,Maxim Mk II Transport, ,19,Combat Vehicle,50,476,3083
6787,Maxim Mk II Transport (ECM),Maxim Mk II Transport,(ECM),19,Combat Vehicle,50,483,3087
2128,"Maxim Mk II Transport (Infantry Support) ""Shiloh""",Maxim Mk II Transport,"(Infantry Support) ""Shiloh""",19,Combat Vehicle,50,828,3084
4609,McKenna Battleship (2652),McKenna Battleship,(2652),81,Advanced Aerospace,1930000,0,2652
4610,McKenna Battleship (Clan),McKenna Battleship,(Clan),81,Advanced Aerospace,1930000,0,2851
4611,Meabh Heavy Cruiser  ,Meabh Heavy Cruiser, ,79,Advanced Support,10000,0,2807
2130,Mechanized Assault XCT  ,Mechanized Assault XCT, ,21,Infantry,24,161,3065
2131,Mechanized Field Artillery  ,Mechanized Field Artillery, ,21,Infantry,40,67,2500
7047,Mechanized Hover Level I (Flamer),Mechanized Hover Level I,(Flamer),21,Infantry,20,0,2933
7049,Mechanized Hover Level I (LRM),Mechanized Hover Level I,(LRM),21,Infantry,20,0,3057
7050,Mechanized Hover Level I (MG),Mechanized Hover Level I,(MG),21,Infantry,20,0,2933
7046,"Mechanized Hover Level I (Rifle, Ballistic)",Mechanized Hover Level I,"(Rifle, Ballistic)",21,Infantry,20,0,2933
7048,"Mechanized Hover Level I (Rifle, Energy)",Mechanized Hover Level I,"(Rifle, Energy)",21,Infantry,20,0,2933
7051,Mechanized Hover Level I (SRM),Mechanized Hover Level I,(SRM),21,Infantry,20,0,2933
7059,Mechanized Hover Platoon (FS3067+) (Flamer),Mechanized Hover Platoon (FS3067+),(Flamer),21,Infantry,20,0,3067
7061,Mechanized Hover Platoon (FS3067+) (LRM),Mechanized Hover Platoon (FS3067+),(LRM),21,Infantry,20,0,3067
7062,Mechanized Hover Platoon (FS3067+) (MG),Mechanized Hover Platoon (FS3067+),(MG),21,Infantry,20,0,3067
7058,"Mechanized Hover Platoon (FS3067+) (Rifle, Ballistic)",Mechanized Hover Platoon (FS3067+),"(Rifle, Ballistic)",21,Infantry,20,0,3067
7060,"Mechanized Hover Platoon (FS3067+) (Rifle, Energy)",Mechanized Hover Platoon (FS3067+),"(Rifle, Energy)",21,Infantry,20,0,3067
7063,Mechanized Hover Platoon (FS3067+) (SRM),Mechanized Hover Platoon (FS3067+),(SRM),21,Infantry,20,0,3067
7065,Mechanized Hover Platoon (FW3035+) (Flamer),Mechanized Hover Platoon (FW3035+),(Flamer),21,Infantry,20,0,3035
7067,Mechanized Hover Platoon (FW3035+) (LRM),Mechanized Hover Platoon (FW3035+),(LRM),21,Infantry,20,0,3057
7068,Mechanized Hover Platoon (FW3035+) (MG),Mechanized Hover Platoon (FW3035+),(MG),21,Infantry,20,0,3035
7064,"Mechanized Hover Platoon (FW3035+) (Rifle, Ballistic)",Mechanized Hover Platoon (FW3035+),"(Rifle, Ballistic)",21,Infantry,20,0,3035
7066,"Mechanized Hover Platoon (FW3035+) (Rifle, Energy)",Mechanized Hover Platoon (FW3035+),"(Rifle, Energy)",21,Infantry,20,0,3035
7069,Mechanized Hover Platoon (FW3035+) (SRM),Mechanized Hover Platoon (FW3035+),(SRM),21,Infantry,20,0,3035
7052,Mechanized Hover Platoon (FedCom) (Flamer),Mechanized Hover Platoon (FedCom),(Flamer),21,Infantry,20,0,3030
7054,Mechanized Hover Platoon (FedCom) (LRM),Mechanized Hover Platoon (FedCom),(LRM),21,Infantry,20,0,3057
7055,Mechanized Hover Platoon (FedCom) (MG),Mechanized Hover Platoon (FedCom),(MG),21,Infantry,20,0,3030
7056,"Mechanized Hover Platoon (FedCom) (Rifle, Ballistic)",Mechanized Hover Platoon (FedCom),"(Rifle, Ballistic)",21,Infantry,20,0,3030
7053,"Mechanized Hover Platoon (FedCom) (Rifle, Energy)",Mechanized Hover Platoon (FedCom),"(Rifle, Energy)",21,Infantry,20,0,3030
7057,Mechanized Hover Platoon (FedCom) (SRM),Mechanized Hover Platoon (FedCom),(SRM),21,Infantry,20,0,3030
2132,Mechanized Hover Platoon (Flamer),Mechanized Hover Platoon,(Flamer),21,Infantry,20,37,2025
2134,Mechanized Hover Platoon (LRM),Mechanized Hover Platoon,(LRM),21,Infantry,20,32,3057
2135,Mechanized Hover Platoon (MG),Mechanized Hover Platoon,(MG),21,Infantry,20,45,PS
4612,Mechanized Hover Platoon (Rifle AA),Mechanized Hover Platoon,(Rifle AA),21,Infantry,20,55,3067
4613,Mechanized Hover Platoon (Rifle Minelayer),Mechanized Hover Platoon,(Rifle Minelayer),21,Infantry,20,0,PS
2136,"Mechanized Hover Platoon (Rifle, Ballistic)",Mechanized Hover Platoon,"(Rifle, Ballistic)",21,Infantry,20,47,PS
2133,"Mechanized Hover Platoon (Rifle, Energy)",Mechanized Hover Platoon,"(Rifle, Energy)",21,Infantry,20,45,2405
2137,Mechanized Hover Platoon (SRM),Mechanized Hover Platoon,(SRM),21,Infantry,20,41,2370
7234,"Mechanized Hover Platoon, Marian (Flamer)","Mechanized Hover Platoon, Marian",(Flamer),21,Infantry,20,0,3010
7236,"Mechanized Hover Platoon, Marian (MG)","Mechanized Hover Platoon, Marian",(MG),21,Infantry,20,0,3010
7232,"Mechanized Hover Platoon, Marian (Rifle, Ballistic)","Mechanized Hover Platoon, Marian","(Rifle, Ballistic)",21,Infantry,20,0,3010
7233,"Mechanized Hover Platoon, Marian (Rifle, Energy)","Mechanized Hover Platoon, Marian","(Rifle, Energy)",21,Infantry,20,0,3010
7237,"Mechanized Hover Platoon, Marian (SRM)","Mechanized Hover Platoon, Marian",(SRM),21,Infantry,20,0,3010
7239,"Mechanized Hover Platoon, Marian 3049+ (Flamer)","Mechanized Hover Platoon, Marian 3049+",(Flamer),21,Infantry,20,0,3049
7242,"Mechanized Hover Platoon, Marian 3049+ (LRM)","Mechanized Hover Platoon, Marian 3049+",(LRM),21,Infantry,20,0,3057
7241,"Mechanized Hover Platoon, Marian 3049+ (MG)","Mechanized Hover Platoon, Marian 3049+",(MG),21,Infantry,20,0,3049
7238,"Mechanized Hover Platoon, Marian 3049+ (Rifle, Ballistic)","Mechanized Hover Platoon, Marian 3049+","(Rifle, Ballistic)",21,Infantry,20,0,3049
7240,"Mechanized Hover Platoon, Marian 3049+ (Rifle, Energy)","Mechanized Hover Platoon, Marian 3049+","(Rifle, Energy)",21,Infantry,20,0,3049
7243,"Mechanized Hover Platoon, Marian 3049+ (SRM)","Mechanized Hover Platoon, Marian 3049+",(SRM),21,Infantry,20,0,3049
9290,"Mechanized Hover Platoon, Taurian (Flamer)","Mechanized Hover Platoon, Taurian",(Flamer),21,Infantry,20,0,2335
9294,"Mechanized Hover Platoon, Taurian (LRM)","Mechanized Hover Platoon, Taurian",(LRM),21,Infantry,20,0,3057
9292,"Mechanized Hover Platoon, Taurian (MG)","Mechanized Hover Platoon, Taurian",(MG),21,Infantry,20,0,2335
9289,"Mechanized Hover Platoon, Taurian (Rifle, Ballistic)","Mechanized Hover Platoon, Taurian","(Rifle, Ballistic)",21,Infantry,20,0,2335
9291,"Mechanized Hover Platoon, Taurian (Rifle, Energy)","Mechanized Hover Platoon, Taurian","(Rifle, Energy)",21,Infantry,20,0,2405
9293,"Mechanized Hover Platoon, Taurian (SRM)","Mechanized Hover Platoon, Taurian",(SRM),21,Infantry,20,0,2370
7070,Mechanized Tracked Level I (Flamer),Mechanized Tracked Level I,(Flamer),21,Infantry,24,0,2933
7072,Mechanized Tracked Level I (LRM),Mechanized Tracked Level I,(LRM),21,Infantry,24,0,3057
7073,Mechanized Tracked Level I (MG),Mechanized Tracked Level I,(MG),21,Infantry,24,0,2933
7074,"Mechanized Tracked Level I (Rifle, Ballistic)",Mechanized Tracked Level I,"(Rifle, Ballistic)",21,Infantry,24,0,2933
7071,"Mechanized Tracked Level I (Rifle, Energy)",Mechanized Tracked Level I,"(Rifle, Energy)",21,Infantry,24,0,2933
7075,Mechanized Tracked Level I (SRM),Mechanized Tracked Level I,(SRM),21,Infantry,24,0,2933
7082,Mechanized Tracked Platoon (FS3067+) (Flamer),Mechanized Tracked Platoon (FS3067+),(Flamer),21,Infantry,28,0,3067
7084,Mechanized Tracked Platoon (FS3067+) (LRM),Mechanized Tracked Platoon (FS3067+),(LRM),21,Infantry,28,0,3067
7085,Mechanized Tracked Platoon (FS3067+) (MG),Mechanized Tracked Platoon (FS3067+),(MG),21,Infantry,28,0,3067
7086,"Mechanized Tracked Platoon (FS3067+) (Rifle, Ballistic)",Mechanized Tracked Platoon (FS3067+),"(Rifle, Ballistic)",21,Infantry,28,0,3067
7083,"Mechanized Tracked Platoon (FS3067+) (Rifle, Energy)",Mechanized Tracked Platoon (FS3067+),"(Rifle, Energy)",21,Infantry,28,0,3067
7087,Mechanized Tracked Platoon (FS3067+) (SRM),Mechanized Tracked Platoon (FS3067+),(SRM),21,Infantry,28,0,3067
7088,Mechanized Tracked Platoon (FW3035+) (Flamer),Mechanized Tracked Platoon (FW3035+),(Flamer),21,Infantry,28,0,3035
7090,Mechanized Tracked Platoon (FW3035+) (LRM),Mechanized Tracked Platoon (FW3035+),(LRM),21,Infantry,28,0,3057
7091,Mechanized Tracked Platoon (FW3035+) (MG),Mechanized Tracked Platoon (FW3035+),(MG),21,Infantry,28,0,3035
7092,"Mechanized Tracked Platoon (FW3035+) (Rifle, Ballistic)",Mechanized Tracked Platoon (FW3035+),"(Rifle, Ballistic)",21,Infantry,28,0,3035
7089,"Mechanized Tracked Platoon (FW3035+) (Rifle, Energy)",Mechanized Tracked Platoon (FW3035+),"(Rifle, Energy)",21,Infantry,28,0,3035
7093,Mechanized Tracked Platoon (FW3035+) (SRM),Mechanized Tracked Platoon (FW3035+),(SRM),21,Infantry,28,0,3035
7076,Mechanized Tracked Platoon (FedCom) (Flamer),Mechanized Tracked Platoon (FedCom),(Flamer),21,Infantry,28,0,3030
7078,Mechanized Tracked Platoon (FedCom) (LRM),Mechanized Tracked Platoon (FedCom),(LRM),21,Infantry,28,0,3057
7079,Mechanized Tracked Platoon (FedCom) (MG),Mechanized Tracked Platoon (FedCom),(MG),21,Infantry,28,0,3030
7080,"Mechanized Tracked Platoon (FedCom) (Rifle, Ballistic)",Mechanized Tracked Platoon (FedCom),"(Rifle, Ballistic)",21,Infantry,28,0,3030
7077,"Mechanized Tracked Platoon (FedCom) (Rifle, Energy)",Mechanized Tracked Platoon (FedCom),"(Rifle, Energy)",21,Infantry,28,0,3030
7081,Mechanized Tracked Platoon (FedCom) (SRM),Mechanized Tracked Platoon (FedCom),(SRM),21,Infantry,28,0,3030
2138,Mechanized Tracked Platoon (Flamer),Mechanized Tracked Platoon,(Flamer),21,Infantry,28,66,2025
2140,Mechanized Tracked Platoon (LRM),Mechanized Tracked Platoon,(LRM),21,Infantry,28,62,3057
2141,Mechanized Tracked Platoon (MG),Mechanized Tracked Platoon,(MG),21,Infantry,28,75,PS
4614,Mechanized Tracked Platoon (Rifle AA),Mechanized Tracked Platoon,(Rifle AA),21,Infantry,28,87,3067
4615,Mechanized Tracked Platoon (Rifle Minelayer),Mechanized Tracked Platoon,(Rifle Minelayer),21,Infantry,28,0,PS
2142,"Mechanized Tracked Platoon (Rifle, Ballistic)",Mechanized Tracked Platoon,"(Rifle, Ballistic)",21,Infantry,28,72,PS
2139,"Mechanized Tracked Platoon (Rifle, Energy)",Mechanized Tracked Platoon,"(Rifle, Energy)",21,Infantry,28,69,2405
2143,Mechanized Tracked Platoon (SRM),Mechanized Tracked Platoon,(SRM),21,Infantry,28,69,2370
7270,"Mechanized Tracked Platoon, Marian (Flamer)","Mechanized Tracked Platoon, Marian",(Flamer),21,Infantry,20,0,3010
7273,"Mechanized Tracked Platoon, Marian (MG)","Mechanized Tracked Platoon, Marian",(MG),21,Infantry,20,0,3010
7268,"Mechanized Tracked Platoon, Marian (Rifle, Ballistic)","Mechanized Tracked Platoon, Marian","(Rifle, Ballistic)",21,Infantry,20,0,3010
7269,"Mechanized Tracked Platoon, Marian (Rifle, Energy)","Mechanized Tracked Platoon, Marian","(Rifle, Energy)",21,Infantry,20,0,3010
7272,"Mechanized Tracked Platoon, Marian (SRM)","Mechanized Tracked Platoon, Marian",(SRM),21,Infantry,20,0,3010
7275,"Mechanized Tracked Platoon, Marian 3049+ (Flamer)","Mechanized Tracked Platoon, Marian 3049+",(Flamer),21,Infantry,20,0,3049
7277,"Mechanized Tracked Platoon, Marian 3049+ (LRM)","Mechanized Tracked Platoon, Marian 3049+",(LRM),21,Infantry,20,0,3057
7279,"Mechanized Tracked Platoon, Marian 3049+ (MG)","Mechanized Tracked Platoon, Marian 3049+",(MG),21,Infantry,20,0,3049
7274,"Mechanized Tracked Platoon, Marian 3049+ (Rifle, Ballistic)","Mechanized Tracked Platoon, Marian 3049+","(Rifle, Ballistic)",21,Infantry,20,0,3049
7276,"Mechanized Tracked Platoon, Marian 3049+ (Rifle, Energy)","Mechanized Tracked Platoon, Marian 3049+","(Rifle, Energy)",21,Infantry,20,0,3049
7278,"Mechanized Tracked Platoon, Marian 3049+ (SRM)","Mechanized Tracked Platoon, Marian 3049+",(SRM),21,Infantry,20,0,3049
9296,"Mechanized Tracked Platoon, Taurian (Flamer)","Mechanized Tracked Platoon, Taurian",(Flamer),21,Infantry,20,0,2335
9300,"Mechanized Tracked Platoon, Taurian (LRM)","Mechanized Tracked Platoon, Taurian",(LRM),21,Infantry,20,0,3057
9298,"Mechanized Tracked Platoon, Taurian (MG)","Mechanized Tracked Platoon, Taurian",(MG),21,Infantry,20,0,2335
9295,"Mechanized Tracked Platoon, Taurian (Rifle, Ballistic)","Mechanized Tracked Platoon, Taurian","(Rifle, Ballistic)",21,Infantry,20,0,2335
9297,"Mechanized Tracked Platoon, Taurian (Rifle, Energy)","Mechanized Tracked Platoon, Taurian","(Rifle, Energy)",21,Infantry,20,0,2405
9299,"Mechanized Tracked Platoon, Taurian (SRM)","Mechanized Tracked Platoon, Taurian",(SRM),21,Infantry,20,0,2370
7094,Mechanized Wheeled Level I (Flamer),Mechanized Wheeled Level I,(Flamer),21,Infantry,24,0,2933
7096,Mechanized Wheeled Level I (LRM),Mechanized Wheeled Level I,(LRM),21,Infantry,24,0,3057
7097,Mechanized Wheeled Level I (MG),Mechanized Wheeled Level I,(MG),21,Infantry,24,0,2933
7098,"Mechanized Wheeled Level I (Rifle, Ballistic)",Mechanized Wheeled Level I,"(Rifle, Ballistic)",21,Infantry,24,0,2933
7095,"Mechanized Wheeled Level I (Rifle, Energy)",Mechanized Wheeled Level I,"(Rifle, Energy)",21,Infantry,24,0,2933
7099,Mechanized Wheeled Level I (SRM),Mechanized Wheeled Level I,(SRM),21,Infantry,24,0,2933
7106,Mechanized Wheeled Platoon (FS3067+) (Flamer),Mechanized Wheeled Platoon (FS3067+),(Flamer),21,Infantry,24,0,3067
7108,Mechanized Wheeled Platoon (FS3067+) (LRM),Mechanized Wheeled Platoon (FS3067+),(LRM),21,Infantry,24,0,3067
7109,Mechanized Wheeled Platoon (FS3067+) (MG),Mechanized Wheeled Platoon (FS3067+),(MG),21,Infantry,24,0,3067
7110,"Mechanized Wheeled Platoon (FS3067+) (Rifle, Ballistic)",Mechanized Wheeled Platoon (FS3067+),"(Rifle, Ballistic)",21,Infantry,24,0,3067
7107,"Mechanized Wheeled Platoon (FS3067+) (Rifle, Energy)",Mechanized Wheeled Platoon (FS3067+),"(Rifle, Energy)",21,Infantry,24,0,3067
7111,Mechanized Wheeled Platoon (FS3067+) (SRM),Mechanized Wheeled Platoon (FS3067+),(SRM),21,Infantry,24,0,3067
7112,Mechanized Wheeled Platoon (FW3035+) (Flamer),Mechanized Wheeled Platoon (FW3035+),(Flamer),21,Infantry,24,0,3035
7114,Mechanized Wheeled Platoon (FW3035+) (LRM),Mechanized Wheeled Platoon (FW3035+),(LRM),21,Infantry,24,0,3057
7115,Mechanized Wheeled Platoon (FW3035+) (MG),Mechanized Wheeled Platoon (FW3035+),(MG),21,Infantry,24,0,3035
7116,"Mechanized Wheeled Platoon (FW3035+) (Rifle, Ballistic)",Mechanized Wheeled Platoon (FW3035+),"(Rifle, Ballistic)",21,Infantry,24,0,3035
7113,"Mechanized Wheeled Platoon (FW3035+) (Rifle, Energy)",Mechanized Wheeled Platoon (FW3035+),"(Rifle, Energy)",21,Infantry,24,0,3035
7117,Mechanized Wheeled Platoon (FW3035+) (SRM),Mechanized Wheeled Platoon (FW3035+),(SRM),21,Infantry,24,0,3035
7100,Mechanized Wheeled Platoon (FedCom) (Flamer),Mechanized Wheeled Platoon (FedCom),(Flamer),21,Infantry,24,0,3030
7102,Mechanized Wheeled Platoon (FedCom) (LRM),Mechanized Wheeled Platoon (FedCom),(LRM),21,Infantry,24,0,3057
7103,Mechanized Wheeled Platoon (FedCom) (MG),Mechanized Wheeled Platoon (FedCom),(MG),21,Infantry,24,0,3030
7104,"Mechanized Wheeled Platoon (FedCom) (Rifle, Ballistic)",Mechanized Wheeled Platoon (FedCom),"(Rifle, Ballistic)",21,Infantry,24,0,3030
7101,"Mechanized Wheeled Platoon (FedCom) (Rifle, Energy)",Mechanized Wheeled Platoon (FedCom),"(Rifle, Energy)",21,Infantry,24,0,3030
7105,Mechanized Wheeled Platoon (FedCom) (SRM),Mechanized Wheeled Platoon (FedCom),(SRM),21,Infantry,24,0,3030
2144,Mechanized Wheeled Platoon (Flamer),Mechanized Wheeled Platoon,(Flamer),21,Infantry,24,50,2025
2146,Mechanized Wheeled Platoon (LRM),Mechanized Wheeled Platoon,(LRM),21,Infantry,24,46,3057
2147,Mechanized Wheeled Platoon (MG),Mechanized Wheeled Platoon,(MG),21,Infantry,24,57,PS
4616,Mechanized Wheeled Platoon (Rifle AA),Mechanized Wheeled Platoon,(Rifle AA),21,Infantry,24,68,3067
4617,Mechanized Wheeled Platoon (Rifle Minelayer),Mechanized Wheeled Platoon,(Rifle Minelayer),21,Infantry,24,0,PS
2148,"Mechanized Wheeled Platoon (Rifle, Ballistic)",Mechanized Wheeled Platoon,"(Rifle, Ballistic)",21,Infantry,24,59,PS
2145,"Mechanized Wheeled Platoon (Rifle, Energy)",Mechanized Wheeled Platoon,"(Rifle, Energy)",21,Infantry,24,56,2405
2149,Mechanized Wheeled Platoon (SRM),Mechanized Wheeled Platoon,(SRM),21,Infantry,24,52,2370
7282,"Mechanized Wheeled Platoon, Marian (Flamer)","Mechanized Wheeled Platoon, Marian",(Flamer),21,Infantry,20,0,3010
7285,"Mechanized Wheeled Platoon, Marian (MG)","Mechanized Wheeled Platoon, Marian",(MG),21,Infantry,20,0,3010
7280,"Mechanized Wheeled Platoon, Marian (Rifle, Ballistic)","Mechanized Wheeled Platoon, Marian","(Rifle, Ballistic)",21,Infantry,20,0,3010
7281,"Mechanized Wheeled Platoon, Marian (Rifle, Energy)","Mechanized Wheeled Platoon, Marian","(Rifle, Energy)",21,Infantry,20,0,3010
7284,"Mechanized Wheeled Platoon, Marian (SRM)","Mechanized Wheeled Platoon, Marian",(SRM),21,Infantry,20,0,3010
7288,"Mechanized Wheeled Platoon, Marian 3049+ (Flamer)","Mechanized Wheeled Platoon, Marian 3049+",(Flamer),21,Infantry,20,0,3049
7289,"Mechanized Wheeled Platoon, Marian 3049+ (LRM)","Mechanized Wheeled Platoon, Marian 3049+",(LRM),21,Infantry,20,0,3057
7291,"Mechanized Wheeled Platoon, Marian 3049+ (MG)","Mechanized Wheeled Platoon, Marian 3049+",(MG),21,Infantry,20,0,3049
7286,"Mechanized Wheeled Platoon, Marian 3049+ (Rifle, Ballistic)","Mechanized Wheeled Platoon, Marian 3049+","(Rifle, Ballistic)",21,Infantry,20,0,3049
7287,"Mechanized Wheeled Platoon, Marian 3049+ (Rifle, Energy)","Mechanized Wheeled Platoon, Marian 3049+","(Rifle, Energy)",21,Infantry,20,0,3049
7290,"Mechanized Wheeled Platoon, Marian 3049+ (SRM)","Mechanized Wheeled Platoon, Marian 3049+",(SRM),21,Infantry,20,0,3049
9302,"Mechanized Wheeled Platoon, Taurian (Flamer)","Mechanized Wheeled Platoon, Taurian",(Flamer),21,Infantry,20,0,2335
9306,"Mechanized Wheeled Platoon, Taurian (LRM)","Mechanized Wheeled Platoon, Taurian",(LRM),21,Infantry,20,0,3057
9304,"Mechanized Wheeled Platoon, Taurian (MG)","Mechanized Wheeled Platoon, Taurian",(MG),21,Infantry,20,0,2335
9301,"Mechanized Wheeled Platoon, Taurian (Rifle, Ballistic)","Mechanized Wheeled Platoon, Taurian","(Rifle, Ballistic)",21,Infantry,20,0,2335
9303,"Mechanized Wheeled Platoon, Taurian (Rifle, Energy)","Mechanized Wheeled Platoon, Taurian","(Rifle, Energy)",21,Infantry,20,0,2405
9305,"Mechanized Wheeled Platoon, Taurian (SRM)","Mechanized Wheeled Platoon, Taurian",(SRM),21,Infantry,20,0,2370
2154,Mechbuster  ,Mechbuster, ,17,Aerospace,50,368,3023
2151,Mechbuster (LB-X),Mechbuster,(LB-X),17,Aerospace,50,492,3063
2150,Mechbuster (Laser),Mechbuster,(Laser),17,Aerospace,50,316,3024
2152,Mechbuster (Mary),Mechbuster,(Mary),17,Aerospace,50,469,3071
2153,Mechbuster (SRM),Mechbuster,(SRM),17,Aerospace,50,465,3024
2155,Medium Strike Fighter Crane,Medium Strike Fighter,Crane,17,Aerospace,25,274,2853
2156,Medium Strike Fighter Defender,Medium Strike Fighter,Defender,17,Aerospace,25,226,2701
2157,Medium Strike Fighter Defender II,Medium Strike Fighter,Defender II,17,Aerospace,25,234,3038
8013,Medium Strike Fighter Defender II C,Medium Strike Fighter,Defender II C,17,Aerospace,25,376,3142
2158,Medium Strike Fighter Kaiseradler (Imperial Eagle),Medium Strike Fighter,Kaiseradler (Imperial Eagle),17,Aerospace,25,186,2841
2159,Medium Strike Fighter Steinadler (Golden Eagle),Medium Strike Fighter,Steinadler (Golden Eagle),17,Aerospace,25,226,2720
4618,Medium/Large Factory  ,Medium/Large Factory, ,81,Advanced Aerospace,17000,0,2750
2160,Men Shen MS1-O,Men Shen,MS1-O,18,BattleMech,55,1550,3060
6981,Men Shen MS1-O (Li),Men Shen,MS1-O (Li),18,BattleMech,55,1550,3068
2161,Men Shen MS1-OA,Men Shen,MS1-OA,18,BattleMech,55,1529,3060
2162,Men Shen MS1-OB,Men Shen,MS1-OB,18,BattleMech,55,1484,3060
2163,Men Shen MS1-OC,Men Shen,MS1-OC,18,BattleMech,55,1435,3060
2164,Men Shen MS1-OD,Men Shen,MS1-OD,18,BattleMech,55,1581,3060
2165,Men Shen MS1-OE,Men Shen,MS1-OE,18,BattleMech,55,1625,3070
2166,Men Shen MS1-OF,Men Shen,MS1-OF,18,BattleMech,55,1648,3076
6894,Men Shen MS1-OG,Men Shen,MS1-OG,18,BattleMech,55,2267,3134
2167,Men Shen MS1-OU,Men Shen,MS1-OU,18,BattleMech,55,1725,3077
4621,Mercer (3065),Mercer,(3065),17,Aerospace,4500,18038,3065
4623,Merchant JumpShip  ,Merchant JumpShip, ,81,Advanced Aerospace,120000,0,2503
4622,Merchant JumpShip (Clan),Merchant JumpShip,(Clan),81,Advanced Aerospace,120000,0,Unknown
2173,Mercury II MCY-100,Mercury II,MCY-100,18,BattleMech,40,1376,2823
2169,Mercury MCY-102,Mercury,MCY-102,18,BattleMech,20,510,3067
2170,Mercury MCY-104,Mercury,MCY-104,18,BattleMech,20,683,3069
8305,Mercury MCY-105,Mercury,MCY-105,18,BattleMech,20,795,3092
2171,Mercury MCY-97,Mercury,MCY-97,18,BattleMech,20,466,3049
4624,Mercury MCY-98,Mercury,MCY-98,18,BattleMech,20,553,2810
2172,Mercury MCY-99,Mercury,MCY-99,18,BattleMech,20,586,2742
4626,Merkava Heavy Tank (Target Drone),Merkava Heavy Tank,(Target Drone),24,Support Vehicle,75,0,Unknown
4627,Merkava Heavy Tank Mk II,Merkava Heavy Tank,Mk II,24,Support Vehicle,75,0,2294
2174,Merkava Heavy Tank Mk IX,Merkava Heavy Tank,Mk IX,19,Combat Vehicle,75,1038,3073
2175,Merkava Heavy Tank Mk VI,Merkava Heavy Tank,Mk VI,24,Support Vehicle,75,477,2384
4628,Merkava Heavy Tank Mk VII,Merkava Heavy Tank,Mk VII,24,Support Vehicle,75,636,2435
2176,Merkava Heavy Tank Mk VIII,Merkava Heavy Tank,Mk VIII,19,Combat Vehicle,75,879,2465
4629,Merlin (3063),Merlin,(3063),17,Aerospace,2500,6989,3063
9319,Merlin C,Merlin,C,18,BattleMech,60,1870,3093
2177,Merlin MLN-1A,Merlin,MLN-1A,18,BattleMech,60,1217,3010
2178,Merlin MLN-1B,Merlin,MLN-1B,18,BattleMech,60,1228,3053
2179,Merlin MLN-1B (Porter),Merlin,MLN-1B (Porter),18,BattleMech,60,1233,3064
2180,Merlin MLN-1C,Merlin,MLN-1C,18,BattleMech,60,1267,3068
9316,Merlin MLN-1D,Merlin,MLN-1D,18,BattleMech,60,1370,3090
9317,Merlin MLN-1E,Merlin,MLN-1E,18,BattleMech,60,1369,3099
9318,Merlin MLN-1P,Merlin,MLN-1P,18,BattleMech,60,1181,3114
2181,Merlin MLN-SX,Merlin,MLN-SX,18,BattleMech,60,1181,3075
2182,Merlin Ngake,Merlin,Ngake,17,Aerospace,2500,6295,3078
4631,Meteos Manned Dirigible 1,Meteos Manned Dirigible,1,24,Support Vehicle,0,0,2898
4632,Meteos Manned Dirigible 8,Meteos Manned Dirigible,8,24,Support Vehicle,0,0,3041
4633,Meteos Manned Dirigible 9,Meteos Manned Dirigible,9,24,Support Vehicle,35,0,3067
4634,Meteos Manned Dirigible 9 (Sightseeing),Meteos Manned Dirigible,9 (Sightseeing),24,Support Vehicle,35,0,3067
4636,MicroTitan MiningMech,MicroTitan,MiningMech,20,IndustrialMech,0,0,2657
2183,Minelayer Infantry  ,Minelayer Infantry, ,21,Infantry,16,36,3065
2184,Minesweeper Infantry  ,Minesweeper Infantry, ,21,Infantry,6.5,74,2500
7473,Mingo  ,Mingo, ,17,Aerospace,5000,1290,2315
7805,Minigun Cycle  ,Minigun Cycle, ,24,Support Vehicle,0.35,18,2603
7806,Minigun Cycle (SRM),Minigun Cycle,(SRM),24,Support Vehicle,0.35,18,2603
4637,Mining Robot  ,Mining Robot, ,19,Combat Vehicle,25,0,2530
4638,MiningMech MM-1,MiningMech,MM-1,20,IndustrialMech,0,0,Unknown
4639,MiningMech MM-1S,MiningMech,MM-1S,20,IndustrialMech,0,0,Unknown
4640,Minion Advanced Tactical Vehicle  ,Minion Advanced Tactical Vehicle, ,19,Combat Vehicle,20,456,3064
2185,"Minion Advanced Tactical Vehicle ""Silver Bullet""",Minion Advanced Tactical Vehicle,"""Silver Bullet""",19,Combat Vehicle,20,560,3072
5725,"Minion Advanced Tactical Vehicle (Gauss) ""Sandblaster""",Minion Advanced Tactical Vehicle,"(Gauss) ""Sandblaster""",19,Combat Vehicle,20,512,3080
4641,Minion Advanced Tactical Vehicle (TAG),Minion Advanced Tactical Vehicle,(TAG),19,Combat Vehicle,20,456,3067
4642,Minion Advanced Tactical Vehicle (Targeting Computer),Minion Advanced Tactical Vehicle,(Targeting Computer),19,Combat Vehicle,20,508,3065
2186,Minotaur  ,Minotaur, ,23,Protomech,9,424,3059
2187,Minotaur 2,Minotaur,2,23,Protomech,9,168,3062
2188,Minotaur 3,Minotaur,3,23,Protomech,9,443,3064
2189,Minotaur 4,Minotaur,4,23,Protomech,9,188,3073
4643,Minotaur P2,Minotaur,P2,23,Protomech,9,267,3080
4644,Minotaur XP,Minotaur,XP,23,Protomech,9,276,3078
5633,Minotaur Z,Minotaur,Z,23,Protomech,9,295,3072
7640,Minsk  ,Minsk, ,18,BattleMech,70,2028,2862
7641,Minsk 2,Minsk,2,18,BattleMech,70,2363,3148
4645,Minsk MNK-101,Minsk,MNK-101,18,BattleMech,70,2024,2830
4646,Miraborg  ,Miraborg, ,17,Aerospace,9800,0,3053
2190,Missile Artillery Infantry  ,Missile Artillery Infantry, ,21,Infantry,40,173,2600
2193,Mithras Light Tank  ,Mithras Light Tank, ,19,Combat Vehicle,25,670,2845
2192,Mithras Light Tank (ERLL),Mithras Light Tank,(ERLL),19,Combat Vehicle,25,750,3075
2194,Mjolnir MLR-B2,Mjolnir,MLR-B2,18,BattleMech,25,670,3077
2195,Mjolnir MLR-BX,Mjolnir,MLR-BX,18,BattleMech,25,612,3078
2201,Mobile Headquarters  ,Mobile Headquarters, ,19,Combat Vehicle,25,319,2620
2196,Mobile Headquarters (ICE - LL),Mobile Headquarters,(ICE - LL),19,Combat Vehicle,25,249,2850
2197,Mobile Headquarters (ICE - LRM),Mobile Headquarters,(ICE - LRM),19,Combat Vehicle,25,387,2850
2198,Mobile Headquarters (ICE),Mobile Headquarters,(ICE),19,Combat Vehicle,25,319,2850
2199,Mobile Headquarters (LL),Mobile Headquarters,(LL),19,Combat Vehicle,25,435,2620
2200,Mobile Headquarters (LRM),Mobile Headquarters,(LRM),19,Combat Vehicle,25,402,2620
2203,Mobile Long Tom Artillery Ammunition Carriage LT-MOB-25,Mobile Long Tom Artillery Ammunition Carriage,LT-MOB-25,19,Combat Vehicle,10,152,2602
2202,Mobile Long Tom Artillery LT-MOB-25,Mobile Long Tom Artillery,LT-MOB-25,19,Combat Vehicle,75,835,2602
9365,Mobile Long Tom Artillery LT-MOB-25F,Mobile Long Tom Artillery,LT-MOB-25F,19,Combat Vehicle,65,726,2695
9366,Mobile Long Tom Artillery LT-MOB-25F (Ammunition  Loader Carriage),Mobile Long Tom Artillery,LT-MOB-25F (Ammunition  Loader Carriage),19,Combat Vehicle,10,148,2695
9367,Mobile Long Tom Artillery LT-MOB-25F (Ammunition Carriage),Mobile Long Tom Artillery,LT-MOB-25F (Ammunition Carriage),19,Combat Vehicle,10,148,2695
9368,Mobile Long Tom Artillery LT-MOB-25F (Drone Command Carriage),Mobile Long Tom Artillery,LT-MOB-25F (Drone Command Carriage),19,Combat Vehicle,10,148,2695
9369,Mobile Long Tom Artillery LT-MOB-25F (Support Carriage),Mobile Long Tom Artillery,LT-MOB-25F (Support Carriage),19,Combat Vehicle,10,148,2695
4648,Mobile Long Tom Artillery LT-MOB-50,Mobile Long Tom Artillery,LT-MOB-50,79,Advanced Support,95,0,Unknown
8044,Mobile Long Tom Artillery LT-MOB-95,Mobile Long Tom Artillery,LT-MOB-95,19,Combat Vehicle,95,1348,3097
2204,Mobile Long Tom Artillery Support Carriage LT-MOB-25,Mobile Long Tom Artillery Support Carriage,LT-MOB-25,19,Combat Vehicle,10,152,2602
4649,"Model 96 ""Elephant""  ","Model 96 ""Elephant""", ,17,Aerospace,15000,12887,2652
4650,"Model 96 ""Elephant"" Mk I","Model 96 ""Elephant""",Mk I,17,Aerospace,15000,10750,2600
7149,Model 96C “Howdah” SDS Command Ship,Model 96C,“Howdah” SDS Command Ship,17,Aerospace,15000,10750,2695
4652,Mole Mining Exoskeleton  ,Mole Mining Exoskeleton, ,21,Infantry,0,0,3052
3904,MoleRat Tracked Sub-Surface Miner  ,MoleRat Tracked Sub-Surface Miner, ,24,Support Vehicle,0,0,2190
4653,Molniya Corvette  ,Molniya Corvette, ,81,Advanced Aerospace,240000,40030,2951
2205,Moltke MBT M1,Moltke MBT,M1,19,Combat Vehicle,75,1355,3076
2206,Moltke MBT M2,Moltke MBT,M2,19,Combat Vehicle,75,1363,3077
2207,Moltke MBT M3,Moltke MBT,M3,19,Combat Vehicle,75,1438,3080
4654,Monarch  ,Monarch, ,17,Aerospace,5000,0,2759
7603,Mongoose C,Mongoose,C,18,BattleMech,25,1386,2833
7604,Mongoose C 2,Mongoose,C 2,18,BattleMech,25,1620,2860
7318,Mongoose Gunslinger MON-66GX,Mongoose,Gunslinger MON-66GX,18,BattleMech,25,887,2766
2216,Mongoose II MON-266,Mongoose II,MON-266,18,BattleMech,40,1085,3073
2217,Mongoose II MON-267,Mongoose II,MON-267,18,BattleMech,40,1237,3073
2218,Mongoose II MON-268,Mongoose II,MON-268,18,BattleMech,40,1215,3076
2208,Mongoose MON-66,Mongoose,MON-66,18,BattleMech,25,758,2660
2209,Mongoose MON-66b,Mongoose,MON-66b,18,BattleMech,25,934,2740
2210,Mongoose MON-67,Mongoose,MON-67,18,BattleMech,25,741,2830
4655,Mongoose MON-68,Mongoose,MON-68,18,BattleMech,25,676,3039
4656,Mongoose MON-69,Mongoose,MON-69,18,BattleMech,25,737,2819
2213,Mongoose MON-70,Mongoose,MON-70,18,BattleMech,25,750,2819
2214,Mongoose MON-76,Mongoose,MON-76,18,BattleMech,25,894,3077
2215,Mongoose MON-86,Mongoose,MON-86,18,BattleMech,25,887,3078
7724,Mongoose MON-96,Mongoose,MON-96,18,BattleMech,25,1011,3129
6618,Mongrel MGL-T1,Mongrel,MGL-T1,18,BattleMech,50,1860,3092
6619,Mongrel MGL-T2,Mongrel,MGL-T2,18,BattleMech,50,1949,3108
5859,Monitor  ,Monitor, ,81,Advanced Aerospace,0,0,2683
2219,Monitor Naval Vessel  ,Monitor Naval Vessel, ,19,Combat Vehicle,75,799,2910
7804,Monocycle  ,Monocycle, ,24,Support Vehicle,0.75,74,3068
4658,Monolith JumpShip  ,Monolith JumpShip, ,81,Advanced Aerospace,430000,0,2776
4657,Monolith JumpShip (Clan),Monolith JumpShip,(Clan),81,Advanced Aerospace,430000,0,Unknown
4660,Monsoon Battleship  ,Monsoon Battleship, ,81,Advanced Aerospace,1310000,0,2368
4659,Monsoon Battleship (Lithium-Fusion),Monsoon Battleship,(Lithium-Fusion),81,Advanced Aerospace,1310000,0,2574
4661,Monza Light Cruise Liner 102,Monza Light Cruise Liner,102,24,Support Vehicle,0,0,3067
4663,Moray Heavy Attack Submarine  ,Moray Heavy Attack Submarine, ,24,Support Vehicle,140,0,3072
4662,Moray Heavy Attack Submarine (Original),Moray Heavy Attack Submarine,(Original),24,Support Vehicle,140,0,2635
4664,Moray Railcar (Cargo 1),Moray Railcar,(Cargo 1),79,Advanced Support,150,0,2687
4665,Moray Railcar (Cargo 2),Moray Railcar,(Cargo 2),79,Advanced Support,150,0,2687
4666,Moray Railcar (Passenger),Moray Railcar,(Passenger),79,Advanced Support,150,0,2687
4667,Moray Transfer Monorail  ,Moray Transfer Monorail, ,79,Advanced Support,300,0,2687
2220,Morgenstern MR-1S,Morgenstern,MR-1S,17,Aerospace,70,1658,3086
2221,Morgenstern MR-1SA,Morgenstern,MR-1SA,17,Aerospace,70,2012,3086
2222,Morgenstern MR-1SB,Morgenstern,MR-1SB,17,Aerospace,70,1967,3086
2223,Morgenstern MR-1SC,Morgenstern,MR-1SC,17,Aerospace,70,1863,3086
2224,Morgenstern MR-1SD,Morgenstern,MR-1SD,17,Aerospace,70,1722,3086
6812,Morgenstern MR-1SE,Morgenstern,MR-1SE,17,Aerospace,70,1840,3134
4671,Morningstar City Command Vehicle  ,Morningstar City Command Vehicle, ,19,Combat Vehicle,60,736,3065
4669,Morningstar City Command Vehicle (Company Command),Morningstar City Command Vehicle,(Company Command),19,Combat Vehicle,60,680,3068
5733,Morningstar City Command Vehicle (HPG),Morningstar City Command Vehicle,(HPG),19,Combat Vehicle,60,458,3076
4670,Morningstar City Command Vehicle (Laser),Morningstar City Command Vehicle,(Laser),19,Combat Vehicle,60,940,3065
4672,"Morpheus ""L'Morte II""",Morpheus,"""L'Morte II""",18,BattleMech,65,0,3067
2225,Morpheus MR-P1,Morpheus,MR-P1,18,BattleMech,65,1340,3051
2226,Morpheus MRP-3S,Morpheus,MRP-3S,18,BattleMech,65,1437,3062
2227,Morpheus MRP-3T,Morpheus,MRP-3T,18,BattleMech,65,1925,3064
2228,Morpheus MRP-3W,Morpheus,MRP-3W,18,BattleMech,65,1299,3066
2231,Morrigan  ,Morrigan, ,18,BattleMech,35,1523,3083
2229,Morrigan 2,Morrigan,2,18,BattleMech,35,1874,3084
2230,Morrigan 3,Morrigan,3,18,BattleMech,35,1390,3085
6927,Morrigan 4,Morrigan,4,18,BattleMech,35,2063,3111
6926,Morrigan 5,Morrigan,5,18,BattleMech,35,1904,3124
4674,Morrigu Fire Support Vehicle  ,Morrigu Fire Support Vehicle, ,19,Combat Vehicle,80,1685,3064
5738,Morrigu Fire Support Vehicle (HAG),Morrigu Fire Support Vehicle,(HAG),19,Combat Vehicle,80,2059,3083
4673,Morrigu Fire Support Vehicle (Laser),Morrigu Fire Support Vehicle,(Laser),19,Combat Vehicle,80,1324,3067
6793,Mortar Carrier  ,Mortar Carrier, ,19,Combat Vehicle,60,517,3083
6466,Mortis MS-1A,Mortis,MS-1A,18,BattleMech,75,1834,3109
6467,Mortis MS-1P,Mortis,MS-1P,18,BattleMech,75,2198,3122
5591,Mosquito Light Fighter  ,Mosquito Light Fighter, ,24,Support Vehicle,20,0,2302
4675,Mosquito Radar Plane I,Mosquito Radar Plane,I,24,Support Vehicle,75,0,ES
4676,Mosquito Radar Plane IX,Mosquito Radar Plane,IX,24,Support Vehicle,75,0,3064
5519,Mosquito Tower  ,Mosquito Tower, ,97,Building,150,0,Unknown
8409,Motorized Field Artillery (Sniper),Motorized Field Artillery,(Sniper),21,Infantry,23,0,2500
2232,Motorized Heavy Infantry  ,Motorized Heavy Infantry, ,21,Infantry,6,91,2500
2233,Motorized Infantry  ,Motorized Infantry, ,21,Infantry,6,80,2830
7119,Motorized Level I (1/2) (Flamer),Motorized Level I,(1/2) (Flamer),21,Infantry,4,0,2933
7121,Motorized Level I (1/2) (LRM),Motorized Level I,(1/2) (LRM),21,Infantry,4,0,3057
7122,Motorized Level I (1/2) (MG),Motorized Level I,(1/2) (MG),21,Infantry,4,0,2933
7118,"Motorized Level I (1/2) (Rifle, Ballistic)",Motorized Level I,"(1/2) (Rifle, Ballistic)",21,Infantry,4,0,2933
7120,"Motorized Level I (1/2) (Rifle, Energy)",Motorized Level I,"(1/2) (Rifle, Energy)",21,Infantry,4,0,2933
7123,Motorized Level I (1/2) (SRM),Motorized Level I,(1/2) (SRM),21,Infantry,4,0,2933
2234,Motorized MG  ,Motorized MG, ,21,Infantry,6,83,2500
7132,Motorized Platoon (FS3067+) (Flamer),Motorized Platoon (FS3067+),(Flamer),21,Infantry,6,0,3067
7134,Motorized Platoon (FS3067+) (LRM),Motorized Platoon (FS3067+),(LRM),21,Infantry,6,0,3067
7135,Motorized Platoon (FS3067+) (MG),Motorized Platoon (FS3067+),(MG),21,Infantry,6,0,3067
7131,"Motorized Platoon (FS3067+) (Rifle, Ballistic)",Motorized Platoon (FS3067+),"(Rifle, Ballistic)",21,Infantry,6,0,3067
7133,"Motorized Platoon (FS3067+) (Rifle, Energy)",Motorized Platoon (FS3067+),"(Rifle, Energy)",21,Infantry,6,0,3067
7136,Motorized Platoon (FS3067+) (SRM),Motorized Platoon (FS3067+),(SRM),21,Infantry,6,0,3067
7138,Motorized Platoon (FW3035+) (Flamer),Motorized Platoon (FW3035+),(Flamer),21,Infantry,6,0,3035
7140,Motorized Platoon (FW3035+) (LRM),Motorized Platoon (FW3035+),(LRM),21,Infantry,6,0,3057
7141,Motorized Platoon (FW3035+) (MG),Motorized Platoon (FW3035+),(MG),21,Infantry,6,0,3035
7137,"Motorized Platoon (FW3035+) (Rifle, Ballistic)",Motorized Platoon (FW3035+),"(Rifle, Ballistic)",21,Infantry,6,0,3035
7139,"Motorized Platoon (FW3035+) (Rifle, Energy)",Motorized Platoon (FW3035+),"(Rifle, Energy)",21,Infantry,6,0,3035
7142,Motorized Platoon (FW3035+) (SRM),Motorized Platoon (FW3035+),(SRM),21,Infantry,6,0,3035
7126,Motorized Platoon (FedCom) (Flamer),Motorized Platoon (FedCom),(Flamer),21,Infantry,6,0,3030
7128,Motorized Platoon (FedCom) (LRM),Motorized Platoon (FedCom),(LRM),21,Infantry,6,0,3057
7129,Motorized Platoon (FedCom) (MG),Motorized Platoon (FedCom),(MG),21,Infantry,6,0,3030
7125,"Motorized Platoon (FedCom) (Rifle, Ballistic)",Motorized Platoon (FedCom),"(Rifle, Ballistic)",21,Infantry,6,0,3030
7127,"Motorized Platoon (FedCom) (Rifle, Energy)",Motorized Platoon (FedCom),"(Rifle, Energy)",21,Infantry,6,0,3030
7130,Motorized Platoon (FedCom) (SRM),Motorized Platoon (FedCom),(SRM),21,Infantry,6,0,3030
2235,Motorized Platoon (Flamer),Motorized Platoon,(Flamer),21,Infantry,6,71,2025
4677,Motorized Platoon (Gauss),Motorized Platoon,(Gauss),21,Infantry,6,0,3062
2237,Motorized Platoon (LRM),Motorized Platoon,(LRM),21,Infantry,6,72,3057
2238,Motorized Platoon (MG),Motorized Platoon,(MG),21,Infantry,6,83,PS
4678,Motorized Platoon (Rifle AA),Motorized Platoon,(Rifle AA),21,Infantry,6,101,3067
4679,Motorized Platoon (Rifle Minelayer),Motorized Platoon,(Rifle Minelayer),21,Infantry,6,0,PS
7124,"Motorized Platoon (Rifle, Ballistic)",Motorized Platoon,"(Rifle, Ballistic)",21,Infantry,6,92,PS
2236,"Motorized Platoon (Rifle, Energy)",Motorized Platoon,"(Rifle, Energy)",21,Infantry,6,86,2405
2240,Motorized Platoon (SRM),Motorized Platoon,(SRM),21,Infantry,6,79,2370
7258,"Motorized Platoon, Marian (1/4) (Flamer)","Motorized Platoon, Marian",(1/4) (Flamer),21,Infantry,5,0,3010
7261,"Motorized Platoon, Marian (1/4) (MG)","Motorized Platoon, Marian",(1/4) (MG),21,Infantry,5,0,3010
7256,"Motorized Platoon, Marian (1/4) (Rifle, Ballistic)","Motorized Platoon, Marian","(1/4) (Rifle, Ballistic)",21,Infantry,5,0,3010
7257,"Motorized Platoon, Marian (1/4) (Rifle, Energy)","Motorized Platoon, Marian","(1/4) (Rifle, Energy)",21,Infantry,5,0,3010
7260,"Motorized Platoon, Marian (1/4) (SRM)","Motorized Platoon, Marian",(1/4) (SRM),21,Infantry,5,0,3010
7264,"Motorized Platoon, Marian 3049+ (1/4) (Flamers)","Motorized Platoon, Marian 3049+",(1/4) (Flamers),21,Infantry,5,0,3049
7265,"Motorized Platoon, Marian 3049+ (1/4) (LRM)","Motorized Platoon, Marian 3049+",(1/4) (LRM),21,Infantry,5,0,3057
7267,"Motorized Platoon, Marian 3049+ (1/4) (MG)","Motorized Platoon, Marian 3049+",(1/4) (MG),21,Infantry,5,0,3049
7262,"Motorized Platoon, Marian 3049+ (1/4) (Rifle, Ballistic)","Motorized Platoon, Marian 3049+","(1/4) (Rifle, Ballistic)",21,Infantry,5,0,3049
7263,"Motorized Platoon, Marian 3049+ (1/4) (Rifle, Energy)","Motorized Platoon, Marian 3049+","(1/4) (Rifle, Energy)",21,Infantry,5,0,3049
7266,"Motorized Platoon, Marian 3049+ (1/4) (SRM)","Motorized Platoon, Marian 3049+",(1/4) (SRM),21,Infantry,5,0,3049
9282,"Motorized Platoon, Taurian (Flamer)","Motorized Platoon, Taurian",(Flamer),21,Infantry,7,79,2335
9284,"Motorized Platoon, Taurian (LRM)","Motorized Platoon, Taurian",(LRM),21,Infantry,6,97,3057
9285,"Motorized Platoon, Taurian (MG)","Motorized Platoon, Taurian",(MG),21,Infantry,7,88,2335
9286,"Motorized Platoon, Taurian (Rifle, Ballistic)","Motorized Platoon, Taurian","(Rifle, Ballistic)",21,Infantry,7,98,2335
9283,"Motorized Platoon, Taurian (Rifle, Energy)","Motorized Platoon, Taurian","(Rifle, Energy)",21,Infantry,7,92,2405
9287,"Motorized Platoon, Taurian (SRM)","Motorized Platoon, Taurian",(SRM),21,Infantry,7,94,2370
2241,Motorized XCT Infantry  ,Motorized XCT Infantry, ,21,Infantry,4,85,3058
2242,Mountaineer Infantry  ,Mountaineer Infantry, ,21,Infantry,2,81,3064
4220,MuckRaker GMMM-2 MiningMech,MuckRaker,GMMM-2 MiningMech,20,IndustrialMech,70,709,2737
7827,MuckRaker GMMM-2M MiningMech MOD,MuckRaker,GMMM-2M MiningMech MOD,20,IndustrialMech,70,1001,3100
7828,MuckRaker GMMM-2M-B MiningMech MOD,MuckRaker,GMMM-2M-B MiningMech MOD,20,IndustrialMech,70,815,3133
4684,Mule  ,Mule, ,17,Aerospace,11200,0,2737
4685,"Mule Armored ""Pocket WarShip"" ",Mule,"Armored ""Pocket WarShip"" ",17,Aerospace,11200,0,3069
5496,Mule Bounty Hunter,Mule,Bounty Hunter,17,Aerospace,11200,0,3064
4686,"Mule Star League ""Pocket WarShip""",Mule,"Star League ""Pocket WarShip""",17,Aerospace,11200,10330,2756
4688,Musketeer Hover Tank  ,Musketeer Hover Tank, ,19,Combat Vehicle,50,1120,3065
5731,Musketeer Hover Tank (3080 Upgrade),Musketeer Hover Tank,(3080 Upgrade),19,Combat Vehicle,50,1114,3080
4687,Musketeer Hover Tank (Armor),Musketeer Hover Tank,(Armor),19,Combat Vehicle,50,897,3068
7192,Mustang Fighter  ,Mustang Fighter, ,24,Support Vehicle,80,661,2463
2245,Myrmidon Medium Tank  ,Myrmidon Medium Tank, ,19,Combat Vehicle,40,815,3060
4689,Myrmidon Medium Tank (Anti-Infantry),Myrmidon Medium Tank,(Anti-Infantry),19,Combat Vehicle,40,749,3080
4690,Myrmidon Medium Tank P (Tate),Myrmidon Medium Tank,P (Tate),19,Combat Vehicle,40,780,3069
2246,Myrmidon Medium Tank Type 2,Myrmidon Medium Tank,Type 2,19,Combat Vehicle,40,984,3075
4680,Mótuö Chë Shang No.2,Mótuö Chë Shang,No.2,24,Support Vehicle,0.32,0,2469
4681,Mówáng-class Courier  ,Mówáng-class Courier, ,17,Aerospace,100,0,2835
5790,Mówáng-class Courier (Clandestine),Mówáng-class Courier,(Clandestine),17,Aerospace,100,272,3073
4620,Mĕngqín MNG-8L,Mĕngqín,MNG-8L,17,Aerospace,95,2298,3081
4695,NAIS Power Suit  ,NAIS Power Suit, ,21,Infantry,0,0,3050
6244,Nacon Armored Scout  ,Nacon Armored Scout, ,19,Combat Vehicle,20,690,3096
2247,Naga A,Naga,A,18,BattleMech,80,1988,2869
2248,Naga B,Naga,B,18,BattleMech,80,2021,2869
2249,Naga C,Naga,C,18,BattleMech,80,1805,2869
2250,Naga D,Naga,D,18,BattleMech,80,1860,2869
4693,Naga Destroyer  ,Naga Destroyer, ,81,Advanced Aerospace,540000,0,2645
9323,Naga II A,Naga II,A,18,BattleMech,80,2160,2866
9324,Naga II B,Naga II,B,18,BattleMech,80,2347,2866
9325,Naga II C,Naga II,C,18,BattleMech,80,2177,2866
9326,Naga II H,Naga II,H,18,BattleMech,80,2284,3059
9322,Naga II Prime,Naga II,Prime,18,BattleMech,80,1840,2866
9327,Naga II W,Naga II,W,18,BattleMech,80,2655,3138
2251,Naga Prime,Naga,Prime,18,BattleMech,80,1840,2869
9578,Naga T,Naga,T,18,BattleMech,80,1885,3142
6580,Nagasawa DropShip  ,Nagasawa DropShip, ,17,Aerospace,3000,22644,3115
2252,Naginata NG-C3A,Naginata,NG-C3A,18,BattleMech,95,1954,3055
2253,Naginata NG-C3Ar,Naginata,NG-C3Ar,18,BattleMech,95,1879,3076
2254,Naginata NG-C3B,Naginata,NG-C3B,18,BattleMech,95,1943,3063
2255,Naginata NG-C3C,Naginata,NG-C3C,18,BattleMech,95,2131,3066
7621,Naja  ,Naja, ,18,BattleMech,55,1880,2826
7622,Naja KTO-19b-EC,Naja,KTO-19b-EC,18,BattleMech,55,1557,2824
6990,Narukami Destroyer (Block I),Narukami Destroyer,(Block I),81,Advanced Aerospace,670000,130988,2380
6991,Narukami Destroyer (Block II),Narukami Destroyer,(Block II),81,Advanced Aerospace,670000,134418,2770
6388,Narukami Heavy Tank NK-1C,Narukami Heavy Tank,NK-1C,19,Combat Vehicle,90,1719,3097
6389,Narukami Heavy Tank NK-BC3,Narukami Heavy Tank,NK-BC3,19,Combat Vehicle,90,1859,3108
6513,Neanderthal NTL-AG,Neanderthal,NTL-AG,18,BattleMech,80,2024,3128
6514,Neanderthal NTL-UG,Neanderthal,NTL-UG,18,BattleMech,80,1817,3124
4699,Nekohono'o  ,Nekohono'o, ,17,Aerospace,16000,31231,3065
4698,Nekohono'o (HQ),Nekohono'o,(HQ),17,Aerospace,16000,37581,3077
4700,Nephilim Assault Battle Armor (Capture Team) [HMG] (Sqd4),Nephilim Assault Battle Armor (Capture Team),[HMG] (Sqd4),21,Infantry,2,383,3075
8645,Nephilim Assault Battle Armor (Capture Team) [HMG] (Sqd5),Nephilim Assault Battle Armor (Capture Team),[HMG] (Sqd5),21,Infantry,2,516,3075
9009,Nephilim Assault Battle Armor (Capture Team) [HMG] (Sqd6),Nephilim Assault Battle Armor (Capture Team),[HMG] (Sqd6),21,Infantry,2,663,3075
4702,Nephilim Assault Battle Armor (Gauss) (Sqd4),Nephilim Assault Battle Armor (Gauss),(Sqd4),21,Infantry,2,424,3071
8646,Nephilim Assault Battle Armor (Gauss) (Sqd5),Nephilim Assault Battle Armor (Gauss),(Sqd5),21,Infantry,2,570,3071
9010,Nephilim Assault Battle Armor (Gauss) (Sqd6),Nephilim Assault Battle Armor (Gauss),(Sqd6),21,Infantry,2,733,3071
4703,Nephilim Assault Battle Armor (Narc) (Sqd4),Nephilim Assault Battle Armor (Narc),(Sqd4),21,Infantry,2,410,3075
8647,Nephilim Assault Battle Armor (Narc) (Sqd5),Nephilim Assault Battle Armor (Narc),(Sqd5),21,Infantry,2,522,3075
9011,Nephilim Assault Battle Armor (Narc) (Sqd6),Nephilim Assault Battle Armor (Narc),(Sqd6),21,Infantry,2,710,3075
4704,Nephilim Assault Battle Armor (Seeker) [MG] (Sqd4),Nephilim Assault Battle Armor (Seeker),[MG] (Sqd4),21,Infantry,2,425,3071
8648,Nephilim Assault Battle Armor (Seeker) [MG] (Sqd5),Nephilim Assault Battle Armor (Seeker),[MG] (Sqd5),21,Infantry,2,572,3071
9012,Nephilim Assault Battle Armor (Seeker) [MG] (Sqd6),Nephilim Assault Battle Armor (Seeker),[MG] (Sqd6),21,Infantry,2,736,3071
4706,Nephilim Assault Battle Armor (Support) (Sqd4),Nephilim Assault Battle Armor (Support),(Sqd4),21,Infantry,2,363,3075
8649,Nephilim Assault Battle Armor (Support) (Sqd5),Nephilim Assault Battle Armor (Support),(Sqd5),21,Infantry,2,488,3075
9013,Nephilim Assault Battle Armor (Support) (Sqd6),Nephilim Assault Battle Armor (Support),(Sqd6),21,Infantry,2,628,3075
4707,Nephilim Assault Battle Armor [Plasma] (Sqd4),Nephilim Assault Battle Armor,[Plasma] (Sqd4),21,Infantry,2,336,3071
8650,Nephilim Assault Battle Armor [Plasma] (Sqd5),Nephilim Assault Battle Armor,[Plasma] (Sqd5),21,Infantry,2,493,3071
9014,Nephilim Assault Battle Armor [Plasma] (Sqd6),Nephilim Assault Battle Armor,[Plasma] (Sqd6),21,Infantry,2,634,3071
5851,Neptune Hyper  ,Neptune Hyper, ,19,Combat Vehicle,100,0,3031
4711,Neptune Submarine  ,Neptune Submarine, ,19,Combat Vehicle,100,963,2950
2258,Neptune Submarine (Hunter-Killer),Neptune Submarine,(Hunter-Killer),19,Combat Vehicle,100,948,3024
4709,Neptune Submarine (LRT),Neptune Submarine,(LRT),19,Combat Vehicle,100,1104,2971
4710,Neptune Submarine (SRT),Neptune Submarine,(SRT),19,Combat Vehicle,100,1337,2955
4712,New Syrtis Carrier (2557),New Syrtis Carrier,(2557),81,Advanced Aerospace,920000,84483,2557
4714,Newgrange III YardShip  ,Newgrange III YardShip, ,81,Advanced Aerospace,2300000,0,2600
4713,"Newgrange III YardShip ""Eyrines""",Newgrange III YardShip,"""Eyrines""",81,Advanced Aerospace,2300000,0,Unknown
2261,Nexus II NXS2-A,Nexus II,NXS2-A,18,BattleMech,25,702,3066
2262,Nexus II NXS2-B,Nexus II,NXS2-B,18,BattleMech,25,717,3067
2259,Nexus NXS1-A,Nexus,NXS1-A,18,BattleMech,25,643,3054
2260,Nexus NXS1-B,Nexus,NXS1-B,18,BattleMech,25,715,3062
8412,Nexus NXS1-C,Nexus,NXS1-C,18,BattleMech,25,804,3140
4716,Nifty Transportable Field Repair Unit  ,Nifty Transportable Field Repair Unit, ,24,Support Vehicle,0,226,3071
9233,Night Chanter A,Night Chanter,A,18,BattleMech,45,1604,2865
9232,Night Chanter Prime,Night Chanter,Prime,18,BattleMech,45,1645,2865
2263,Night Gyr A,Night Gyr,A,18,BattleMech,75,2680,3052
2264,Night Gyr B,Night Gyr,B,18,BattleMech,75,2140,3052
2265,Night Gyr C,Night Gyr,C,18,BattleMech,75,2468,3052
2266,Night Gyr D,Night Gyr,D,18,BattleMech,75,2889,3052
2267,Night Gyr E,Night Gyr,E,18,BattleMech,75,2717,3061
2268,Night Gyr F,Night Gyr,F,18,BattleMech,75,2958,3069
8399,Night Gyr G,Night Gyr,G,18,BattleMech,75,3069,3144
2269,Night Gyr H,Night Gyr,H,18,BattleMech,75,2428,3062
2270,Night Gyr Prime,Night Gyr,Prime,18,BattleMech,75,2830,3052
8398,Night Gyr T,Night Gyr,T,18,BattleMech,75,2767,3142
8400,Night Gyr X,Night Gyr,X,18,BattleMech,75,2781,3074
7924,Night Hawk NTK-2P,Night Hawk,NTK-2P,18,BattleMech,35,0,2853
2271,Night Hawk NTK-2Q,Night Hawk,NTK-2Q,18,BattleMech,35,997,2656
7676,Night Hawk NTK-2Q-EC,Night Hawk,NTK-2Q-EC,18,BattleMech,35,1041,2819
2272,Night Hawk NTK-2S,Night Hawk,NTK-2S,18,BattleMech,35,1017,3059
6718,Night Stalker NSR-K1,Night Stalker,NSR-K1,18,BattleMech,40,1149,3134
6674,Night Stalker NSR-K3,Night Stalker,NSR-K3,18,BattleMech,40,1028,3135
6719,Night Stalker NSR-K4,Night Stalker,NSR-K4,18,BattleMech,40,1159,3136
6720,Night Stalker NSR-K7,Night Stalker,NSR-K7,18,BattleMech,40,857,3136
6721,Night Stalker NSR-KC,Night Stalker,NSR-KC,18,BattleMech,40,1037,3136
2273,Night Wolf,Night Wolf,,18,BattleMech,90,2878,3084
4718,Nighthawk PA(L) Mk. XXI (Sqd4),Nighthawk PA(L),Mk. XXI (Sqd4),21,Infantry,0.4,55,2720
8651,Nighthawk PA(L) Mk. XXI (Sqd5),Nighthawk PA(L),Mk. XXI (Sqd5),21,Infantry,0.4,74,2720
9015,Nighthawk PA(L) Mk. XXI (Sqd6),Nighthawk PA(L),Mk. XXI (Sqd6),21,Infantry,0.4,95,2720
4719,Nighthawk PA(L) Mk. XXII (Sqd4),Nighthawk PA(L),Mk. XXII (Sqd4),21,Infantry,0.4,63,2749
8652,Nighthawk PA(L) Mk. XXII (Sqd5),Nighthawk PA(L),Mk. XXII (Sqd5),21,Infantry,0.4,85,2749
9016,Nighthawk PA(L) Mk. XXII (Sqd6),Nighthawk PA(L),Mk. XXII (Sqd6),21,Infantry,0.4,109,2749
4721,Nighthawk PA(L) Mk. XXX (Bounty Hunter) (Sqd4),Nighthawk PA(L),Mk. XXX (Bounty Hunter) (Sqd4),21,Infantry,0.4,37,2957
8654,Nighthawk PA(L) Mk. XXX (Bounty Hunter) (Sqd5),Nighthawk PA(L),Mk. XXX (Bounty Hunter) (Sqd5),21,Infantry,0.4,50,2957
9018,Nighthawk PA(L) Mk. XXX (Bounty Hunter) (Sqd6),Nighthawk PA(L),Mk. XXX (Bounty Hunter) (Sqd6),21,Infantry,0.4,65,2957
4720,Nighthawk PA(L) Mk. XXX (Sqd4),Nighthawk PA(L),Mk. XXX (Sqd4),21,Infantry,0.4,47,2744
8653,Nighthawk PA(L) Mk. XXX (Sqd5),Nighthawk PA(L),Mk. XXX (Sqd5),21,Infantry,0.4,63,2744
9017,Nighthawk PA(L) Mk. XXX (Sqd6),Nighthawk PA(L),Mk. XXX (Sqd6),21,Infantry,0.4,81,2744
4722,Nightlord Battleship  ,Nightlord Battleship, ,81,Advanced Aerospace,1200000,0,2932
2278,Nightshade ECM VTOL  ,Nightshade ECM VTOL, ,19,Combat Vehicle,25,367,2597
2274,Nightshade ECM VTOL (Armor),Nightshade ECM VTOL,(Armor),19,Combat Vehicle,25,344,2820
2275,Nightshade ECM VTOL (LAC),Nightshade ECM VTOL,(LAC),19,Combat Vehicle,25,325,3070
2276,Nightshade ECM VTOL (Light PPC),Nightshade ECM VTOL,(Light PPC),19,Combat Vehicle,25,490,3069
2277,Nightshade ECM VTOL (Royal),Nightshade ECM VTOL,(Royal),19,Combat Vehicle,25,631,2717
2279,Nightsky NGS-4S,Nightsky,NGS-4S,18,BattleMech,50,1159,3053
2280,Nightsky NGS-4T,Nightsky,NGS-4T,18,BattleMech,50,1287,3056
2281,Nightsky NGS-5S,Nightsky,NGS-5S,18,BattleMech,50,1045,3056
2282,Nightsky NGS-5T,Nightsky,NGS-5T,18,BattleMech,50,1356,3057
2283,Nightsky NGS-6S,Nightsky,NGS-6S,18,BattleMech,50,1474,3066
2284,Nightsky NGS-6T,Nightsky,NGS-6T,18,BattleMech,50,1462,3067
9352,Nightsky NGS-7S,Nightsky,NGS-7S,18,BattleMech,50,1591,3142
7539,Nightstar NSR-10D,Nightstar,NSR-10D,18,BattleMech,95,2539,3144
2285,Nightstar NSR-9FC,Nightstar,NSR-9FC,18,BattleMech,95,1929,3057
2286,Nightstar NSR-9J,Nightstar,NSR-9J,18,BattleMech,95,2399,2767
4723,Nightstar NSR-9J (Brubaker),Nightstar,NSR-9J (Brubaker),18,BattleMech,95,2838,3057
7619,Nightstar NSR-9J (Holt),Nightstar,NSR-9J (Holt),18,BattleMech,95,3433,3063
2287,Nightstar NSR-9SS,Nightstar,NSR-9SS,18,BattleMech,95,2145,3065
4724,Nightwing Surveillance  ,Nightwing Surveillance, ,81,Advanced Aerospace,100000,0,2447
4725,Nike Air Defense Platform  ,Nike Air Defense Platform, ,24,Support Vehicle,90,688,3079
4726,Ninja-To NJT-2,Ninja-To,NJT-2,18,BattleMech,65,1527,3062
4727,Ninja-To NJT-3,Ninja-To,NJT-3,18,BattleMech,65,1605,3068
5687,Ninja-To NJT-4,Ninja-To,NJT-4,18,BattleMech,65,1762,3075
2288,Nishikigoi Support Aircraft,Nishikigoi Support Aircraft,,24,Support Vehicle,240,1524,3071
6438,Nisos Attack WiGE  ,Nisos Attack WiGE, ,19,Combat Vehicle,35,1090,3122
6439,Nisos Attack WiGE (Support),Nisos Attack WiGE,(Support),19,Combat Vehicle,35,1010,3123
4730,No-Dachi NDA-1K,No-Dachi,NDA-1K,18,BattleMech,70,1708,3058
8215,No-Dachi NDA-1KC,No-Dachi,NDA-1KC,18,BattleMech,70,0,3058
4732,No-Dachi NDA-2K,No-Dachi,NDA-2K,18,BattleMech,70,1739,3059
2297,No-Dachi NDA-2KC,No-Dachi,NDA-2KC,18,BattleMech,70,1705,3067
4733,No-Dachi NDA-2KO,No-Dachi,NDA-2KO,18,BattleMech,70,1728,3060
5692,No-Dachi NDA-3S,No-Dachi,NDA-3S,18,BattleMech,70,1706,3081
2298,No-Dachi NDA-3X,No-Dachi,NDA-3X,18,BattleMech,70,2609,3075
2289,Nobori-nin (Huntsman) A,Nobori-nin (Huntsman),A,18,BattleMech,50,2034,3049
2290,Nobori-nin (Huntsman) B,Nobori-nin (Huntsman),B,18,BattleMech,50,2156,3049
2291,Nobori-nin (Huntsman) C,Nobori-nin (Huntsman),C,18,BattleMech,50,2199,3049
2292,Nobori-nin (Huntsman) D,Nobori-nin (Huntsman),D,18,BattleMech,50,2007,3061
7782,Nobori-nin (Huntsman) E,Nobori-nin (Huntsman),E,18,BattleMech,50,2104,3070
6904,Nobori-nin (Huntsman) F,Nobori-nin (Huntsman),F,18,BattleMech,50,2367,3132
7783,Nobori-nin (Huntsman) G,Nobori-nin (Huntsman),G,18,BattleMech,50,2377,3139
2294,Nobori-nin (Huntsman) H,Nobori-nin (Huntsman),H,18,BattleMech,50,2495,3063
7784,Nobori-nin (Huntsman) I,Nobori-nin (Huntsman),I,18,BattleMech,50,2277,3088
2295,Nobori-nin (Huntsman) N,Nobori-nin (Huntsman),N,18,BattleMech,50,2556,3068
2296,Nobori-nin (Huntsman) Prime,Nobori-nin (Huntsman),Prime,18,BattleMech,50,2108,3049
7781,Nobori-nin (Huntsman) T,Nobori-nin (Huntsman),T,18,BattleMech,50,2105,3142
4734,Norman Utility Truck  ,Norman Utility Truck, ,24,Support Vehicle,3,0,2456
4735,Noruff  ,Noruff, ,17,Aerospace,1900,0,3056
7371,Notos A,Notos,A,18,BattleMech,60,1469,3145
7372,Notos B,Notos,B,18,BattleMech,60,1788,3145
7373,Notos C,Notos,C,18,BattleMech,60,1572,3145
7374,Notos D,Notos,D,18,BattleMech,60,1777,3145
7370,Notos Prime,Notos,Prime,18,BattleMech,60,2139,3145
2299,Nova Cat A,Nova Cat,A,18,BattleMech,70,2629,3059
2300,Nova Cat B,Nova Cat,B,18,BattleMech,70,2492,3059
2301,Nova Cat C,Nova Cat,C,18,BattleMech,70,1944,3059
2302,Nova Cat D,Nova Cat,D,18,BattleMech,70,2084,3059
2303,Nova Cat E,Nova Cat,E,18,BattleMech,70,2191,3064
2304,Nova Cat F,Nova Cat,F,18,BattleMech,70,2706,3070
2305,Nova Cat G,Nova Cat,G,18,BattleMech,70,2522,3072
6869,Nova Cat H,Nova Cat,H,18,BattleMech,70,2452,3099
6870,Nova Cat I,Nova Cat,I,18,BattleMech,70,2918,3132
8422,Nova Cat M,Nova Cat,M,18,BattleMech,70,2024,3062
2306,Nova Cat Prime,Nova Cat,Prime,18,BattleMech,70,2530,3059
8421,Nova Cat T,Nova Cat,T,18,BattleMech,70,2855,3142
4737,Nuberu Anti-Aircraft Tank  ,Nuberu Anti-Aircraft Tank, ,19,Combat Vehicle,60,1100,3083
4738,"Nuberu Anti-Aircraft Tank 2 ""Numantia""",Nuberu Anti-Aircraft Tank,"2 ""Numantia""",19,Combat Vehicle,60,0,3083
6937,Nyx NX-100,Nyx,NX-100,18,BattleMech,30,917,3095
6936,Nyx NX-110,Nyx,NX-110,18,BattleMech,30,805,3141
2307,Nyx NX-80,Nyx,NX-80,18,BattleMech,30,924,3076
2308,Nyx NX-80C,Nyx,NX-80C,18,BattleMech,30,874,3078
2309,Nyx NX-90,Nyx,NX-90,18,BattleMech,30,613,3080
4743,O'Keefre Land Train Model II,O'Keefre Land Train,Model II,24,Support Vehicle,0,0,3027
2310,O-Bakemono OBK-M10,O-Bakemono,OBK-M10,18,BattleMech,80,1659,3058
2311,O-Bakemono OBK-M11,O-Bakemono,OBK-M11,18,BattleMech,80,1793,3068
2312,O-Bakemono OBK-M12,O-Bakemono,OBK-M12,18,BattleMech,80,1732,3070
7771,Obuzaabaa Tactical Vehicle  ,Obuzaabaa Tactical Vehicle, ,24,Support Vehicle,25,0,2965
2313,Ocelot  ,Ocelot, ,18,BattleMech,35,1439,3067
2314,Ocelot 2,Ocelot,2,18,BattleMech,35,1734,3070
2315,Ocelot 3,Ocelot,3,18,BattleMech,35,1594,3075
6925,Ocelot 4,Ocelot,4,18,BattleMech,35,1468,3096
2317,Odin Scout Tank  ,Odin Scout Tank, ,19,Combat Vehicle,20,691,2844
2316,Odin Scout Tank (Spotter),Odin Scout Tank,(Spotter),19,Combat Vehicle,20,338,3071
4741,Odyssey JumpShip  ,Odyssey JumpShip, ,81,Advanced Aerospace,345000,0,2887
4742,Ogotai A,Ogotai,A,17,Aerospace,45,1551,2874
7657,Ogotai B,Ogotai,B,17,Aerospace,45,1817,2874
7656,Ogotai Prime,Ogotai,Prime,17,Aerospace,45,1665,2874
6482,Ogre Battle Armor (Interdictor) (Sqd4),Ogre Battle Armor,(Interdictor) (Sqd4),21,Infantry,1.5,341,3091
6481,Ogre Battle Armor (Sqd4),Ogre Battle Armor,(Sqd4),21,Infantry,1.5,280,3091
4745,Olympus Recharge Station  ,Olympus Recharge Station, ,81,Advanced Aerospace,1000000,0,2663
7997,Omega SHP-5R,Omega,SHP-5R,18,BattleMech,150,2753,3103
4746,Omega SHP-X4,Omega,SHP-X4,18,BattleMech,150,3001,3076
2318,Omen,Omen,,18,BattleMech,85,2750,3087
6853,Omen 2,Omen,2,18,BattleMech,85,2380,3141
7611,Omni-Corvis A,Omni-Corvis,A,18,BattleMech,50,1977,2921
7612,Omni-Corvis B,Omni-Corvis,B,18,BattleMech,50,1640,2921
7610,Omni-Corvis Prime,Omni-Corvis,Prime,18,BattleMech,50,1678,2921
8110,OmniMarauder MAD-BR-O,OmniMarauder,MAD-BR-O,18,BattleMech,75,2836,3135
8111,OmniMarauder MAD-BR-OA,OmniMarauder,MAD-BR-OA,18,BattleMech,75,2127,3135
2319,Onager,Onager,,18,BattleMech,90,2732,3083
6847,Onager 2,Onager,2,18,BattleMech,90,2847,3137
6368,Oni Battle Armor [Bearhunter] (Sqd4),Oni Battle Armor,[Bearhunter] (Sqd4),21,Infantry,1,267,3134
8740,Oni Battle Armor [Bearhunter] (Sqd5),Oni Battle Armor,[Bearhunter] (Sqd5),21,Infantry,1,359,3134
9103,Oni Battle Armor [Bearhunter] (Sqd6),Oni Battle Armor,[Bearhunter] (Sqd6),21,Infantry,1,462,3134
6365,Oni Battle Armor [MRR] (Sqd4),Oni Battle Armor,[MRR] (Sqd4),21,Infantry,1,387,3134
8737,Oni Battle Armor [MRR] (Sqd5),Oni Battle Armor,[MRR] (Sqd5),21,Infantry,1,521,3134
9100,Oni Battle Armor [MRR] (Sqd6),Oni Battle Armor,[MRR] (Sqd6),21,Infantry,1,670,3134
6367,Oni Battle Armor [Narc] (Sqd4),Oni Battle Armor,[Narc] (Sqd4),21,Infantry,1,299,3134
8739,Oni Battle Armor [Narc] (Sqd5),Oni Battle Armor,[Narc] (Sqd5),21,Infantry,1,402,3134
9102,Oni Battle Armor [Narc] (Sqd6),Oni Battle Armor,[Narc] (Sqd6),21,Infantry,1,517,3134
6366,Oni Battle Armor [PPC] (Sqd4),Oni Battle Armor,[PPC] (Sqd4),21,Infantry,1,347,3134
8738,Oni Battle Armor [PPC] (Sqd5),Oni Battle Armor,[PPC] (Sqd5),21,Infantry,1,467,3134
9101,Oni Battle Armor [PPC] (Sqd6),Oni Battle Armor,[PPC] (Sqd6),21,Infantry,1,601,3134
4747,Oni ON-1,Oni,ON-1,17,Aerospace,55,1332,3066
5752,Oni ON-2,Oni,ON-2,17,Aerospace,55,1597,3078
2320,Oni ON-2X,Oni,ON-2X,17,Aerospace,55,1733,3077
2321,Onslaught SA-OS,Onslaught,SA-OS,18,BattleMech,75,1562,3052
2322,Onslaught SA-OS2,Onslaught,SA-OS2,18,BattleMech,75,1693,3062
2323,Onslaught SA-OS3,Onslaught,SA-OS3,18,BattleMech,75,1659,3062
2331,Ontos Heavy Tank  ,Ontos Heavy Tank, ,19,Combat Vehicle,95,938,2832
2325,Ontos Heavy Tank (3053 Upgrade),Ontos Heavy Tank,(3053 Upgrade),19,Combat Vehicle,95,1242,3053
9400,Ontos Heavy Tank (Chemical Laser),Ontos Heavy Tank,(Chemical Laser),19,Combat Vehicle,95,1572,3148
2326,Ontos Heavy Tank (Fusion),Ontos Heavy Tank,(Fusion),19,Combat Vehicle,95,1287,2863
2328,Ontos Heavy Tank (LRM),Ontos Heavy Tank,(LRM),19,Combat Vehicle,95,1164,2876
2327,Ontos Heavy Tank (Light Gauss),Ontos Heavy Tank,(Light Gauss),19,Combat Vehicle,95,1269,3065
2329,Ontos Heavy Tank (MML),Ontos Heavy Tank,(MML),19,Combat Vehicle,95,1268,3074
2330,Ontos Heavy Tank (Sealed),Ontos Heavy Tank,(Sealed),19,Combat Vehicle,95,1156,3078
4748,Ontos Heavy Tank HEAT,Ontos Heavy Tank,HEAT,19,Combat Vehicle,95,1173,3084
4749,Ontos Heavy Tank X All-Aspect Assault Tank,Ontos Heavy Tank,X All-Aspect Assault Tank,19,Combat Vehicle,95,1031,3072
9418,Onuris Attack VTOL A,Onuris Attack VTOL,A,19,Combat Vehicle,30,1624,3145
9419,Onuris Attack VTOL B,Onuris Attack VTOL,B,19,Combat Vehicle,30,1744,3145
9420,Onuris Attack VTOL C,Onuris Attack VTOL,C,19,Combat Vehicle,30,1131,3146
9421,Onuris Attack VTOL D,Onuris Attack VTOL,D,19,Combat Vehicle,30,1349,3147
9422,Onuris Attack VTOL E,Onuris Attack VTOL,E,19,Combat Vehicle,30,1676,3150
9417,Onuris Attack VTOL Prime,Onuris Attack VTOL,Prime,19,Combat Vehicle,30,1551,3145
6426,Oo-Suzumebachi  ,Oo-Suzumebachi, ,17,Aerospace,170,1750,3118
7847,Opossum OPO-2 SalvageMech,Opossum,OPO-2 SalvageMech,20,IndustrialMech,25,240,3110
7848,Opossum OPO-3 SalvageMech MOD,Opossum,OPO-3 SalvageMech MOD,20,IndustrialMech,25,239,3131
4750,Orc  ,Orc, ,23,Protomech,4,182,3066
4751,Orc 2,Orc,2,23,Protomech,4,170,3067
4752,Orc 3,Orc,3,23,Protomech,4,168,3071
4753,Orc 4,Orc,4,23,Protomech,4,138,3072
7356,Orca OC-1X,Orca,OC-1X,18,BattleMech,200,3357,3103
4754,Ore Processing Facility (Dragon's Breath Multiple Capital Launch System),Ore Processing Facility,(Dragon's Breath Multiple Capital Launch System),81,Advanced Aerospace,5000,250,3060
7998,Orion C,Orion,C,18,BattleMech,75,2343,3142
8317,Orion C 2,Orion,C 2,18,BattleMech,75,2026,3143
2340,Orion IIC  ,Orion IIC, ,18,BattleMech,75,2392,2841
7403,Orion IIC (Burton),Orion IIC,(Burton),18,BattleMech,75,2746,3105
4755,Orion ON1-C,Orion,ON1-C,18,BattleMech,75,973,2453
7405,Orion ON1-H,Orion,ON1-H,18,BattleMech,75,1307,2456
2332,Orion ON1-K,Orion,ON1-K,18,BattleMech,75,1429,2525
2333,Orion ON1-K (Kerensky),Orion,ON1-K (Kerensky),18,BattleMech,75,1821,2753
8278,Orion ON1-K (Muller),Orion,ON1-K (Muller),18,BattleMech,75,0,Unknown
2334,Orion ON1-M,Orion,ON1-M,18,BattleMech,75,1414,3049
4760,Orion ON1-M-DC,Orion,ON1-M-DC,18,BattleMech,75,1444,3053
4756,Orion ON1-MA,Orion,ON1-MA,18,BattleMech,75,1501,3052
4757,Orion ON1-MB,Orion,ON1-MB,18,BattleMech,75,1472,3058
4758,Orion ON1-MC,Orion,ON1-MC,18,BattleMech,75,1501,3058
4759,Orion ON1-MD,Orion,ON1-MD,18,BattleMech,75,1597,3062
2335,Orion ON1-V,Orion,ON1-V,18,BattleMech,75,1298,2799
2337,Orion ON1-V-DC,Orion,ON1-V-DC,18,BattleMech,75,1310,2913
2336,Orion ON1-VA,Orion,ON1-VA,18,BattleMech,75,1328,2901
2338,Orion ON2-M,Orion,ON2-M,18,BattleMech,75,1828,3063
4761,Orion ON3-M,Orion,ON3-M,18,BattleMech,75,1826,3083
2339,Orion ON3-MX,Orion,ON3-MX,18,BattleMech,75,1849,3075
2342,Oro Heavy Tank  ,Oro Heavy Tank, ,19,Combat Vehicle,60,1116,2844
4762,Oro Heavy Tank (AC),Oro Heavy Tank,(AC),19,Combat Vehicle,60,0,2815
2341,Oro Heavy Tank (HAG),Oro Heavy Tank,(HAG),19,Combat Vehicle,60,1492,3073
2343,Orochi OR-2I,Orochi,OR-2I,18,BattleMech,90,2077,3084
7999,Orochi OR-3K,Orochi,OR-3K,18,BattleMech,90,2029,3144
4763,Osiris OSR-3D,Osiris,OSR-3D,18,BattleMech,30,1138,3063
4764,Osiris OSR-4D,Osiris,OSR-4D,18,BattleMech,30,1230,3067
5660,Osiris OSR-5D,Osiris,OSR-5D,18,BattleMech,30,1226,3081
2344,Osprey OSP-15,Osprey,OSP-15,18,BattleMech,55,1564,2738
2345,Osprey OSP-25,Osprey,OSP-25,18,BattleMech,55,1630,3074
2346,Osprey OSP-26,Osprey,OSP-26,18,BattleMech,55,1541,3076
2347,Osprey OSP-26 (Lawrence),Osprey,OSP-26 (Lawrence),18,BattleMech,55,1461,3085
7377,Osprey OSP-36,Osprey,OSP-36,18,BattleMech,55,1532,3139
5830,Osteon (Jaguar),Osteon,(Jaguar),18,BattleMech,85,2528,3072
4766,Osteon A,Osteon,A,18,BattleMech,85,2291,3072
5823,Osteon B,Osteon,B,18,BattleMech,85,2625,3072
5824,Osteon C,Osteon,C,18,BattleMech,85,3139,3072
5825,Osteon D,Osteon,D,18,BattleMech,85,2587,3072
5826,Osteon E,Osteon,E,18,BattleMech,85,2762,3072
5827,Osteon F,Osteon,F,18,BattleMech,85,2716,3072
5828,Osteon G,Osteon,G,18,BattleMech,85,2388,3072
4767,Osteon Prime,Osteon,Prime,18,BattleMech,85,3073,3072
5829,Osteon U,Osteon,U,18,BattleMech,85,2647,3072
2348,Ostroc OSR-2C,Ostroc,OSR-2C,18,BattleMech,60,1228,2511
2349,Ostroc OSR-2C (Michi),Ostroc,OSR-2C (Michi),18,BattleMech,60,1321,3028
2350,Ostroc OSR-2Cb,Ostroc,OSR-2Cb,18,BattleMech,60,1478,2729
2351,Ostroc OSR-2D,Ostroc,OSR-2D,18,BattleMech,60,1396,3050
2352,Ostroc OSR-2L,Ostroc,OSR-2L,18,BattleMech,60,1233,2884
2353,Ostroc OSR-2M,Ostroc,OSR-2M,18,BattleMech,60,1239,2793
2354,Ostroc OSR-3C,Ostroc,OSR-3C,18,BattleMech,60,1288,2876
8354,Ostroc OSR-3M,Ostroc,OSR-3M,18,BattleMech,60,1594,3088
2355,Ostroc OSR-4C,Ostroc,OSR-4C,18,BattleMech,60,1325,3066
2356,Ostroc OSR-4K,Ostroc,OSR-4K,18,BattleMech,60,1490,3077
2357,Ostroc OSR-4L,Ostroc,OSR-4L,18,BattleMech,60,1778,3066
2358,Ostroc OSR-5C,Ostroc,OSR-5C,18,BattleMech,60,1788,3082
2359,Ostroc OSR-5W,Ostroc,OSR-5W,18,BattleMech,60,1655,3070
8355,Ostroc OSR-6R,Ostroc,OSR-6R,18,BattleMech,60,2095,3139
8356,Ostroc OSR-9C,Ostroc,OSR-9C,18,BattleMech,60,1230,2905
2360,Ostrogoth A,Ostrogoth,A,17,Aerospace,75,3265,3078
2361,Ostrogoth B,Ostrogoth,B,17,Aerospace,75,3171,3078
2362,Ostrogoth C,Ostrogoth,C,17,Aerospace,75,2973,3078
6810,Ostrogoth D,Ostrogoth,D,17,Aerospace,75,3168,3100
2363,Ostrogoth Prime,Ostrogoth,Prime,17,Aerospace,75,3720,3078
5844,Ostscout IIC  ,Ostscout IIC, ,18,BattleMech,35,520,3063
2364,Ostscout OTT-10CS,Ostscout,OTT-10CS,18,BattleMech,35,862,3071
2365,Ostscout OTT-11J,Ostscout,OTT-11J,18,BattleMech,35,908,3078
7452,Ostscout OTT-12R,Ostscout,OTT-12R,18,BattleMech,35,1209,3145
2366,Ostscout OTT-7J,Ostscout,OTT-7J,18,BattleMech,35,596,2600
2367,Ostscout OTT-7Jb,Ostscout,OTT-7Jb,18,BattleMech,35,610,2600
2368,Ostscout OTT-7K,Ostscout,OTT-7K,18,BattleMech,35,484,3049
7451,Ostscout OTT-8J,Ostscout,OTT-8J,18,BattleMech,35,894,3145
2369,Ostscout OTT-9CS,Ostscout,OTT-9CS,18,BattleMech,35,930,3064
2370,Ostscout OTT-9S,Ostscout,OTT-9S,18,BattleMech,35,855,3065
8163,Ostsol C,Ostsol,C,18,BattleMech,60,2277,3145
2371,Ostsol OTL-4D,Ostsol,OTL-4D,18,BattleMech,60,1277,2694
8287,Ostsol OTL-4D (Ragnar),Ostsol,OTL-4D (Ragnar),18,BattleMech,60,1308,3051
8288,Ostsol OTL-4D (Woo),Ostsol,OTL-4D (Woo),18,BattleMech,60,0,Unknown
2372,Ostsol OTL-4F,Ostsol,OTL-4F,18,BattleMech,60,1264,2871
2373,Ostsol OTL-5D,Ostsol,OTL-5D,18,BattleMech,60,1333,3065
2374,Ostsol OTL-5M,Ostsol,OTL-5M,18,BattleMech,60,1245,3050
8283,Ostsol OTL-5M (Maki),Ostsol,OTL-5M (Maki),18,BattleMech,60,0,3051
2375,Ostsol OTL-6D,Ostsol,OTL-6D,18,BattleMech,60,1880,3064
2376,Ostsol OTL-7M,Ostsol,OTL-7M,18,BattleMech,60,1581,3065
2377,Ostsol OTL-8D,Ostsol,OTL-8D,18,BattleMech,60,1462,3069
8172,Ostsol OTL-8E,Ostsol,OTL-8E,18,BattleMech,60,1552,3144
8162,Ostsol OTL-8E3,Ostsol,OTL-8E3,18,BattleMech,60,1671,3149
8173,Ostsol OTL-8F,Ostsol,OTL-8F,18,BattleMech,60,1698,3145
2378,Ostsol OTL-8M,Ostsol,OTL-8M,18,BattleMech,60,1733,3066
2379,Ostsol OTL-9M,Ostsol,OTL-9M,18,BattleMech,60,1871,3079
2380,Ostsol OTL-9R,Ostsol,OTL-9R,18,BattleMech,60,1654,3077
4769,Ostwar OWR-2M,Ostwar,OWR-2M,18,BattleMech,65,1205,2470
2382,Ostwar OWR-2Mb,Ostwar,OWR-2Mb,18,BattleMech,65,1638,2620
2383,Ostwar OWR-3M,Ostwar,OWR-3M,18,BattleMech,65,1557,3075
531,Otomo Ceremonial Guard,Otomo Ceremonial Guard,,21,Infantry,3,59,2350
4770,Outpost (3063),Outpost,(3063),17,Aerospace,7000,12346,3063
5764,Outpost (3070),Outpost,(3070),17,Aerospace,7000,13151,3070
4771,Outpost Defender,Outpost,Defender,17,Aerospace,7000,15825,3080
7631,Outrider  ,Outrider, ,24,Support Vehicle,0.15,5,2710
4772,Overlord (2762),Overlord,(2762),17,Aerospace,9700,0,2762
4773,Overlord (3056),Overlord,(3056),17,Aerospace,9700,0,3056
4774,Overlord (Command),Overlord,(Command),17,Aerospace,9700,0,2817
4775,Overlord (Vehicle),Overlord,(Vehicle),17,Aerospace,9700,0,2775
4776,Overlord A3,Overlord,A3,17,Aerospace,9700,24600,3058
4777,Overlord C,Overlord,C,17,Aerospace,11600,0,2830
5650,Overlord C (Original),Overlord,C (Original),17,Aerospace,11600,0,2818
2384,Owens OW-1,Owens,OW-1,18,BattleMech,35,839,3056
2385,Owens OW-1A,Owens,OW-1A,18,BattleMech,35,680,3056
2386,Owens OW-1B,Owens,OW-1B,18,BattleMech,35,752,3056
2387,Owens OW-1C,Owens,OW-1C,18,BattleMech,35,964,3056
2388,Owens OW-1D,Owens,OW-1D,18,BattleMech,35,655,3056
2389,Owens OW-1E,Owens,OW-1E,18,BattleMech,35,833,3060
2390,Owens OW-1F,Owens,OW-1F,18,BattleMech,35,933,3076
6924,Owens OW-1G,Owens,OW-1G,18,BattleMech,35,1761,3125
2391,Owens OW-1R,Owens,OW-1R,18,BattleMech,35,1215,3059
4779,PAB-27 Exoskeleton  ,PAB-27 Exoskeleton, ,21,Infantry,0,0,3069
4780,Pacifier CCU-36 SecurityMech,Pacifier,CCU-36 SecurityMech,20,IndustrialMech,30,299,3038
7824,Pacifier CCU-40 SecurityMech,Pacifier,CCU-40 SecurityMech,20,IndustrialMech,30,356,3087
2392,Pack Hunter  ,Pack Hunter, ,18,BattleMech,30,1369,3059
4781,Pack Hunter (Zane),Pack Hunter,(Zane),18,BattleMech,30,0,Unknown
2393,Pack Hunter 2,Pack Hunter,2,18,BattleMech,30,1598,3065
2394,Pack Hunter 3,Pack Hunter,3,18,BattleMech,30,1747,3068
2395,Pack Hunter 4,Pack Hunter,4,18,BattleMech,30,1257,3070
7440,Pack Hunter 5,Pack Hunter,5,18,BattleMech,30,1644,3145
2396,Pack Hunter II,Pack Hunter II,,18,BattleMech,30,1794,3077
5540,Pack Hunter II (Isis),Pack Hunter II,(Isis),18,BattleMech,30,1276,Unknown
2397,Pack Hunter II 2,Pack Hunter II,2,18,BattleMech,30,1457,3078
2398,Pack Hunter II 3,Pack Hunter II,3,18,BattleMech,30,1438,3082
6935,Pack Hunter II 4,Pack Hunter II,4,18,BattleMech,30,1447,3093
5606,"Packrat LRPV ""Gespenst""",Packrat LRPV,"""Gespenst""",19,Combat Vehicle,20,397,3073
2399,Packrat LRPV PKR-T5,Packrat LRPV,PKR-T5,19,Combat Vehicle,20,344,2650
2400,Packrat LRPV PKR-T5 (ICE),Packrat LRPV,PKR-T5 (ICE),19,Combat Vehicle,20,294,2846
2401,Packrat LRPV PKR-T5 (ML),Packrat LRPV,PKR-T5 (ML),19,Combat Vehicle,20,501,2798
4782,Packrat LRPV PKR-T5 (Mobile TacOps),Packrat LRPV,PKR-T5 (Mobile TacOps),19,Combat Vehicle,20,0,3041
2402,Packrat LRPV PKR-T5 (SRM2),Packrat LRPV,PKR-T5 (SRM2),19,Combat Vehicle,20,263,2824
7386,Padilla Anti-Missile Tank  ,Padilla Anti-Missile Tank, ,19,Combat Vehicle,55,1155,3134
2404,Padilla Heavy Artillery Tank  ,Padilla Heavy Artillery Tank, ,19,Combat Vehicle,75,1135,2620
2403,Padilla Heavy Artillery Tank (LRM),Padilla Heavy Artillery Tank,(LRM),19,Combat Vehicle,75,1113,2830
2406,Padilla Tube Artillery Tank  ,Padilla Tube Artillery Tank, ,19,Combat Vehicle,55,592,3077
8045,Padilla Tube Artillery Tank (AMS),Padilla Tube Artillery Tank,(AMS),19,Combat Vehicle,55,692,3101
2405,Padilla Tube Artillery Tank (LTC),Padilla Tube Artillery Tank,(LTC),19,Combat Vehicle,55,985,3077
2407,Padilla Tube Artillery Tank (Thumper),Padilla Tube Artillery Tank,(Thumper),19,Combat Vehicle,55,690,3082
6328,Paladin Defense System  ,Paladin Defense System, ,19,Combat Vehicle,130,1624,3109
2408,Paladin PAL-1,Paladin,PAL-1,18,BattleMech,60,1361,3053
2409,Paladin PAL-2,Paladin,PAL-2,18,BattleMech,60,1617,3068
2410,Paladin PAL-3,Paladin,PAL-3,18,BattleMech,60,1370,3068
2411,Palmoni Assault Infantry Fighting Vehicle  ,Palmoni Assault Infantry Fighting Vehicle, ,19,Combat Vehicle,85,1116,3076
4783,Pandarus LFA-1A,Pandarus,LFA-1A,18,BattleMech,75,1589,3083
2412,Pandarus LFA-1X,Pandarus,LFA-1X,18,BattleMech,75,1486,3078
2415,Pandion Combat WiGE  ,Pandion Combat WiGE, ,19,Combat Vehicle,20,658,3078
8046,Pandion Combat WiGE (3135 Upgrade),Pandion Combat WiGE,(3135 Upgrade),19,Combat Vehicle,20,686,3135
8047,Pandion Combat WiGE (3140 Upgrade),Pandion Combat WiGE,(3140 Upgrade),19,Combat Vehicle,20,577,3140
2413,Pandion Combat WiGE (C3),Pandion Combat WiGE,(C3),19,Combat Vehicle,20,373,3078
2414,Pandion Combat WiGE (Infantry),Pandion Combat WiGE,(Infantry),19,Combat Vehicle,20,507,3078
5865,Panther PNT-10ALAG,Panther,PNT-10ALAG,18,BattleMech,35,0,3054
2416,Panther PNT-10K,Panther,PNT-10K,18,BattleMech,35,838,3051
2417,Panther PNT-10K2,Panther,PNT-10K2,18,BattleMech,35,913,3074
4785,Panther PNT-10KA,Panther,PNT-10KA,18,BattleMech,35,797,3055
2418,Panther PNT-12A,Panther,PNT-12A,18,BattleMech,35,982,3064
2419,Panther PNT-12K,Panther,PNT-12K,18,BattleMech,35,930,3079
2420,Panther PNT-12K2,Panther,PNT-12K2,18,BattleMech,35,930,3074
6923,Panther PNT-12KC,Panther,PNT-12KC,18,BattleMech,35,1036,3139
2421,Panther PNT-13K,Panther,PNT-13K,18,BattleMech,35,996,3076
8222,Panther PNT-14R,Panther,PNT-14R,18,BattleMech,35,1291,3140
2422,Panther PNT-14S,Panther,PNT-14S,18,BattleMech,35,825,3069
2423,Panther PNT-16K,Panther,PNT-16K,18,BattleMech,35,988,3070
2424,Panther PNT-8Z,Panther,PNT-8Z,18,BattleMech,35,741,2739
7417,Panther PNT-9ALAG,Panther,PNT-9ALAG,18,BattleMech,35,804,2950
2425,Panther PNT-9R,Panther,PNT-9R,18,BattleMech,35,769,2759
4786,Panther PNT-9R (Darwin),Panther,PNT-9R (Darwin),18,BattleMech,35,0,Unknown
4787,Panther PNT-9R (Tanaka),Panther,PNT-9R (Tanaka),18,BattleMech,35,759,3022
2426,Panther PNT-C,Panther,PNT-C,18,BattleMech,35,833,3051
5443,Panther PNT-CA,Panther,PNT-CA,18,BattleMech,35,787,3055
8298,Panther PNT-CM,Panther,PNT-CM,18,BattleMech,35,726,3051
4789,Paramour Mobile Repair Vehicle  ,Paramour Mobile Repair Vehicle, ,24,Support Vehicle,60,226,2557
4788,Paramour Mobile Repair Vehicle (Mobile Field Base),Paramour Mobile Repair Vehicle,(Mobile Field Base),24,Support Vehicle,60,226,3074
2428,Parash  ,Parash, ,18,BattleMech,35,1300,3083
2427,Parash 2,Parash,2,18,BattleMech,35,1523,3084
7375,Parash 3,Parash,3,18,BattleMech,35,1753,3083
5019,Pariah (Septicemia) A,Pariah (Septicemia),A,18,BattleMech,55,1935,3072
5812,Pariah (Septicemia) A-Z,Pariah (Septicemia),A-Z,18,BattleMech,55,2388,3072
5020,Pariah (Septicemia) B,Pariah (Septicemia),B,18,BattleMech,55,2310,3072
5813,Pariah (Septicemia) B-Z,Pariah (Septicemia),B-Z,18,BattleMech,55,2349,3072
5021,Pariah (Septicemia) C,Pariah (Septicemia),C,18,BattleMech,55,2227,3072
5814,Pariah (Septicemia) C-Z,Pariah (Septicemia),C-Z,18,BattleMech,55,2264,3072
5022,Pariah (Septicemia) D,Pariah (Septicemia),D,18,BattleMech,55,2718,3072
5815,Pariah (Septicemia) D-Z,Pariah (Septicemia),D-Z,18,BattleMech,55,2704,3072
5023,Pariah (Septicemia) E,Pariah (Septicemia),E,18,BattleMech,55,2950,3072
5816,Pariah (Septicemia) F,Pariah (Septicemia),F,18,BattleMech,55,1586,3072
5024,Pariah (Septicemia) Prime,Pariah (Septicemia),Prime,18,BattleMech,55,2511,3072
5817,Pariah (Septicemia) US,Pariah (Septicemia),US,18,BattleMech,55,2308,3072
5818,Pariah (Septicemia) UW,Pariah (Septicemia),UW,18,BattleMech,55,1913,3072
5819,Pariah (Septicemia) Z,Pariah (Septicemia),Z,18,BattleMech,55,2072,3072
6494,Partisan AA Vehicle  ,Partisan AA Vehicle, ,19,Combat Vehicle,50,597,3110
6495,Partisan AA Vehicle (3134 Upgrade),Partisan AA Vehicle,(3134 Upgrade),19,Combat Vehicle,50,553,3134
2440,Partisan Air Defense Tank  ,Partisan Air Defense Tank, ,19,Combat Vehicle,80,923,3058
2434,Partisan Air Defense Tank (Cell),Partisan Air Defense Tank,(Cell),19,Combat Vehicle,80,980,3075
2435,Partisan Air Defense Tank (Company Command),Partisan Air Defense Tank,(Company Command),19,Combat Vehicle,80,920,3058
2437,Partisan Air Defense Tank (LRM),Partisan Air Defense Tank,(LRM),19,Combat Vehicle,80,1303,3075
2436,Partisan Air Defense Tank (Lance Command),Partisan Air Defense Tank,(Lance Command),19,Combat Vehicle,80,836,3058
2438,Partisan Air Defense Tank (Quad RAC),Partisan Air Defense Tank,(Quad RAC),19,Combat Vehicle,80,1296,3069
2439,Partisan Air Defense Tank (RAC),Partisan Air Defense Tank,(RAC),19,Combat Vehicle,80,1247,3067
2441,Partisan Air Defense Tank (XL),Partisan Air Defense Tank,(XL),19,Combat Vehicle,80,1110,3059
2445,Partisan Heavy Tank  ,Partisan Heavy Tank, ,19,Combat Vehicle,80,673,2791
2442,Partisan Heavy Tank (AC2),Partisan Heavy Tank,(AC2),19,Combat Vehicle,80,580,3002
2443,Partisan Heavy Tank (C3),Partisan Heavy Tank,(C3),19,Combat Vehicle,80,662,3062
9566,Partisan Heavy Tank (Cell),Partisan Heavy Tank,(Cell),19,Combat Vehicle,80,992,3090
9567,Partisan Heavy Tank (ELRM),Partisan Heavy Tank,(ELRM),19,Combat Vehicle,80,1156,3106
2444,Partisan Heavy Tank (LRM),Partisan Heavy Tank,(LRM),19,Combat Vehicle,80,1021,3017
9568,Partisan Heavy Tank (Light Gauss),Partisan Heavy Tank,(Light Gauss),19,Combat Vehicle,80,968,3145
9569,Partisan Heavy Tank (Refit),Partisan Heavy Tank,(Refit),19,Combat Vehicle,80,835,3059
2446,Partisan Hull Defense  ,Partisan Hull Defense, ,19,Combat Vehicle,80,1113,3072
4790,Pathfinder PFF-2,Pathfinder,PFF-2,18,BattleMech,25,452,3075
4791,Pathfinder PFF-2T,Pathfinder,PFF-2T,18,BattleMech,25,0,3075
2447,Patriot PKM-2C,Patriot,PKM-2C,18,BattleMech,65,1613,3070
2448,Patriot PKM-2D,Patriot,PKM-2D,18,BattleMech,65,1699,3072
2449,Patriot PKM-2E,Patriot,PKM-2E,18,BattleMech,65,1443,3076
4792,Patron PTN LoaderMech,Patron,PTN LoaderMech,20,IndustrialMech,15,97,2550
4793,Patron PTN-1 LoaderMech,Patron,PTN-1 LoaderMech,20,IndustrialMech,15,107,2470
4794,Patron PTN-2 MilitiaMech,Patron,PTN-2 MilitiaMech,20,IndustrialMech,15,143,3076
4795,Patron PTN-2M PatrolMech,Patron,PTN-2M PatrolMech,20,IndustrialMech,15,154,3083
2450,Patton Tank  ,Patton Tank, ,19,Combat Vehicle,65,961,3027
9343,Patton Tank (Taurian),Patton Tank,(Taurian),19,Combat Vehicle,65,1213,3115
2451,Patton Tank (Ultra),Patton Tank,(Ultra),19,Combat Vehicle,65,1160,3062
9344,Patton Tank (XL),Patton Tank,(XL),19,Combat Vehicle,65,1278,3120
5569,Patton Tank -SB,Patton Tank,-SB,19,Combat Vehicle,65,1468,3079
7159,Peacekeeper PK-6 SecurityMech,Peacekeeper,PK-6 SecurityMech,20,IndustrialMech,25,422,2522
2452,Peacekeeper PKP-1A,Peacekeeper,PKP-1A,18,BattleMech,95,2824,3086
2453,Peacekeeper PKP-1B,Peacekeeper,PKP-1B,18,BattleMech,95,2981,3087
6836,Peacekeeper PKP-2K,Peacekeeper,PKP-2K,18,BattleMech,95,2863,3116
4796,Peacekeeper SWAT Carrier  ,Peacekeeper SWAT Carrier, ,24,Support Vehicle,50,0,3021
7173,Peacemaker PM-6 PoliceMech,Peacemaker,PM-6 PoliceMech,20,IndustrialMech,35,426,3067
3833,Pegasus Passenger VTOL  ,Pegasus Passenger VTOL, ,24,Support Vehicle,30,0,3066
2461,Pegasus Scout Hover Tank  ,Pegasus Scout Hover Tank, ,19,Combat Vehicle,35,640,2791
2455,Pegasus Scout Hover Tank (3058 Upgrade),Pegasus Scout Hover Tank,(3058 Upgrade),19,Combat Vehicle,35,706,3058
2456,Pegasus Scout Hover Tank (C3),Pegasus Scout Hover Tank,(C3),19,Combat Vehicle,35,787,3070
4797,Pegasus Scout Hover Tank (MG),Pegasus Scout Hover Tank,(MG),19,Combat Vehicle,35,0,Unknown
9254,Pegasus Scout Hover Tank (MML),Pegasus Scout Hover Tank,(MML),19,Combat Vehicle,35,906,3091
2458,Pegasus Scout Hover Tank (MRM),Pegasus Scout Hover Tank,(MRM),19,Combat Vehicle,35,781,3063
2457,Pegasus Scout Hover Tank (Missile),Pegasus Scout Hover Tank,(Missile),19,Combat Vehicle,35,678,2854
2459,Pegasus Scout Hover Tank (Sealed),Pegasus Scout Hover Tank,(Sealed),19,Combat Vehicle,35,618,3076
2460,Pegasus Scout Hover Tank (Sensors),Pegasus Scout Hover Tank,(Sensors),19,Combat Vehicle,35,571,2798
2462,Pegasus Scout Hover Tank (Unarmed),Pegasus Scout Hover Tank,(Unarmed),19,Combat Vehicle,35,317,2873
4798,Pegasus Scout Hover Tank (X-Pulse),Pegasus Scout Hover Tank,(X-Pulse),19,Combat Vehicle,35,1119,3086
2463,Pegasus Scout Hover Tank X,Pegasus Scout Hover Tank,X,19,Combat Vehicle,35,1119,3073
7655,Pella  ,Pella, ,17,Aerospace,40,1793,2954
4799,Pendragon PDG-1R,Pendragon,PDG-1R,18,BattleMech,95,2151,3083
2464,Pendragon PDG-1X MUSE RED,Pendragon,PDG-1X MUSE RED,18,BattleMech,95,2230,3072
4800,Pendragon PDG-2R,Pendragon,PDG-2R,18,BattleMech,95,0,Unknown
8000,Pendragon PDG-3R,Pendragon,PDG-3R,18,BattleMech,95,1991,3134
2465,Penetrator PTR-4D,Penetrator,PTR-4D,18,BattleMech,75,1687,3053
4801,Penetrator PTR-4D (Christifori),Penetrator,PTR-4D (Christifori),18,BattleMech,75,0,3060
2466,Penetrator PTR-4F,Penetrator,PTR-4F,18,BattleMech,75,1564,3056
2467,Penetrator PTR-6M,Penetrator,PTR-6M,18,BattleMech,75,1639,3058
2468,Penetrator PTR-6S,Penetrator,PTR-6S,18,BattleMech,75,1689,3059
2469,Penetrator PTR-6T,Penetrator,PTR-6T,18,BattleMech,75,1994,3066
8001,Penetrator PTR-7D,Penetrator,PTR-7D,18,BattleMech,75,2102,3133
9353,Penetrator PTR-8D,Penetrator,PTR-8D,18,BattleMech,75,2130,3144
4803,Pentagon  ,Pentagon, ,17,Aerospace,4000,12402,2623
7339,Pentagon (2751),Pentagon,(2751),17,Aerospace,4000,12938,2751
4804,Pentagon Mk I,Pentagon,Mk I,17,Aerospace,4000,10011,2540
2470,Penthesilea PEN-2H,Penthesilea,PEN-2H,18,BattleMech,75,1899,3083
2471,Penthesilea PEN-2MAF,Penthesilea,PEN-2MAF,18,BattleMech,75,1834,3085
7347,Penthesilea PEN-3H,Penthesilea,PEN-3H,18,BattleMech,75,1666,3129
2472,Peregrine (Horned Owl)  ,Peregrine (Horned Owl), ,18,BattleMech,35,1434,2835
2473,Peregrine (Horned Owl) 2,Peregrine (Horned Owl),2,18,BattleMech,35,1191,2856
2474,Peregrine (Horned Owl) 3,Peregrine (Horned Owl),3,18,BattleMech,35,1545,3061
2475,Peregrine (Horned Owl) 4,Peregrine (Horned Owl),4,18,BattleMech,35,1198,3064
2476,Peregrine (Horned Owl) 5,Peregrine (Horned Owl),5,18,BattleMech,35,1523,3066
7748,Peregrine (Horned Owl) 6,Peregrine (Horned Owl),6,18,BattleMech,35,1475,3132
7749,Peregrine (Horned Owl) 7,Peregrine (Horned Owl),7,18,BattleMech,35,1725,3150
2479,Peregrine Attack VTOL  ,Peregrine Attack VTOL, ,19,Combat Vehicle,30,344,3021
2477,Peregrine Attack VTOL (Cargo),Peregrine Attack VTOL,(Cargo),19,Combat Vehicle,30,88,3036
2478,Peregrine Attack VTOL (Kurita),Peregrine Attack VTOL,(Kurita),19,Combat Vehicle,30,564,3033
4805,Peregrine WarShip  ,Peregrine WarShip, ,81,Advanced Aerospace,130000,39812,2969
4806,Persepolis  ,Persepolis, ,17,Aerospace,70,2323,3082
7358,Persepolis 2,Persepolis,2,17,Aerospace,70,2989,3134
4807,Perseus P1,Perseus,P1,18,BattleMech,75,1713,3058
4809,Perseus P1A,Perseus,P1A,18,BattleMech,75,1661,3058
4810,Perseus P1B,Perseus,P1B,18,BattleMech,75,1776,3058
4811,Perseus P1C,Perseus,P1C,18,BattleMech,75,1644,3058
4812,Perseus P1D,Perseus,P1D,18,BattleMech,75,1714,3058
5697,Perseus P1E,Perseus,P1E,18,BattleMech,75,1658,3072
5698,Perseus P1P,Perseus,P1P,18,BattleMech,75,1777,3078
5699,Perseus P1W,Perseus,P1W,18,BattleMech,75,1864,3068
4813,Phalanx Battle Armor A (Sqd4),Phalanx Battle Armor,A (Sqd4),21,Infantry,1.5,292,3065
8655,Phalanx Battle Armor A (Sqd5),Phalanx Battle Armor,A (Sqd5),21,Infantry,1.5,392,3065
9019,Phalanx Battle Armor A (Sqd6),Phalanx Battle Armor,A (Sqd6),21,Infantry,1.5,505,3065
4814,Phalanx Battle Armor B (Sqd4),Phalanx Battle Armor,B (Sqd4),21,Infantry,1.5,319,3065
8656,Phalanx Battle Armor B (Sqd5),Phalanx Battle Armor,B (Sqd5),21,Infantry,1.5,429,3065
9020,Phalanx Battle Armor B (Sqd6),Phalanx Battle Armor,B (Sqd6),21,Infantry,1.5,551,3065
4815,Phalanx Battle Armor C (Sqd4),Phalanx Battle Armor,C (Sqd4),21,Infantry,1.5,243,3071
9021,Phalanx Battle Armor C (Sqd6),Phalanx Battle Armor,C (Sqd6),21,Infantry,1.5,420,3071
6733,Phalanx Battle Armor D (Sqd4),Phalanx Battle Armor,D (Sqd4),21,Infantry,1.5,324,3132
4816,Phalanx Support Tank  ,Phalanx Support Tank, ,19,Combat Vehicle,40,533,3080
2480,Phalanx Support Tank (Prototype),Phalanx Support Tank,(Prototype),19,Combat Vehicle,40,461,3079
2481,Phantom A,Phantom,A,18,BattleMech,40,1410,3052
2482,Phantom B,Phantom,B,18,BattleMech,40,1096,3052
2483,Phantom C,Phantom,C,18,BattleMech,40,1590,3052
2484,Phantom D,Phantom,D,18,BattleMech,40,1581,3052
2485,Phantom E,Phantom,E,18,BattleMech,40,975,3061
4818,Phantom F,Phantom,F,18,BattleMech,40,1375,3068
9346,Phantom G,Phantom,G,18,BattleMech,40,975,3090
2486,Phantom H,Phantom,H,18,BattleMech,40,1178,3062
9347,Phantom I,Phantom,I,18,BattleMech,40,1713,3141
9348,Phantom J,Phantom,J,18,BattleMech,40,1902,3141
9349,Phantom K,Phantom,K,18,BattleMech,40,1387,3141
9350,Phantom L,Phantom,L,18,BattleMech,40,1178,3142
2487,Phantom Prime,Phantom,Prime,18,BattleMech,40,1159,3052
9351,Phantom R,Phantom,R,18,BattleMech,40,1365,3145
9345,Phantom T,Phantom,T,18,BattleMech,40,1138,3142
7752,Phoenix Hawk C,Phoenix Hawk,C,18,BattleMech,45,1396,2831
7753,Phoenix Hawk C 2,Phoenix Hawk,C 2,18,BattleMech,45,2187,3140
2511,Phoenix Hawk IIC  ,Phoenix Hawk IIC, ,18,BattleMech,80,2057,2851
8197,Phoenix Hawk IIC 10,Phoenix Hawk IIC,10,18,BattleMech,80,2762,3146
2512,Phoenix Hawk IIC 2,Phoenix Hawk IIC,2,18,BattleMech,80,2892,2852
2513,Phoenix Hawk IIC 3,Phoenix Hawk IIC,3,18,BattleMech,80,2448,3062
2514,Phoenix Hawk IIC 4,Phoenix Hawk IIC,4,18,BattleMech,80,2483,3065
2515,Phoenix Hawk IIC 5,Phoenix Hawk IIC,5,18,BattleMech,80,2350,3069
2516,Phoenix Hawk IIC 6,Phoenix Hawk IIC,6,18,BattleMech,80,2490,3070
2517,Phoenix Hawk IIC 7,Phoenix Hawk IIC,7,18,BattleMech,80,2219,3078
2518,Phoenix Hawk IIC 8,Phoenix Hawk IIC,8,18,BattleMech,80,2881,3086
8196,Phoenix Hawk IIC 9,Phoenix Hawk IIC,9,18,BattleMech,80,2469,2853
6390,"Phoenix Hawk L ""Fenikkusu Taka"" PXH-11K","Phoenix Hawk L ""Fenikkusu Taka""",PXH-11K,18,BattleMech,35,1563,3116
6391,"Phoenix Hawk L ""Fenikkusu Taka"" PXH-11K2","Phoenix Hawk L ""Fenikkusu Taka""",PXH-11K2,18,BattleMech,35,1233,3116
4820,Phoenix Hawk LAM C,Phoenix Hawk LAM,C,18,BattleMech,0,0,3058
4824,Phoenix Hawk LAM Mk I PHX-HK1,Phoenix Hawk LAM Mk I,PHX-HK1,18,BattleMech,50,0,2692
4825,Phoenix Hawk LAM Mk I PHX-HK1R,Phoenix Hawk LAM Mk I,PHX-HK1R,18,BattleMech,50,0,2695
4821,Phoenix Hawk LAM PHX-HK1RB,Phoenix Hawk LAM,PHX-HK1RB,18,BattleMech,50,0,3077
4822,Phoenix Hawk LAM PHX-HK2,Phoenix Hawk LAM,PHX-HK2,18,BattleMech,50,1555,2701
4823,Phoenix Hawk LAM PHX-HK2M,Phoenix Hawk LAM,PHX-HK2M,18,BattleMech,50,0,2953
2491,Phoenix Hawk PXH-1,Phoenix Hawk,PXH-1,18,BattleMech,45,1041,2568
4819,Phoenix Hawk PXH-1 Upgraded,Phoenix Hawk,PXH-1 Upgraded,18,BattleMech,45,0,Unknown
7678,Phoenix Hawk PXH-1-EC,Phoenix Hawk,PXH-1-EC,18,BattleMech,45,1206,2819
2494,Phoenix Hawk PXH-1D,Phoenix Hawk,PXH-1D,18,BattleMech,45,1083,2586
2495,Phoenix Hawk PXH-1K,Phoenix Hawk,PXH-1K,18,BattleMech,45,1073,2603
5872,Phoenix Hawk PXH-1Kk,Phoenix Hawk,PXH-1Kk,18,BattleMech,45,0,Unknown
2492,"Phoenix Hawk PXH-1b ""Special""",Phoenix Hawk,"PXH-1b ""Special""",18,BattleMech,45,1512,2760
7602,Phoenix Hawk PXH-1bC,Phoenix Hawk,PXH-1bC,18,BattleMech,45,1174,3052
2493,"Phoenix Hawk PXH-1c ""Special""",Phoenix Hawk,"PXH-1c ""Special""",18,BattleMech,45,1443,2765
2496,Phoenix Hawk PXH-2,Phoenix Hawk,PXH-2,18,BattleMech,45,1145,2599
2497,Phoenix Hawk PXH-2K,Phoenix Hawk,PXH-2K,18,BattleMech,45,1271,3050
7760,Phoenix Hawk PXH-3D,Phoenix Hawk,PXH-3D,18,BattleMech,45,1315,3048
7699,Phoenix Hawk PXH-3D (Jiemin),Phoenix Hawk,PXH-3D (Jiemin),18,BattleMech,45,1322,3065
2498,Phoenix Hawk PXH-3K,Phoenix Hawk,PXH-3K,18,BattleMech,45,1359,3050
2499,Phoenix Hawk PXH-3M,Phoenix Hawk,PXH-3M,18,BattleMech,45,1307,3045
2500,Phoenix Hawk PXH-3M (Masters),Phoenix Hawk,PXH-3M (Masters),18,BattleMech,45,1154,3051
2501,Phoenix Hawk PXH-3PL,Phoenix Hawk,PXH-3PL,18,BattleMech,45,1244,3067
2502,Phoenix Hawk PXH-3S,Phoenix Hawk,PXH-3S,18,BattleMech,45,1237,3042
2503,Phoenix Hawk PXH-4L,Phoenix Hawk,PXH-4L,18,BattleMech,45,1282,3066
5807,Phoenix Hawk PXH-4L (Sante),Phoenix Hawk,PXH-4L (Sante),18,BattleMech,45,1442,3068
7750,Phoenix Hawk PXH-4M,Phoenix Hawk,PXH-4M,18,BattleMech,45,1327,3087
2504,Phoenix Hawk PXH-4W,Phoenix Hawk,PXH-4W,18,BattleMech,45,1395,3079
2505,Phoenix Hawk PXH-5L,Phoenix Hawk,PXH-5L,18,BattleMech,45,1530,3069
2506,Phoenix Hawk PXH-6D,Phoenix Hawk,PXH-6D,18,BattleMech,45,1665,3067
2507,Phoenix Hawk PXH-7CS,Phoenix Hawk,PXH-7CS,18,BattleMech,45,1281,3067
2508,Phoenix Hawk PXH-7K,Phoenix Hawk,PXH-7K,18,BattleMech,45,1241,3070
8372,"Phoenix Hawk PXH-7KJ ""Jasmine""",Phoenix Hawk,"PXH-7KJ ""Jasmine""",18,BattleMech,45,1513,3142
2509,Phoenix Hawk PXH-7S,Phoenix Hawk,PXH-7S,18,BattleMech,45,1496,3067
2510,Phoenix Hawk PXH-8CS,Phoenix Hawk,PXH-8CS,18,BattleMech,45,1442,3080
7751,Phoenix Hawk PXH-9,Phoenix Hawk,PXH-9,18,BattleMech,45,1244,3140
8106,Phoenix Hawk PXH-99,Phoenix Hawk,PXH-99,18,BattleMech,45,1444,3134
7467,Phoenix PX-1KC,Phoenix,PX-1KC,18,BattleMech,50,766,3065
7468,Phoenix PX-1KL,Phoenix,PX-1KL,18,BattleMech,50,930,3070
7469,Phoenix PX-1KR,Phoenix,PX-1KR,18,BattleMech,50,760,3079
7470,Phoenix PX-1KT,Phoenix,PX-1KT,18,BattleMech,50,857,3070
2488,Phoenix PX-1R,Phoenix,PX-1R,18,BattleMech,50,917,2474
2489,Phoenix PX-3R,Phoenix,PX-3R,18,BattleMech,50,1106,2520
2490,Phoenix PX-4R,Phoenix,PX-4R,18,BattleMech,50,996,2581
6517,Picaroon CSR-F100,Picaroon,CSR-F100,17,Aerospace,35,1290,3097
4826,PickerMech  ,PickerMech, ,20,IndustrialMech,0,0,Unknown
2523,Pike Support Vehicle  ,Pike Support Vehicle, ,19,Combat Vehicle,60,648,2987
2519,Pike Support Vehicle (AC5),Pike Support Vehicle,(AC5),19,Combat Vehicle,60,715,3004
2520,Pike Support Vehicle (Clan),Pike Support Vehicle,(Clan),19,Combat Vehicle,60,892,3055
9423,Pike Support Vehicle (LB-X),Pike Support Vehicle,(LB-X),19,Combat Vehicle,60,862,3134
2521,Pike Support Vehicle (Missile),Pike Support Vehicle,(Missile),19,Combat Vehicle,60,943,2993
9424,Pike Support Vehicle (Plasma),Pike Support Vehicle,(Plasma),19,Combat Vehicle,60,1367,3145
2522,"Pike Support Vehicle (RAC) ""Assault Pike""",Pike Support Vehicle,"(RAC) ""Assault Pike""",19,Combat Vehicle,60,961,3064
2524,Pillager PLG-1N,Pillager,PLG-1N,18,BattleMech,100,1812,2575
2525,Pillager PLG-3Z,Pillager,PLG-3Z,18,BattleMech,100,2697,2594
2526,"Pillager PLG-4X ""Anvil""",Pillager,"PLG-4X ""Anvil""",18,BattleMech,100,1927,3077
2527,Pillager PLG-4Z,Pillager,PLG-4Z,18,BattleMech,100,2868,3064
2528,Pillager PLG-5L,Pillager,PLG-5L,18,BattleMech,100,2656,3068
2529,Pillager PLG-5Z,Pillager,PLG-5Z,18,BattleMech,100,2939,3070
9464,Pillager PLG-6Z,Pillager,PLG-6Z,18,BattleMech,100,2714,3142
2531,Pilum Heavy Tank  ,Pilum Heavy Tank, ,19,Combat Vehicle,70,1121,3057
2530,Pilum Heavy Tank (Arrow IV),Pilum Heavy Tank,(Arrow IV),19,Combat Vehicle,70,1102,3059
8048,Pilum Heavy Tank (ELRM),Pilum Heavy Tank,(ELRM),19,Combat Vehicle,70,1302,3148
4829,Pinion  ,Pinion, ,18,BattleMech,45,1646,3065
4830,Pinion 2,Pinion,2,18,BattleMech,45,1657,3068
5675,Pinion 3,Pinion,3,18,BattleMech,45,1611,3069
4831,Pintel Heavy Combat ATV  ,Pintel Heavy Combat ATV, ,24,Support Vehicle,0.5,0,3001
2532,Pinto Attack VTOL  ,Pinto Attack VTOL, ,19,Combat Vehicle,30,710,3055
2533,Pinto Attack VTOL (WoB),Pinto Attack VTOL,(WoB),19,Combat Vehicle,30,703,3070
4832,Pinto Corvette  ,Pinto Corvette, ,81,Advanced Aerospace,160000,0,2502
2535,Piranha  ,Piranha, ,18,BattleMech,20,998,3051
2536,Piranha 2,Piranha,2,18,BattleMech,20,853,3067
2537,Piranha 3,Piranha,3,18,BattleMech,20,1142,3068
2534,Piranha 4,Piranha,4,18,BattleMech,20,1063,3072
8122,Piranha 5,Piranha,5,18,BattleMech,20,1132,3140
4835,Pirate  ,Pirate, ,21,Infantry,6,69,2500
4828,Pit Bull Medium Truck  ,Pit Bull Medium Truck, ,24,Support Vehicle,3,0,3035
6445,Pixiu Heavy Tank  ,Pixiu Heavy Tank, ,19,Combat Vehicle,70,1450,3093
2541,Plainsman Medium Hovertank  ,Plainsman Medium Hovertank, ,19,Combat Vehicle,35,600,3030
2539,Plainsman Medium Hovertank (Scout),Plainsman Medium Hovertank,(Scout),19,Combat Vehicle,35,578,3065
2540,Plainsman Medium Hovertank (Sealed),Plainsman Medium Hovertank,(Sealed),19,Combat Vehicle,35,632,3074
2542,Plainsman Medium Hovertank (Streak),Plainsman Medium Hovertank,(Streak),19,Combat Vehicle,35,600,3071
2544,Planetlifter Air Transport  ,Planetlifter Air Transport, ,17,Aerospace,50,156,2598
2543,"Planetlifter Air Transport ""SuperPelican"" aka ""Waddle""",Planetlifter Air Transport,"""SuperPelican"" aka ""Waddle""",17,Aerospace,50,282,2676
4836,Planetlifter Air Transport Graf-Tengu,Planetlifter Air Transport,Graf-Tengu,17,Aerospace,50,0,Unknown
4837,Planetlifter Air Transport Manazuru,Planetlifter Air Transport,Manazuru,17,Aerospace,50,0,Unknown
4838,Planetlifter Air Transport Wakusei no Mochiagerumono,Planetlifter Air Transport,Wakusei no Mochiagerumono,17,Aerospace,50,0,Unknown
4839,Planetlifter Air Transport Yangtze,Planetlifter Air Transport,Yangtze,17,Aerospace,50,0,Unknown
4840,Planetlifter Tactical Support Aircraft  ,Planetlifter Tactical Support Aircraft, ,17,Aerospace,50,475,3072
2549,Po Heavy Tank  ,Po Heavy Tank, ,19,Combat Vehicle,60,719,3031
2546,Po Heavy Tank (HV Prototype),Po Heavy Tank,(HV Prototype),19,Combat Vehicle,60,870,3077
4841,Po Heavy Tank (HV),Po Heavy Tank,(HV),19,Combat Vehicle,60,1021,3079
2547,Po Heavy Tank (LB-X),Po Heavy Tank,(LB-X),19,Combat Vehicle,60,778,3069
2548,Po Heavy Tank (Light Gauss),Po Heavy Tank,(Light Gauss),19,Combat Vehicle,60,734,3059
2551,Po II Heavy Tank  ,Po II Heavy Tank, ,19,Combat Vehicle,60,1181,3077
2550,Po II Heavy Tank (Arrow IV),Po II Heavy Tank,(Arrow IV),19,Combat Vehicle,60,1118,3085
6794,Po II Heavy Tank (Gauss),Po II Heavy Tank,(Gauss),19,Combat Vehicle,60,1215,3086
6795,Po II Heavy Tank (Stealth),Po II Heavy Tank,(Stealth),19,Combat Vehicle,60,1415,3089
2552,Poignard PGD-L3,Poignard,PGD-L3,17,Aerospace,35,968,3085
2553,Poignard PGD-R3,Poignard,PGD-R3,17,Aerospace,35,1173,3085
2554,Poignard PGD-Y3,Poignard,PGD-Y3,17,Aerospace,35,1292,3083
6779,Pollux ADA Heavy Tank  ,Pollux ADA Heavy Tank, ,19,Combat Vehicle,75,772,2710
7401,Pollux II ADA Heavy Tank  ,Pollux II ADA Heavy Tank, ,19,Combat Vehicle,75,1224,Unknown
4842,Pompier GM-3A FireMech,Pompier,GM-3A FireMech,20,IndustrialMech,15,106,3044
4843,Pompier GM-3CD FireMech,Pompier,GM-3CD FireMech,20,IndustrialMech,15,118,3062
4844,Pompier GM-3HT FireMech,Pompier,GM-3HT FireMech,20,IndustrialMech,15,106,3060
7837,Pompier GM-4P PoliceMech,Pompier,GM-4P PoliceMech,20,IndustrialMech,15,148,3085
5780,Pompier GM-FL FireMech,Pompier,GM-FL FireMech,20,IndustrialMech,15,88,3076
2555,Porcupine PRC-1N,Porcupine,PRC-1N,18,BattleMech,20,870,3063
2556,Porcupine PRC-2N,Porcupine,PRC-2N,18,BattleMech,20,901,3067
8102,Porcupine PRC-3N,Porcupine,PRC-3N,18,BattleMech,20,511,3132
4845,Poseidon Mobile Engineering Platform  ,Poseidon Mobile Engineering Platform, ,24,Support Vehicle,800,0,3048
6684,Poseidon PSD-V2,Poseidon,PSD-V2,18,BattleMech,125,3677,3136
4002,Poseidon Speedboat  ,Poseidon Speedboat, ,24,Support Vehicle,0.5,0,2812
4846,Potemkin Troop Cruiser (2611),Potemkin Troop Cruiser,(2611),81,Advanced Aerospace,1510000,0,2611
4847,Potemkin Troop Cruiser (Clan),Potemkin Troop Cruiser,(Clan),81,Advanced Aerospace,1510000,0,2875
4848,Pouncer (Oren),Pouncer,(Oren),18,BattleMech,40,0,Unknown
2557,Pouncer A,Pouncer,A,18,BattleMech,40,2081,3050
2558,Pouncer B,Pouncer,B,18,BattleMech,40,1836,3050
2559,Pouncer C,Pouncer,C,18,BattleMech,40,1653,3050
2560,Pouncer D,Pouncer,D,18,BattleMech,40,2246,3050
2561,Pouncer E,Pouncer,E,18,BattleMech,40,1632,3061
4850,Pouncer F,Pouncer,F,18,BattleMech,40,1308,3069
9261,Pouncer G,Pouncer,G,18,BattleMech,40,1808,3142
2562,Pouncer H,Pouncer,H,18,BattleMech,40,1784,3062
9263,Pouncer I,Pouncer,I,18,BattleMech,40,1781,3142
2563,Pouncer Prime,Pouncer,Prime,18,BattleMech,40,2557,3050
9262,Pouncer T,Pouncer,T,18,BattleMech,40,1573,3142
9264,Pouncer W,Pouncer,W,18,BattleMech,40,1751,3089
9265,Pouncer X,Pouncer,X,18,BattleMech,40,1455,3147
4851,PowerLoader Exoskeleton P-5000 (Sqd4),PowerLoader Exoskeleton,P-5000 (Sqd4),21,Infantry,0.4,20,3054
8658,PowerLoader Exoskeleton P-5000 (Sqd5),PowerLoader Exoskeleton,P-5000 (Sqd5),21,Infantry,0.4,27,3054
9022,PowerLoader Exoskeleton P-5000 (Sqd6),PowerLoader Exoskeleton,P-5000 (Sqd6),21,Infantry,0.4,35,3054
4854,PowerSat  ,PowerSat, ,79,Advanced Support,45,0,2798
2564,Powerman SC XI LoaderMech,Powerman,SC XI LoaderMech,20,IndustrialMech,35,198,2764
2565,Powerman SC XI-M HaulerMech MOD,Powerman,SC XI-M HaulerMech MOD,20,IndustrialMech,35,294,2801
2566,Powerman SC XI-M-B HaulerMech MOD,Powerman,SC XI-M-B HaulerMech MOD,20,IndustrialMech,35,277,2801
4852,Powerman SC XV HaulerMech,Powerman,SC XV HaulerMech,20,IndustrialMech,35,198,2895
4853,Powerman SC XVI HaulerMech,Powerman,SC XVI HaulerMech,20,IndustrialMech,35,198,3068
6957,Praetorian Mobile Strategic Command HQ,Praetorian Mobile Strategic Command HQ,,19,Combat Vehicle,60,785,3091
7334,Prairie Schooner Land Train,Prairie Schooner Land Train,,24,Support Vehicle,90,393,3058
7335,Prairie Schooner Module  ,Prairie Schooner Module, ,24,Support Vehicle,30,99,3058
2567,Predator  ,Predator, ,18,BattleMech,60,1754,3060
2568,Predator 2,Predator,2,18,BattleMech,60,2159,3075
6441,Predator Tank Destroyer  ,Predator Tank Destroyer, ,19,Combat Vehicle,45,775,3103
8053,Predator Tank Destroyer (Elite),Predator Tank Destroyer,(Elite),19,Combat Vehicle,45,1051,3144
6442,Predator Tank Destroyer (Original),Predator Tank Destroyer,(Original),19,Combat Vehicle,45,480,2942
7348,Prefect PRF-1C,Prefect,PRF-1C,18,BattleMech,75,1857,3133
2569,Prefect PRF-1R,Prefect,PRF-1R,18,BattleMech,75,1847,3085
2570,Prefect PRF-1R (Veronica),Prefect,PRF-1R (Veronica),18,BattleMech,75,1835,3085
2571,Prefect PRF-2R,Prefect,PRF-2R,18,BattleMech,75,1710,3086
6865,Prefect PRF-3R,Prefect,PRF-3R,18,BattleMech,75,2412,3145
4857,Pressurized Train Tractor  ,Pressurized Train Tractor, ,79,Advanced Support,50,0,2964
4858,Pressurized Train Trailer (Cargo),Pressurized Train Trailer,(Cargo),79,Advanced Support,50,0,2964
4859,Pressurized Train Trailer (Liquid Cargo),Pressurized Train Trailer,(Liquid Cargo),79,Advanced Support,50,0,2964
4860,Pressurized Train Trailer (Passenger 2),Pressurized Train Trailer,(Passenger 2),79,Advanced Support,50,0,2964
4861,Pressurized Train Trailer (Passenger),Pressurized Train Trailer,(Passenger),79,Advanced Support,50,0,2964
2572,Preta C-PRT-O (Kendali),Preta,C-PRT-O (Kendali),18,BattleMech,45,999,3071
2573,Preta C-PRT-O Invictus,Preta,C-PRT-O Invictus,18,BattleMech,45,1067,3069
2574,Preta C-PRT-OA Dominus,Preta,C-PRT-OA Dominus,18,BattleMech,45,1302,3069
2575,Preta C-PRT-OB Infernus,Preta,C-PRT-OB Infernus,18,BattleMech,45,1338,3069
2576,Preta C-PRT-OC Comminus,Preta,C-PRT-OC Comminus,18,BattleMech,45,1187,3069
2577,Preta C-PRT-OD Luminos,Preta,C-PRT-OD Luminos,18,BattleMech,45,1158,3069
2578,Preta C-PRT-OE Eminus,Preta,C-PRT-OE Eminus,18,BattleMech,45,1211,3072
2579,Preta C-PRT-OS Caelestis,Preta,C-PRT-OS Caelestis,18,BattleMech,45,1566,3075
2580,Preta C-PRT-OU Exanimus,Preta,C-PRT-OU Exanimus,18,BattleMech,45,1055,3077
6331,Prey Seeker PY-SR10,Prey Seeker,PY-SR10,18,BattleMech,15,595,3136
8068,Prey Seeker PY-SR20,Prey Seeker,PY-SR20,18,BattleMech,15,1060,3140
8069,Prey Seeker PY-SR30,Prey Seeker,PY-SR30,18,BattleMech,15,331,3141
5517,Primary Missile Hell  ,Primary Missile Hell, ,97,Building,150,0,Unknown
7817,Prime Mover  ,Prime Mover, ,24,Support Vehicle,60,173,2420
7818,Prime Mover (LRM),Prime Mover,(LRM),24,Support Vehicle,60,284,3050
9512,Prime Mover (Succession Wars),Prime Mover,(Succession Wars),24,Support Vehicle,60,0,2940
4864,Princess Luxury Liner  ,Princess Luxury Liner, ,17,Aerospace,11800,0,2657
4863,Princess Luxury Liner (Cargo),Princess Luxury Liner,(Cargo),17,Aerospace,11800,0,2823
4865,Procyon  ,Procyon, ,23,Protomech,5,178,3063
4870,Procyon (Quad)  ,Procyon (Quad), ,23,Protomech,6,237,3081
4866,Procyon 2,Procyon,2,23,Protomech,5,235,3064
4867,Procyon 3,Procyon,3,23,Protomech,5,163,3068
4868,Procyon 4,Procyon,4,23,Protomech,5,182,3068
4869,Procyon 5,Procyon,5,23,Protomech,5,196,3070
5629,Procyon Z,Procyon,Z,23,Protomech,5,180,Unknown
4871,Prometheus  ,Prometheus, ,18,BattleMech,75,2401,3053
4872,Prometheus Combat Support BridgeLayer  ,Prometheus Combat Support BridgeLayer, ,24,Support Vehicle,75,704,2471
4873,Protector Combat Support Fighter ASF-23,Protector Combat Support Fighter,ASF-23,17,Aerospace,50,0,3019
4874,Protector High-Speed Medevac C-790,Protector High-Speed Medevac,C-790,24,Support Vehicle,90,0,2997
4875,Provost Cargo Airship  ,Provost Cargo Airship, ,24,Support Vehicle,1000,0,2695
8144,Provost Cargo Airship (Artillery),Provost Cargo Airship,(Artillery),24,Support Vehicle,1000,0,2805
2586,Prowler Multi-Terrain Vehicle  ,Prowler Multi-Terrain Vehicle, ,19,Combat Vehicle,55,721,2611
6789,Prowler Multi-Terrain Vehicle (3140 Upgrade),Prowler Multi-Terrain Vehicle,(3140 Upgrade),19,Combat Vehicle,55,1245,3140
2583,Prowler Multi-Terrain Vehicle (ECM),Prowler Multi-Terrain Vehicle,(ECM),19,Combat Vehicle,55,788,2614
2584,Prowler Multi-Terrain Vehicle (RAF),Prowler Multi-Terrain Vehicle,(RAF),19,Combat Vehicle,55,679,3081
2585,Prowler Multi-Terrain Vehicle (Sealed),Prowler Multi-Terrain Vehicle,(Sealed),19,Combat Vehicle,55,680,2960
6790,Prowler Multi-Terrain Vehicle (Security),Prowler Multi-Terrain Vehicle,(Security),19,Combat Vehicle,55,1160,3123
2587,Prowler Multi-Terrain Vehicle (Succession Wars),Prowler Multi-Terrain Vehicle,(Succession Wars),19,Combat Vehicle,55,703,2863
2588,Prowler Multi-Terrain Vehicle (Support),Prowler Multi-Terrain Vehicle,(Support),19,Combat Vehicle,55,799,2878
2589,Prowler Multi-Terrain Vehicle (WoB),Prowler Multi-Terrain Vehicle,(WoB),19,Combat Vehicle,55,697,3077
2581,Prowler PWR-1X,Prowler,PWR-1X,18,BattleMech,55,2019,3068
2582,Prowler PWR-1X1,Prowler,PWR-1X1,18,BattleMech,55,1922,3068
6784,Pueblo (2673),Pueblo,(2673),17,Aerospace,8400,10662,2673
4877,Pulsar Anti-Missile Satellite  ,Pulsar Anti-Missile Satellite, ,79,Advanced Support,0,0,Unknown
7648,Pulverizer  ,Pulverizer, ,18,BattleMech,90,2506,2845
2590,Pulverizer PUL-2V,Pulverizer,PUL-2V,18,BattleMech,90,2065,2823
7647,Pulverizer PUL-3R,Pulverizer,PUL-3R,18,BattleMech,90,2068,2823
2591,Puma (Adder) A,Puma (Adder),A,18,BattleMech,35,1437,3012
2592,Puma (Adder) B,Puma (Adder),B,18,BattleMech,35,1422,3010
2593,Puma (Adder) C,Puma (Adder),C,18,BattleMech,35,1372,3012
2594,Puma (Adder) D,Puma (Adder),D,18,BattleMech,35,1255,3010
2595,Puma (Adder) E,Puma (Adder),E,18,BattleMech,35,1272,3060
2596,Puma (Adder) H,Puma (Adder),H,18,BattleMech,35,1453,3059
7479,Puma (Adder) I,Puma (Adder),I,18,BattleMech,35,1575,3125
2597,Puma (Adder) J,Puma (Adder),J,18,BattleMech,35,1222,3070
7481,Puma (Adder) K,Puma (Adder),K,18,BattleMech,35,1281,3125
7482,Puma (Adder) L,Puma (Adder),L,18,BattleMech,35,1738,3147
2598,Puma (Adder) Prime,Puma (Adder),Prime,18,BattleMech,35,2083,3010
7483,Puma (Adder) S,Puma (Adder),S,18,BattleMech,35,1427,3050
7478,Puma (Adder) T,Puma (Adder),T,18,BattleMech,35,2182,3142
7589,Puma (Adder) TC,Puma (Adder),TC,18,BattleMech,35,1247,3052
4879,Puma Assault Tank PAT-001,Puma Assault Tank,PAT-001,19,Combat Vehicle,95,0,2650
4880,Puma Assault Tank PAT-002,Puma Assault Tank,PAT-002,19,Combat Vehicle,95,0,2657
2599,Puma Assault Tank PAT-005,Puma Assault Tank,PAT-005,19,Combat Vehicle,95,1353,2681
2600,Puma Assault Tank PAT-005b,Puma Assault Tank,PAT-005b,19,Combat Vehicle,95,1546,2751
2601,Puma Assault Tank PAT-007,Puma Assault Tank,PAT-007,19,Combat Vehicle,95,1323,3069
2602,Puma Assault Tank PAT-008,Puma Assault Tank,PAT-008,19,Combat Vehicle,95,1631,3069
5522,Punishment Bunker  ,Punishment Bunker, ,97,Building,150,0,Unknown
2603,Purifier Adaptive Battle Armor [Laser] (Sqd4),Purifier Adaptive Battle Armor,[Laser] (Sqd4),21,Infantry,1,269,3062
8569,Purifier Adaptive Battle Armor [Laser] (Sqd5),Purifier Adaptive Battle Armor,[Laser] (Sqd5),21,Infantry,1,362,3062
8933,Purifier Adaptive Battle Armor [Laser] (Sqd6),Purifier Adaptive Battle Armor,[Laser] (Sqd6),21,Infantry,1,466,3062
2604,Purifier Adaptive Battle Armor [Narc] (Sqd4),Purifier Adaptive Battle Armor,[Narc] (Sqd4),21,Infantry,1,197,3062
8570,Purifier Adaptive Battle Armor [Narc] (Sqd5),Purifier Adaptive Battle Armor,[Narc] (Sqd5),21,Infantry,1,265,3062
8934,Purifier Adaptive Battle Armor [Narc] (Sqd6),Purifier Adaptive Battle Armor,[Narc] (Sqd6),21,Infantry,1,341,3062
2605,Purifier Adaptive Battle Armor [PPC] (Sqd4),Purifier Adaptive Battle Armor,[PPC] (Sqd4),21,Infantry,1,245,3069
8571,Purifier Adaptive Battle Armor [PPC] (Sqd5),Purifier Adaptive Battle Armor,[PPC] (Sqd5),21,Infantry,1,330,3069
8935,Purifier Adaptive Battle Armor [PPC] (Sqd6),Purifier Adaptive Battle Armor,[PPC] (Sqd6),21,Infantry,1,424,3069
2606,Purifier Adaptive Battle Armor [TAG] (Sqd4),Purifier Adaptive Battle Armor,[TAG] (Sqd4),21,Infantry,1,133,3062
8572,Purifier Adaptive Battle Armor [TAG] (Sqd5),Purifier Adaptive Battle Armor,[TAG] (Sqd5),21,Infantry,1,179,3062
8936,Purifier Adaptive Battle Armor [TAG] (Sqd6),Purifier Adaptive Battle Armor,[TAG] (Sqd6),21,Infantry,1,230,3062
8091,Purifier Police Battle Armor  ,Purifier Police Battle Armor, ,21,Infantry,1,0,3075
5617,Purifier Terra Battle Armor [AP Gauss] (Sqd4),Purifier Terra Battle Armor,[AP Gauss] (Sqd4),21,Infantry,1,344,3075
8713,Purifier Terra Battle Armor [AP Gauss] (Sqd5),Purifier Terra Battle Armor,[AP Gauss] (Sqd5),21,Infantry,1,463,3075
9077,Purifier Terra Battle Armor [AP Gauss] (Sqd6),Purifier Terra Battle Armor,[AP Gauss] (Sqd6),21,Infantry,1,595,3075
5614,Purifier Terra Battle Armor [ERSL] (Sqd4),Purifier Terra Battle Armor,[ERSL] (Sqd4),21,Infantry,1,424,3075
8710,Purifier Terra Battle Armor [ERSL] (Sqd5),Purifier Terra Battle Armor,[ERSL] (Sqd5),21,Infantry,1,571,3075
9074,Purifier Terra Battle Armor [ERSL] (Sqd6),Purifier Terra Battle Armor,[ERSL] (Sqd6),21,Infantry,1,734,3075
5615,Purifier Terra Battle Armor [MRR] (Sqd4),Purifier Terra Battle Armor,[MRR] (Sqd4),21,Infantry,1,328,3075
8711,Purifier Terra Battle Armor [MRR] (Sqd5),Purifier Terra Battle Armor,[MRR] (Sqd5),21,Infantry,1,441,3075
9075,Purifier Terra Battle Armor [MRR] (Sqd6),Purifier Terra Battle Armor,[MRR] (Sqd6),21,Infantry,1,568,3075
5616,Purifier Terra Battle Armor [SPL] (Sqd4),Purifier Terra Battle Armor,[SPL] (Sqd4),21,Infantry,1,368,3075
8712,Purifier Terra Battle Armor [SPL] (Sqd5),Purifier Terra Battle Armor,[SPL] (Sqd5),21,Infantry,1,495,3075
9076,Purifier Terra Battle Armor [SPL] (Sqd6),Purifier Terra Battle Armor,[SPL] (Sqd6),21,Infantry,1,637,3075
4882,Pwwka S-PW-1LAM,Pwwka,S-PW-1LAM,18,BattleMech,30,1638,3078
5799,QR 243 Relay Satellite  ,QR 243 Relay Satellite, ,79,Advanced Support,65,33,Unknown
7663,Qasar A,Qasar,A,17,Aerospace,80,2754,2905
7664,Qasar B,Qasar,B,17,Aerospace,80,2905,2905
7665,Qasar C,Qasar,C,17,Aerospace,80,3259,3137
7666,Qasar D,Qasar,D,17,Aerospace,80,2261,3137
4883,Qasar Prime,Qasar,Prime,17,Aerospace,80,2882,2905
7297,Quaestor Mobile Tactical Command HQ  ,Quaestor Mobile Tactical Command HQ, ,19,Combat Vehicle,30,437,3095
4884,Quark Motors Hovercraft,Quark Motors Hovercraft,,24,Support Vehicle,0,0,Unknown
6509,Quasimodo QSM-3D,Quasimodo,QSM-3D,18,BattleMech,55,1575,3140
2607,Quasit QUA-51M MilitiaMech,Quasit,QUA-51M MilitiaMech,20,IndustrialMech,45,636,3073
2608,Quasit QUA-51P MilitiaMech,Quasit,QUA-51P MilitiaMech,20,IndustrialMech,45,779,3074
2609,Quasit QUA-51T MilitiaMech,Quasit,QUA-51T MilitiaMech,20,IndustrialMech,45,670,2517
4885,Quetzalcoatl-Scout JumpShip  ,Quetzalcoatl-Scout JumpShip, ,81,Advanced Aerospace,0,0,2876
2610,Quickdraw QKD-4G,Quickdraw,QKD-4G,18,BattleMech,60,1192,2779
2611,Quickdraw QKD-4H,Quickdraw,QKD-4H,18,BattleMech,60,1242,2847
2612,Quickdraw QKD-5A,Quickdraw,QKD-5A,18,BattleMech,60,1196,3002
2613,Quickdraw QKD-5K,Quickdraw,QKD-5K,18,BattleMech,60,1265,3049
4886,Quickdraw QKD-5K2,Quickdraw,QKD-5K2,18,BattleMech,60,1312,3057
2614,Quickdraw QKD-5M,Quickdraw,QKD-5M,18,BattleMech,60,1237,3049
2615,Quickdraw QKD-5Mr,Quickdraw,QKD-5Mr,18,BattleMech,60,1471,3070
2616,Quickdraw QKD-8K,Quickdraw,QKD-8K,18,BattleMech,60,1583,3064
4887,Quickdraw QKD-8P,Quickdraw,QKD-8P,18,BattleMech,60,1598,3084
2617,Quickdraw QKD-8X,Quickdraw,QKD-8X,18,BattleMech,60,1612,3073
9320,Quickdraw QKD-9G,Quickdraw,QKD-9G,18,BattleMech,60,2224,3144
6887,Quickdraw QKD-9M,Quickdraw,QKD-9M,18,BattleMech,60,1690,3086
2618,Quickdraw QKD-C,Quickdraw,QKD-C,18,BattleMech,60,1225,3053
4888,Quicksilver Mongoose Battleship  ,Quicksilver Mongoose Battleship, ,81,Advanced Aerospace,900000,83704,2844
4889,Quicksilver Personal Sports Craft  ,Quicksilver Personal Sports Craft, ,24,Support Vehicle,4.5,0,3058
6644,Quirinus Battle Armor [David] (Sqd4),Quirinus Battle Armor,[David] (Sqd4),21,Infantry,1,256,3093
8774,Quirinus Battle Armor [David] (Sqd5),Quirinus Battle Armor,[David] (Sqd5),21,Infantry,1,345,3093
6645,Quirinus Battle Armor [GL] (Sqd4),Quirinus Battle Armor,[GL] (Sqd4),21,Infantry,1,216,3093
8775,Quirinus Battle Armor [GL] (Sqd5),Quirinus Battle Armor,[GL] (Sqd5),21,Infantry,1,291,3093
9138,Quirinus Battle Armor [GL] (Sqd6),Quirinus Battle Armor,[GL] (Sqd6),21,Infantry,1,374,3093
6646,Quirinus Battle Armor [MG] (Sqd4),Quirinus Battle Armor,[MG] (Sqd4),21,Infantry,1,240,3093
8776,Quirinus Battle Armor [MG] (Sqd5),Quirinus Battle Armor,[MG] (Sqd5),21,Infantry,1,323,3093
9139,Quirinus Battle Armor [MG] (Sqd6),Quirinus Battle Armor,[MG] (Sqd6),21,Infantry,1,416,3093
4890,Quixote Frigate  ,Quixote Frigate, ,81,Advanced Aerospace,780000,0,2350
6493,R10 Mechanized ICV (Coolant Truck),R10 Mechanized ICV,(Coolant Truck),19,Combat Vehicle,45,355,3097
6491,R10 Mechanized ICV A,R10 Mechanized ICV,A,19,Combat Vehicle,45,839,3097
6492,R10 Mechanized ICV B,R10 Mechanized ICV,B,19,Combat Vehicle,45,756,3097
6490,R10 Mechanized ICV Prime,R10 Mechanized ICV,Prime,19,Combat Vehicle,45,746,3097
7411,RR-3 Recovery Vehicle,RR-3,Recovery Vehicle,24,Support Vehicle,55,213,2439
4891,Rabid Coyote  ,Rabid Coyote, ,18,BattleMech,55,2081,3066
5682,Rabid Coyote 2,Rabid Coyote,2,18,BattleMech,55,2083,3071
2619,Raiden Battle Armor (Anti-Infantry) (Sqd4),Raiden Battle Armor (Anti-Infantry),(Sqd4),21,Infantry,1,243,3058
8573,Raiden Battle Armor (Anti-Infantry) (Sqd5),Raiden Battle Armor (Anti-Infantry),(Sqd5),21,Infantry,1,327,3058
8937,Raiden Battle Armor (Anti-Infantry) (Sqd6),Raiden Battle Armor (Anti-Infantry),(Sqd6),21,Infantry,1,420,3058
2620,Raiden Battle Armor (Original) (Sqd4),Raiden Battle Armor (Original),(Sqd4),21,Infantry,1,209,3052
8574,Raiden Battle Armor (Original) (Sqd5),Raiden Battle Armor (Original),(Sqd5),21,Infantry,1,282,3052
8938,Raiden Battle Armor (Original) (Sqd6),Raiden Battle Armor (Original),(Sqd6),21,Infantry,1,362,3052
2621,Raiden Battle Armor [Flamer] (Sqd4),Raiden Battle Armor,[Flamer] (Sqd4),21,Infantry,1,199,3055
8575,Raiden Battle Armor [Flamer] (Sqd5),Raiden Battle Armor,[Flamer] (Sqd5),21,Infantry,1,268,3055
8939,Raiden Battle Armor [Flamer] (Sqd6),Raiden Battle Armor,[Flamer] (Sqd6),21,Infantry,1,344,3055
2622,Raiden Battle Armor [Laser] (Sqd4),Raiden Battle Armor,[Laser] (Sqd4),21,Infantry,1,231,3055
8576,Raiden Battle Armor [Laser] (Sqd5),Raiden Battle Armor,[Laser] (Sqd5),21,Infantry,1,311,3055
8940,Raiden Battle Armor [Laser] (Sqd6),Raiden Battle Armor,[Laser] (Sqd6),21,Infantry,1,400,3055
2623,Raiden Battle Armor [MG] (Sqd4),Raiden Battle Armor,[MG] (Sqd4),21,Infantry,1,199,3055
8577,Raiden Battle Armor [MG] (Sqd5),Raiden Battle Armor,[MG] (Sqd5),21,Infantry,1,268,3055
8941,Raiden Battle Armor [MG] (Sqd6),Raiden Battle Armor,[MG] (Sqd6),21,Infantry,1,344,3055
2624,Raiden Battle Armor [MRM] (Sqd4),Raiden Battle Armor,[MRM] (Sqd4),21,Infantry,1,195,3064
8578,Raiden Battle Armor [MRM] (Sqd5),Raiden Battle Armor,[MRM] (Sqd5),21,Infantry,1,262,3064
8942,Raiden Battle Armor [MRM] (Sqd6),Raiden Battle Armor,[MRM] (Sqd6),21,Infantry,1,337,3064
2625,Raiden Battle Armor [Tsunami] (Sqd4),Raiden Battle Armor,[Tsunami] (Sqd4),21,Infantry,1,207,3056
8579,Raiden Battle Armor [Tsunami] (Sqd5),Raiden Battle Armor,[Tsunami] (Sqd5),21,Infantry,1,279,3056
8943,Raiden Battle Armor [Tsunami] (Sqd6),Raiden Battle Armor,[Tsunami] (Sqd6),21,Infantry,1,358,3056
6731,Raiden II Battle Armor [Flamer] (Sqd4),Raiden II Battle Armor,[Flamer] (Sqd4),21,Infantry,1,260,3123
8786,Raiden II Battle Armor [Flamer] (Sqd5),Raiden II Battle Armor,[Flamer] (Sqd5),21,Infantry,1,350,3123
9149,Raiden II Battle Armor [Flamer] (Sqd6),Raiden II Battle Armor,[Flamer] (Sqd6),21,Infantry,1,450,3123
6732,Raiden II Battle Armor [HMG] (Sqd4),Raiden II Battle Armor,[HMG] (Sqd4),21,Infantry,1,268,3123
8787,Raiden II Battle Armor [HMG] (Sqd5),Raiden II Battle Armor,[HMG] (Sqd5),21,Infantry,1,360,3123
9150,Raiden II Battle Armor [HMG] (Sqd6),Raiden II Battle Armor,[HMG] (Sqd6),21,Infantry,1,463,3123
6955,Raider JL-1,Raider,JL-1,18,BattleMech,50,817,3134
8070,Raider JL-3A,Raider,JL-3A,18,BattleMech,50,988,3138
8071,Raider JL-3B,Raider,JL-3B,18,BattleMech,50,1126,3138
6956,Raider Mk II JL-2,Raider,Mk II JL-2,18,BattleMech,50,883,3134
8072,Raider Mk II JL-3C,Raider,Mk II JL-3C,18,BattleMech,50,1007,3139
2628,Raijin II RJN-200-A,Raijin II,RJN-200-A,18,BattleMech,50,1763,3066
2629,Raijin II RJN-200-B,Raijin II,RJN-200-B,18,BattleMech,50,1439,3066
2630,Raijin II RJN-200-C,Raijin II,RJN-200-C,18,BattleMech,50,1754,3066
2626,Raijin RJN-101-A,Raijin,RJN-101-A,18,BattleMech,50,1350,3053
8429,Raijin RJN-101-B,Raijin,RJN-101-B,18,BattleMech,50,1383,3058
2627,Raijin RJN-101-C,Raijin,RJN-101-C,18,BattleMech,50,1389,3062
8415,Raijin RJN-101-X,Raijin,RJN-101-X,18,BattleMech,50,1302,3052
8416,Raijin RJN-301-B,Raijin,RJN-301-B,18,BattleMech,50,1365,3122
2631,Rakshasa MDG-1A,Rakshasa,MDG-1A,18,BattleMech,75,1795,3055
2632,Rakshasa MDG-1Ar,Rakshasa,MDG-1Ar,18,BattleMech,75,1675,3076
2633,Rakshasa MDG-1B,Rakshasa,MDG-1B,18,BattleMech,75,1748,3056
2634,Rakshasa MDG-2A,Rakshasa,MDG-2A,18,BattleMech,75,1766,3064
2635,Rampage RMP-2G,Rampage,RMP-2G,18,BattleMech,85,1444,2735
2636,Rampage RMP-4G,Rampage,RMP-4G,18,BattleMech,85,2130,2750
6974,Rampage RMP-4G (Benboudaoud),Rampage,RMP-4G (Benboudaoud),18,BattleMech,85,1751,2766
2637,Rampage RMP-5G,Rampage,RMP-5G,18,BattleMech,85,1933,2767
4893,Ranchhand AgroMech,Ranchhand,AgroMech,20,IndustrialMech,0,0,Unknown
5586,Randolph Support Vehicle  ,Randolph Support Vehicle, ,24,Support Vehicle,35,145,circa 2300
2638,Ranger Armored Fighting Vehicle VV1,Ranger Armored Fighting Vehicle,VV1,19,Combat Vehicle,45,604,3076
6755,Ranger Armored Fighting Vehicle VV1 (Interdictor),Ranger Armored Fighting Vehicle,VV1 (Interdictor),19,Combat Vehicle,45,688,3087
2639,Ranger Armored Fighting Vehicle VV1 (MG),Ranger Armored Fighting Vehicle,VV1 (MG),19,Combat Vehicle,45,607,3076
2640,Ranger Armored Fighting Vehicle VV2,Ranger Armored Fighting Vehicle,VV2,19,Combat Vehicle,45,711,3082
2641,Ranger Armored Fighting Vehicle VV22,Ranger Armored Fighting Vehicle,VV22,19,Combat Vehicle,45,786,3082
2642,Rapier RPR-100,Rapier,RPR-100,17,Aerospace,85,1554,2596
4894,Rapier RPR-100b,Rapier,RPR-100b,17,Aerospace,85,1751,2743
7690,Rapier RPR-100b-EC,Rapier,RPR-100b-EC,17,Aerospace,85,1822,2820
2643,Rapier RPR-101,Rapier,RPR-101,17,Aerospace,85,1807,2635
2644,Rapier RPR-102,Rapier,RPR-102,17,Aerospace,85,1327,2842
2645,Rapier RPR-200,Rapier,RPR-200,17,Aerospace,85,1797,2761
2646,Rapier RPR-300,Rapier,RPR-300,17,Aerospace,85,2019,3074
4895,Rapier RPR-300S,Rapier,RPR-300S,17,Aerospace,85,1867,3081
4896,Rapier RPR-300X,Rapier,RPR-300X,17,Aerospace,85,2007,3070
4897,Rapier-class Patrol Destroyer (Original),Rapier-class Patrol Destroyer,(Original),79,Advanced Support,8500,0,2943
2657,Raptor II RPT-2X,Raptor II,RPT-2X,18,BattleMech,40,896,3073
2658,Raptor II RPT-2X1,Raptor II,RPT-2X1,18,BattleMech,40,1274,3073
6918,Raptor II RPT-2X2,Raptor II,RPT-2X2,18,BattleMech,40,1868,3109
2659,Raptor II RPT-3X,Raptor II,RPT-3X,18,BattleMech,40,1304,3084
2660,Raptor II RPT-5X,Raptor II,RPT-5X,18,BattleMech,40,1124,3084
4900,Raptor RRV  ,Raptor RRV, ,24,Support Vehicle,0,0,3059
2647,Raptor RTX1-O,Raptor,RTX1-O,18,BattleMech,25,721,3052
2648,Raptor RTX1-OA,Raptor,RTX1-OA,18,BattleMech,25,783,3052
2649,Raptor RTX1-OB,Raptor,RTX1-OB,18,BattleMech,25,613,3052
2650,Raptor RTX1-OC,Raptor,RTX1-OC,18,BattleMech,25,870,3052
2651,Raptor RTX1-OD,Raptor,RTX1-OD,18,BattleMech,25,490,3052
2652,Raptor RTX1-OE,Raptor,RTX1-OE,18,BattleMech,25,597,3058
2653,Raptor RTX1-OF,Raptor,RTX1-OF,18,BattleMech,25,1029,3060
2654,Raptor RTX1-OG,Raptor,RTX1-OG,18,BattleMech,25,857,3070
2655,Raptor RTX1-OR,Raptor,RTX1-OR,18,BattleMech,25,1393,3059
2656,Raptor RTX1-OU,Raptor,RTX1-OU,18,BattleMech,25,914,3077
4901,Rattler Mobile Fortress (Mk I),Rattler Mobile Fortress,(Mk I),79,Advanced Support,0,0,Unknown
9241,Rattlesnake II RSN-1,Rattlesnake II,RSN-1,18,BattleMech,45,1962,3149
9242,Rattlesnake II RSN-2,Rattlesnake II,RSN-2,18,BattleMech,45,1480,3149
9238,Rattlesnake JR7-31,Rattlesnake,JR7-31,18,BattleMech,35,1398,3042
9239,Rattlesnake JR7-31P,Rattlesnake,JR7-31P,18,BattleMech,35,1323,3043
9240,Rattlesnake JR7-31R (Gideon),Rattlesnake,JR7-31R (Gideon),18,BattleMech,35,1959,3084
4903,Raubvogel Aerobomber AB-18C,Raubvogel Aerobomber,AB-18C,17,Aerospace,45,0,3064
6746,Ravager Assault Battle Armor (LRM) (Sqd4),Ravager Assault Battle Armor,(LRM) (Sqd4),21,Infantry,2,404,3101
8801,Ravager Assault Battle Armor (LRM) (Sqd5),Ravager Assault Battle Armor,(LRM) (Sqd5),21,Infantry,2,543,3101
9164,Ravager Assault Battle Armor (LRM) (Sqd6),Ravager Assault Battle Armor,(LRM) (Sqd6),21,Infantry,2,699,3101
2661,Ravager Assault Battle Armor (Sqd4),Ravager Assault Battle Armor,(Sqd4),21,Infantry,2,351,3084
8580,Ravager Assault Battle Armor (Sqd5),Ravager Assault Battle Armor,(Sqd5),21,Infantry,2,473,3084
8944,Ravager Assault Battle Armor (Sqd6),Ravager Assault Battle Armor,(Sqd6),21,Infantry,2,608,3084
6458,Raven II RVN-5X,Raven II,RVN-5X,18,BattleMech,40,1858,3123
2662,Raven RVN-1X,Raven,RVN-1X,18,BattleMech,35,639,3024
2663,Raven RVN-2X,Raven,RVN-2X,18,BattleMech,35,887,3030
2664,Raven RVN-3L,Raven,RVN-3L,18,BattleMech,35,708,3048
5444,Raven RVN-3M,Raven,RVN-3M,18,BattleMech,35,659,3053
2665,Raven RVN-3X,Raven,RVN-3X,18,BattleMech,35,691,3028
2666,Raven RVN-4L,Raven,RVN-4L,18,BattleMech,35,873,3063
2667,Raven RVN-4LC,Raven,RVN-4LC,18,BattleMech,35,871,3062
2668,Raven RVN-4Lr,Raven,RVN-4Lr,18,BattleMech,35,943,3073
2669,Raven RVN-4X,Raven,RVN-4X,18,BattleMech,35,820,3031
7524,Raven RVN-5L,Raven,RVN-5L,18,BattleMech,35,1035,3125
2670,"Raven RVN-SR ""Shattered Raven""",Raven,"RVN-SR ""Shattered Raven""",18,BattleMech,35,601,3068
2671,"Raven RVN-SS ""Shattered Raven""",Raven,"RVN-SS ""Shattered Raven""",18,BattleMech,35,904,3069
2672,Raven X RVN-3X,Raven X,RVN-3X,18,BattleMech,35,1021,3078
8189,Rawhide RWD-R1,Rawhide,RWD-R1,18,BattleMech,55,1939,3137
5661,Razorback RZK-10S,Razorback,RZK-10S,18,BattleMech,30,821,3079
5662,Razorback RZK-10T,Razorback,RZK-10T,18,BattleMech,30,1172,3071
4904,Razorback RZK-9S,Razorback,RZK-9S,18,BattleMech,30,855,3063
4905,Razorback RZK-9T,Razorback,RZK-9T,18,BattleMech,30,1149,3066
7413,Reaper Self-Propelled Artillery,Reaper,Self-Propelled Artillery,24,Support Vehicle,55,250,2321
2673,Recon Infantry  ,Recon Infantry, ,21,Infantry,11,16,2500
6488,Red Kite Attack VTOL  ,Red Kite Attack VTOL, ,19,Combat Vehicle,25,835,3093
4906,Red Shift RDS-2A,Red Shift,RDS-2A,18,BattleMech,20,626,3062
4907,Red Shift RDS-2B,Red Shift,RDS-2B,18,BattleMech,20,555,3063
5652,Red Shift RDS-3A,Red Shift,RDS-3A,18,BattleMech,20,869,3068
4908,RedHawk Gunship VTOL,RedHawk Gunship VTOL,,24,Support Vehicle,0,0,2438
7684,Redback  ,Redback, ,18,BattleMech,75,2076,2828
8360,Regent A,Regent,A,18,BattleMech,90,3412,3145
8361,Regent B,Regent,B,18,BattleMech,90,2744,3145
8362,Regent C,Regent,C,18,BattleMech,90,2561,3145
8363,Regent D,Regent,D,18,BattleMech,90,2116,3145
8359,Regent Prime,Regent,Prime,18,BattleMech,90,2437,3145
2677,Regulator Hovertank  ,Regulator Hovertank, ,19,Combat Vehicle,45,1212,3057
2674,Regulator Hovertank (Alan),Regulator Hovertank,(Alan),19,Combat Vehicle,45,896,3077
2675,Regulator Hovertank (Arrow IV),Regulator Hovertank,(Arrow IV),19,Combat Vehicle,45,1016,3064
2676,Regulator Hovertank (RAC),Regulator Hovertank,(RAC),19,Combat Vehicle,45,1282,3068
2679,Regulator II Hovertank  ,Regulator II Hovertank, ,19,Combat Vehicle,50,1426,3076
2678,Regulator II Hovertank (RAC),Regulator II Hovertank,(RAC),19,Combat Vehicle,50,1490,3083
2680,Regulator II Hovertank (Stealth),Regulator II Hovertank,(Stealth),19,Combat Vehicle,50,971,3082
5797,Reptar EPT-C-1 MilitiaMech,Reptar,EPT-C-1 MilitiaMech,20,IndustrialMech,35,514,3086
7202,Resgate PA(L) (Interdictor) (Sqd4),Resgate PA(L),(Interdictor) (Sqd4),21,Infantry,0.4,61,3083
8804,Resgate PA(L) (Interdictor) (Sqd5),Resgate PA(L),(Interdictor) (Sqd5),21,Infantry,0.4,82,3083
9167,Resgate PA(L) (Interdictor) (Sqd6),Resgate PA(L),(Interdictor) (Sqd6),21,Infantry,0.4,105,3083
7203,Resgate PA(L) (Scout) (Sqd4),Resgate PA(L),(Scout) (Sqd4),21,Infantry,0.4,61,3083
8805,Resgate PA(L) (Scout) (Sqd5),Resgate PA(L),(Scout) (Sqd5),21,Infantry,0.4,82,3083
9168,Resgate PA(L) (Scout) (Sqd6),Resgate PA(L),(Scout) (Sqd6),21,Infantry,0.4,105,3083
7204,Resgate PA(L) (Spotter) (Sqd4),Resgate PA(L),(Spotter) (Sqd4),21,Infantry,0.4,54,3083
8806,Resgate PA(L) (Spotter) (Sqd5),Resgate PA(L),(Spotter) (Sqd5),21,Infantry,0.4,73,3083
9169,Resgate PA(L) (Spotter) (Sqd6),Resgate PA(L),(Spotter) (Sqd6),21,Infantry,0.4,94,3083
4909,Resgate PA(L) (Sqd4),Resgate PA(L),(Sqd4),21,Infantry,0.4,61,3059
8659,Resgate PA(L) (Sqd5),Resgate PA(L),(Sqd5),21,Infantry,0.4,82,3059
9023,Resgate PA(L) (Sqd6),Resgate PA(L),(Sqd6),21,Infantry,0.4,105,3059
7205,Resgate PA(L) (Support) (Sqd4),Resgate PA(L),(Support) (Sqd4),21,Infantry,0.4,94,3083
8807,Resgate PA(L) (Support) (Sqd5),Resgate PA(L),(Support) (Sqd5),21,Infantry,0.4,127,3083
9170,Resgate PA(L) (Support) (Sqd6),Resgate PA(L),(Support) (Sqd6),21,Infantry,0.4,203,3083
4911,Revenant UBM-1A,Revenant,UBM-1A,18,BattleMech,30,784,3075
6673,Revenant UBM-2R,Revenant,UBM-2R,18,BattleMech,30,779,3139
6714,Revenant UBM-2R2,Revenant,UBM-2R2,18,BattleMech,30,630,3139
6715,Revenant UBM-2R3,Revenant,UBM-2R3,18,BattleMech,30,770,3141
6716,Revenant UBM-2R4,Revenant,UBM-2R4,18,BattleMech,30,615,3142
6717,Revenant UBM-2R7,Revenant,UBM-2R7,18,BattleMech,30,472,3144
7883,Rhino  ,Rhino, ,18,BattleMech,50,2124,3137
9200,Rhino Battle Armor (Sqd4),Rhino Battle Armor,(Sqd4),21,Infantry,1.5,473,2871
4912,Rhino Battle Armor (Sqd5),Rhino Battle Armor,(Sqd5),21,Infantry,1.5,568,2871
9201,Rhino Battle Armor (Sqd6),Rhino Battle Armor,(Sqd6),21,Infantry,1.5,731,2871
4913,Rhino Fire Support Tank  ,Rhino Fire Support Tank, ,19,Combat Vehicle,80,1462,2669
2681,Rhino Fire Support Tank (Flamer),Rhino Fire Support Tank,(Flamer),19,Combat Vehicle,80,1439,2835
7327,Rhino Fire Support Tank (Hagar),Rhino Fire Support Tank,(Hagar),19,Combat Vehicle,80,1574,2765
2682,Rhino Fire Support Tank (MG),Rhino Fire Support Tank,(MG),19,Combat Vehicle,80,1444,2725
2683,Rhino Fire Support Tank (ML),Rhino Fire Support Tank,(ML),19,Combat Vehicle,80,1478,3068
2684,Rhino Fire Support Tank (Royal),Rhino Fire Support Tank,(Royal),19,Combat Vehicle,80,1670,2708
2685,Rhino Fire Support Tank (SL),Rhino Fire Support Tank,(SL),19,Combat Vehicle,80,1464,2724
7691,Rhino Fire Support Tank EC,Rhino Fire Support Tank,EC,19,Combat Vehicle,80,1679,2824
2687,Riever F-100,Riever,F-100,17,Aerospace,100,1539,2815
2688,Riever F-100a,Riever,F-100a,17,Aerospace,100,1575,2829
2689,Riever F-100b,Riever,F-100b,17,Aerospace,100,1262,2835
2690,Riever F-700,Riever,F-700,17,Aerospace,100,1626,3050
2691,Riever F-700a,Riever,F-700a,17,Aerospace,100,1994,3050
2692,Riever F-700b,Riever,F-700b,17,Aerospace,100,2377,3068
2693,Rifleman C,Rifleman,C,18,BattleMech,60,1335,2826
2694,Rifleman C 2,Rifleman,C 2,18,BattleMech,60,2150,3083
7576,Rifleman C 3,Rifleman,C 3,18,BattleMech,60,1871,3132
2709,Rifleman II RFL-3N-2,Rifleman II,RFL-3N-2,18,BattleMech,80,1543,2773
2710,Rifleman IIC  ,Rifleman IIC, ,18,BattleMech,65,2307,2845
8419,Rifleman IIC 10,Rifleman IIC,10,18,BattleMech,65,1587,3149
2711,Rifleman IIC 2,Rifleman IIC,2,18,BattleMech,65,1345,2997
2712,Rifleman IIC 3,Rifleman IIC,3,18,BattleMech,65,1733,3062
2713,Rifleman IIC 4,Rifleman IIC,4,18,BattleMech,65,2140,3065
2714,Rifleman IIC 5,Rifleman IIC,5,18,BattleMech,65,2343,3069
2715,Rifleman IIC 6,Rifleman IIC,6,18,BattleMech,65,2251,3071
2716,Rifleman IIC 7,Rifleman IIC,7,18,BattleMech,65,2205,3078
2717,Rifleman IIC 8,Rifleman IIC,8,18,BattleMech,65,2541,3078
8418,Rifleman IIC 9,Rifleman IIC,9,18,BattleMech,65,2794,3148
7323,Rifleman III RF2-A,Rifleman III,RF2-A,18,BattleMech,90,1819,2776
7183,Rifleman RFL-1N,Rifleman,RFL-1N,18,BattleMech,50,931,2504
7184,Rifleman RFL-2N,Rifleman,RFL-2N,18,BattleMech,50,1093,2556
2695,Rifleman RFL-3C,Rifleman,RFL-3C,18,BattleMech,60,1066,3026
2696,Rifleman RFL-3Cr,Rifleman,RFL-3Cr,18,BattleMech,60,1129,3071
4917,Rifleman RFL-3M,Rifleman,RFL-3M,18,BattleMech,60,0,3020
2697,Rifleman RFL-3N,Rifleman,RFL-3N,18,BattleMech,60,1039,2770
4918,Rifleman RFL-3N (Rubinsky 1),Rifleman,RFL-3N (Rubinsky 1),18,BattleMech,60,0,3057
4919,Rifleman RFL-3N (Rubinsky 2),Rifleman,RFL-3N (Rubinsky 2),18,BattleMech,60,0,3059
2698,Rifleman RFL-4D,Rifleman,RFL-4D,18,BattleMech,60,1173,3021
7930,Rifleman RFL-4DA1,Rifleman,RFL-4DA1,18,BattleMech,60,0,3021
7597,Rifleman RFL-5CS,Rifleman,RFL-5CS,18,BattleMech,60,1303,3052
2699,Rifleman RFL-5D,Rifleman,RFL-5D,18,BattleMech,60,1395,3050
2700,Rifleman RFL-5M,Rifleman,RFL-5M,18,BattleMech,60,1227,3049
2701,Rifleman RFL-6D,Rifleman,RFL-6D,18,BattleMech,60,1274,3069
2702,Rifleman RFL-6X,Rifleman,RFL-6X,18,BattleMech,60,1464,3063
7572,Rifleman RFL-7G,Rifleman,RFL-7G,18,BattleMech,60,1302,3086
2703,Rifleman RFL-7M,Rifleman,RFL-7M,18,BattleMech,60,1521,3066
7574,Rifleman RFL-7N,Rifleman,RFL-7N,18,BattleMech,60,1398,3133
7575,Rifleman RFL-7N2,Rifleman,RFL-7N2,18,BattleMech,60,1452,3133
2704,Rifleman RFL-7X,Rifleman,RFL-7X,18,BattleMech,60,1645,3081
2705,Rifleman RFL-8D,Rifleman,RFL-8D,18,BattleMech,60,1777,3064
2706,Rifleman RFL-8X,Rifleman,RFL-8X,18,BattleMech,60,1798,3068
2707,Rifleman RFL-9T,Rifleman,RFL-9T,18,BattleMech,60,1503,3071
2708,Rifleman RFL-X3 MUSE WIND,Rifleman,RFL-X3 MUSE WIND,18,BattleMech,60,2012,3076
4922,Riga Frigate  ,Riga Frigate, ,81,Advanced Aerospace,750000,0,2440
6994,Riga II Destroyer/Carrier  ,Riga II Destroyer/Carrier, ,81,Advanced Aerospace,600000,73035,2747
8310,Rime Otter A,Rime Otter,A,18,BattleMech,55,2358,3146
8311,Rime Otter B,Rime Otter,B,18,BattleMech,55,1961,3146
8312,Rime Otter C,Rime Otter,C,18,BattleMech,55,2718,3146
8313,Rime Otter D,Rime Otter,D,18,BattleMech,55,1998,3146
8309,Rime Otter Prime,Rime Otter,Prime,18,BattleMech,55,2169,3146
2718,Riot Police  ,Riot Police, ,21,Infantry,4,50,3055
2725,Ripper Infantry Transport  ,Ripper Infantry Transport, ,19,Combat Vehicle,10,345,2680
2719,Ripper Infantry Transport (ERML),Ripper Infantry Transport,(ERML),19,Combat Vehicle,10,432,3058
2720,Ripper Infantry Transport (Infantry),Ripper Infantry Transport,(Infantry),19,Combat Vehicle,10,108,3069
2721,Ripper Infantry Transport (Light PPC),Ripper Infantry Transport,(Light PPC),19,Combat Vehicle,10,371,3069
2722,Ripper Infantry Transport (MG),Ripper Infantry Transport,(MG),19,Combat Vehicle,10,125,3053
2723,Ripper Infantry Transport (Royal),Ripper Infantry Transport,(Royal),19,Combat Vehicle,10,228,2696
2724,Ripper Infantry Transport (SPL),Ripper Infantry Transport,(SPL),19,Combat Vehicle,10,160,3059
4923,Rising Star RST-4R,Rising Star,RST-4R,18,BattleMech,0,0,2692
5525,Roadblock  ,Roadblock, ,97,Building,150,0,Unknown
7292,Roadrunner (Emerald Harrier) RD-1R,Roadrunner (Emerald Harrier),RD-1R,18,BattleMech,15,888,2920
4924,Robinson Transport (Block I),Robinson Transport,(Block I),81,Advanced Aerospace,400000,0,2560
4925,Robinson Transport (Block II),Robinson Transport,(Block II),81,Advanced Aerospace,400000,0,2705
2726,Roc  ,Roc, ,23,Protomech,7,336,3059
2727,Roc 2,Roc,2,23,Protomech,7,245,3062
2728,Roc 3,Roc,3,23,Protomech,7,281,3064
2729,Roc 4,Roc,4,23,Protomech,7,295,3072
8034,Roc 5,Roc,5,23,Protomech,7,230,3112
5632,Roc Z,Roc,Z,23,Protomech,7,221,3072
4926,Rock Hound AM-PRM-RH7 ProspectorMech,Rock Hound,AM-PRM-RH7 ProspectorMech,20,IndustrialMech,40,0,3042
4927,"Rock Hound AM-PRM-RH7A ""Rock Otter"" ProspectorMech",Rock Hound,"AM-PRM-RH7A ""Rock Otter"" ProspectorMech",20,IndustrialMech,40,0,3043
4928,"Rock Hound AM-PRM-RH7C ""Rock Possum"" ProspectorMech",Rock Hound,"AM-PRM-RH7C ""Rock Possum"" ProspectorMech",20,IndustrialMech,40,0,3045
4946,Rock Rover Half-Track RRV,Rock Rover Half-Track,RRV,24,Support Vehicle,4,0,2619
4945,Rock Rover Half-Track RRV (Speed),Rock Rover Half-Track,RRV (Speed),24,Support Vehicle,4,0,2633
8660,Rogue Bear Heavy Battle Armor (Hybrid) (Sqd5),Rogue Bear Heavy Battle Armor,(Hybrid) (Sqd5),21,Infantry,1.5,363,3082
8661,Rogue Bear Heavy Battle Armor (Sqd5),Rogue Bear Heavy Battle Armor,(Sqd5),21,Infantry,1.5,466,3073
8789,Rogue Bear Heavy Battle Armor (Upgrade) (Sqd5),Rogue Bear Heavy Battle Armor,(Upgrade) (Sqd5),21,Infantry,1.5,533,3108
4932,Rogue Bear Heavy Battle Armor HR (Sqd4),Rogue Bear Heavy Battle Armor,HR (Sqd4),21,Infantry,1.5,250,3078
8662,Rogue Bear Heavy Battle Armor HR (Sqd5),Rogue Bear Heavy Battle Armor,HR (Sqd5),21,Infantry,1.5,336,3078
9026,Rogue Bear Heavy Battle Armor HR (Sqd6),Rogue Bear Heavy Battle Armor,HR (Sqd6),21,Infantry,1.5,432,3078
2730,Rogue RGU-133E,Rogue,RGU-133E,17,Aerospace,40,802,2631
4929,Rogue RGU-133Eb,Rogue,RGU-133Eb,17,Aerospace,40,1054,2710
2731,Rogue RGU-133F,Rogue,RGU-133F,17,Aerospace,40,818,2639
2732,Rogue RGU-133L,Rogue,RGU-133L,17,Aerospace,40,865,2681
2733,Rogue RGU-133LP,Rogue,RGU-133LP,17,Aerospace,40,856,3055
2734,Rogue RGU-133P,Rogue,RGU-133P,17,Aerospace,40,991,2821
6393,Rokurokubi RK-4K,Rokurokubi,RK-4K,18,BattleMech,35,1286,3135
6392,Rokurokubi RK-4T,Rokurokubi,RK-4T,18,BattleMech,35,998,3135
6394,Rokurokubi RK-4X,Rokurokubi,RK-4X,18,BattleMech,35,1858,3136
2737,Rommel Tank  ,Rommel Tank, ,19,Combat Vehicle,65,933,3027
2735,Rommel Tank (Gauss),Rommel Tank,(Gauss),19,Combat Vehicle,65,1178,3054
2736,Rommel Tank (Sealed),Rommel Tank,(Sealed),19,Combat Vehicle,65,1270,3076
4934,Rommel Tank Howitzer,Rommel Tank,Howitzer,19,Combat Vehicle,65,1353,3087
4933,Rommel Tank Howitzer Prototype,Rommel Tank,Howitzer Prototype,19,Combat Vehicle,65,1507,3077
6360,Rondel RDL-01C,Rondel,RDL-01C,17,Aerospace,55,2332,3095
2738,Ronin SA-RN,Ronin,SA-RN,18,BattleMech,50,1084,3051
2739,Ronin SA-RN7,Ronin,SA-RN7,18,BattleMech,50,1182,3063
2740,Rook NH-1A,Rook,NH-1A,18,BattleMech,55,1197,3074
2741,Rook NH-1B,Rook,NH-1B,18,BattleMech,55,1227,3075
4935,"Rook NH-1X ""Rook-X""",Rook,"NH-1X ""Rook-X""",18,BattleMech,55,1187,3077
2742,Rook NH-2,Rook,NH-2,18,BattleMech,55,1525,3076
4936,Rook NH-2A,Rook,NH-2A,18,BattleMech,55,0,3076
2743,Rook NH-3X,Rook,NH-3X,18,BattleMech,55,1746,3076
4939,Rottweiler Battle Armor (Close Combat) (Sqd4),Rottweiler Battle Armor,(Close Combat) (Sqd4),21,Infantry,1,204,3069
8663,Rottweiler Battle Armor (Close Combat) (Sqd5),Rottweiler Battle Armor,(Close Combat) (Sqd5),21,Infantry,1,275,3069
9027,Rottweiler Battle Armor (Close Combat) (Sqd6),Rottweiler Battle Armor,(Close Combat) (Sqd6),21,Infantry,1,353,3069
2744,Rottweiler Battle Armor (Firedrake) (Sqd4),Rottweiler Battle Armor,(Firedrake) (Sqd4),21,Infantry,1,225,3072
8581,Rottweiler Battle Armor (Firedrake) (Sqd5),Rottweiler Battle Armor,(Firedrake) (Sqd5),21,Infantry,1,303,3072
8945,Rottweiler Battle Armor (Firedrake) (Sqd6),Rottweiler Battle Armor,(Firedrake) (Sqd6),21,Infantry,1,389,3072
4940,Rottweiler Battle Armor (Sqd4),Rottweiler Battle Armor,(Sqd4),21,Infantry,1,209,3065
8664,Rottweiler Battle Armor (Sqd5),Rottweiler Battle Armor,(Sqd5),21,Infantry,1,282,3065
9028,Rottweiler Battle Armor (Sqd6),Rottweiler Battle Armor,(Sqd6),21,Infantry,1,362,3065
4941,Rottweiler Battle Armor (Upgrade) (Sqd4),Rottweiler Battle Armor,(Upgrade) (Sqd4),21,Infantry,1,181,3070
8665,Rottweiler Battle Armor (Upgrade) (Sqd5),Rottweiler Battle Armor,(Upgrade) (Sqd5),21,Infantry,1,243,3070
9029,Rottweiler Battle Armor (Upgrade) (Sqd6),Rottweiler Battle Armor,(Upgrade) (Sqd6),21,Infantry,1,313,3070
2745,Rotunda Scout Vehicle RND-J-1-11,Rotunda Scout Vehicle,RND-J-1-11,19,Combat Vehicle,20,400,2725
2746,Rotunda Scout Vehicle RND-J-1-11 (LRM),Rotunda Scout Vehicle,RND-J-1-11 (LRM),19,Combat Vehicle,20,303,2801
2747,Rotunda Scout Vehicle RND-J-1-11 (RL),Rotunda Scout Vehicle,RND-J-1-11 (RL),19,Combat Vehicle,20,320,2801
2748,Rotunda Scout Vehicle RND-J-1-11 (SRM),Rotunda Scout Vehicle,RND-J-1-11 (SRM),19,Combat Vehicle,20,286,2801
4942,Rotunda Scout Vehicle RND-J-100,Rotunda Scout Vehicle,RND-J-100,19,Combat Vehicle,0,0,2717
4943,Rotunda Scout Vehicle RND-J-110,Rotunda Scout Vehicle,RND-J-110,19,Combat Vehicle,0,0,2721
4944,Routemaster Hover Shuttle  ,Routemaster Hover Shuttle, ,24,Support Vehicle,3.8,0,2770
4377,Royal Land Train  ,Royal Land Train, ,24,Support Vehicle,0,0,2410
5372,Ruckus Acrobatic Helicopter  ,Ruckus Acrobatic Helicopter, ,24,Support Vehicle,0,0,2920
4910,Ruedel,Ruedel,,17,Aerospace,0,0,Unknown
4210,Rumbler-HT  ,Rumbler-HT, ,24,Support Vehicle,3,0,3012
4948,Rusalka S-RSL-O Invictus,Rusalka,S-RSL-O Invictus,17,Aerospace,65,1883,3071
4949,Rusalka S-RSL-OA Dominus,Rusalka,S-RSL-OA Dominus,17,Aerospace,65,1479,3071
4950,Rusalka S-RSL-OB Infernus,Rusalka,S-RSL-OB Infernus,17,Aerospace,65,1369,3072
4951,Rusalka S-RSL-OC Comminus,Rusalka,S-RSL-OC Comminus,17,Aerospace,65,1639,3071
4952,Rusalka S-RSL-OD Luminos,Rusalka,S-RSL-OD Luminos,17,Aerospace,65,1712,3071
4953,Rusalka S-RSL-OE Eminus,Rusalka,S-RSL-OE Eminus,17,Aerospace,65,1721,3071
7591,Ryoken (Stormcrow) (Attwater),Ryoken (Stormcrow),(Attwater),18,BattleMech,55,1482,3050
5488,Ryoken (Stormcrow) (Kotare),Ryoken (Stormcrow),(Kotare),18,BattleMech,55,2382,3059
2749,Ryoken (Stormcrow) A,Ryoken (Stormcrow),A,18,BattleMech,55,2319,2930
2750,Ryoken (Stormcrow) B,Ryoken (Stormcrow),B,18,BattleMech,55,2281,2930
2751,Ryoken (Stormcrow) C,Ryoken (Stormcrow),C,18,BattleMech,55,1881,2930
2752,Ryoken (Stormcrow) D,Ryoken (Stormcrow),D,18,BattleMech,55,1863,2930
2753,Ryoken (Stormcrow) E,Ryoken (Stormcrow),E,18,BattleMech,55,2110,3054
2754,Ryoken (Stormcrow) F,Ryoken (Stormcrow),F,18,BattleMech,55,2227,3069
2755,Ryoken (Stormcrow) G,Ryoken (Stormcrow),G,18,BattleMech,55,2152,3068
2756,Ryoken (Stormcrow) H,Ryoken (Stormcrow),H,18,BattleMech,55,2061,3059
5487,Ryoken (Stormcrow) I,Ryoken (Stormcrow),I,18,BattleMech,55,2319,3059
7553,Ryoken (Stormcrow) J,Ryoken (Stormcrow),J,18,BattleMech,55,2300,3130
7554,Ryoken (Stormcrow) K,Ryoken (Stormcrow),K,18,BattleMech,55,2001,3120
7555,Ryoken (Stormcrow) P,Ryoken (Stormcrow),P,18,BattleMech,55,2213,3049
2757,Ryoken (Stormcrow) Prime,Ryoken (Stormcrow),Prime,18,BattleMech,55,2073,2930
7550,Ryoken (Stormcrow) T,Ryoken (Stormcrow),T,18,BattleMech,55,2280,3142
7592,Ryoken (Stormcrow) TC,Ryoken (Stormcrow),TC,18,BattleMech,55,2373,3052
5820,Ryoken (Stormcrow) Z,Ryoken (Stormcrow),Z,18,BattleMech,55,2855,3072
2758,Ryoken II  ,Ryoken II, ,18,BattleMech,75,1801,3075
8219,Ryoken II (Tassa),Ryoken II,(Tassa),18,BattleMech,75,3103,3129
2759,Ryoken II 2,Ryoken II,2,18,BattleMech,75,2141,3076
2760,Ryoken II 3,Ryoken II,3,18,BattleMech,75,2336,3076
8449,Ryoken III (Skinwalker) A,Ryoken III (Skinwalker),A,18,BattleMech,55,3500,3147
8450,Ryoken III (Skinwalker) B,Ryoken III (Skinwalker),B,18,BattleMech,55,2851,3147
8451,Ryoken III (Skinwalker) C,Ryoken III (Skinwalker),C,18,BattleMech,55,3175,3147
8452,Ryoken III (Skinwalker) D,Ryoken III (Skinwalker),D,18,BattleMech,55,2545,3147
8453,Ryoken III (Skinwalker) E,Ryoken III (Skinwalker),E,18,BattleMech,55,3102,3147
8454,Ryoken III (Skinwalker) F,Ryoken III (Skinwalker),F,18,BattleMech,55,3704,3147
8448,Ryoken III (Skinwalker) Prime,Ryoken III (Skinwalker),Prime,18,BattleMech,55,2809,3147
7379,Ryoken III-XP (Skinwalker) A,Ryoken III-XP (Skinwalker),A,18,BattleMech,55,3777,3143
7380,Ryoken III-XP (Skinwalker) B,Ryoken III-XP (Skinwalker),B,18,BattleMech,55,3613,3143
7381,Ryoken III-XP (Skinwalker) C,Ryoken III-XP (Skinwalker),C,18,BattleMech,55,4387,3143
7382,Ryoken III-XP (Skinwalker) D,Ryoken III-XP (Skinwalker),D,18,BattleMech,55,2483,3143
7378,Ryoken III-XP (Skinwalker) Prime,Ryoken III-XP (Skinwalker),Prime,18,BattleMech,55,3013,3143
4957,S 2772 Luxury Plane  ,S 2772 Luxury Plane, ,24,Support Vehicle,130,0,2463
2971,SM Tank Destroyer SM1,SM Tank Destroyer,SM1,19,Combat Vehicle,50,1585,3068
5607,"SM Tank Destroyer SM1 ""Telos""",SM Tank Destroyer,"SM1 ""Telos""",19,Combat Vehicle,50,1055,3077
2972,SM Tank Destroyer SM1A,SM Tank Destroyer,SM1A,19,Combat Vehicle,50,1214,3070
9565,SM Tank Destroyer SM1B,SM Tank Destroyer,SM1B,19,Combat Vehicle,50,1512,3140
2973,SM Tank Destroyer SM3,SM Tank Destroyer,SM3,19,Combat Vehicle,50,1593,3074
6386,SM2 Heavy Artillery Vehicle  ,SM2 Heavy Artillery Vehicle, ,19,Combat Vehicle,75,1028,3093
6387,SM2 Heavy Artillery Vehicle (LTC),SM2 Heavy Artillery Vehicle,(LTC),19,Combat Vehicle,75,1422,3093
8265,SM5 Field Commander (Prototype) Prime,SM5 Field Commander (Prototype),Prime,19,Combat Vehicle,50,2147,3151
5095,SOAR VTOL  ,SOAR VTOL, ,24,Support Vehicle,15,0,3018
3030,SRM Carrier  ,SRM Carrier, ,19,Combat Vehicle,60,816,2470
3028,SRM Carrier (3054 Upgrade),SRM Carrier,(3054 Upgrade),19,Combat Vehicle,60,794,3054
3029,SRM Carrier (C3),SRM Carrier,(C3),19,Combat Vehicle,60,903,3065
5590,SRM Carrier (Primitive),SRM Carrier,(Primitive),24,Support Vehicle,55,569,circa 2440
3031,SRM Carrier (WoB),SRM Carrier,(WoB),19,Combat Vehicle,60,958,3069
9425,SRM Carrier C,SRM Carrier,C,19,Combat Vehicle,60,1098,3106
5110,SRM Foot Infantry,SRM Foot Infantry,,21,Infantry,3,74,2500
2761,Sabaku Kaze Heavy Scout Hover Tank  ,Sabaku Kaze Heavy Scout Hover Tank, ,19,Combat Vehicle,50,997,2695
4958,Sabre SB-26,Sabre,SB-26,17,Aerospace,25,512,2314
4959,Sabre SB-27,Sabre,SB-27,17,Aerospace,25,574,2519
2762,Sabre SB-27b,Sabre,SB-27b,17,Aerospace,25,1059,2722
7687,Sabre SB-27b-EC,Sabre,SB-27b-EC,17,Aerospace,25,987,2819
4960,Sabre SB-28,Sabre,SB-28,17,Aerospace,25,951,2753
4961,Sabre SB-29,Sabre,SB-29,17,Aerospace,25,789,3068
4962,"Sabre SB-31 ""Defense Special""",Sabre,"SB-31 ""Defense Special""",17,Aerospace,25,884,3068
4963,Sabre SB-31D,Sabre,SB-31D,17,Aerospace,25,935,3079
2764,Sabutai A,Sabutai,A,17,Aerospace,75,2406,3048
2765,Sabutai B,Sabutai,B,17,Aerospace,75,3086,3048
2766,Sabutai C,Sabutai,C,17,Aerospace,75,3099,3048
2767,Sabutai D,Sabutai,D,17,Aerospace,75,2647,3067
4965,Sabutai E,Sabutai,E,17,Aerospace,75,3159,3071
2768,Sabutai Prime,Sabutai,Prime,17,Aerospace,75,3210,3048
4966,Sabutai X,Sabutai,X,17,Aerospace,75,3277,3066
5834,Sabutai Z,Sabutai,Z,17,Aerospace,75,3974,3072
5718,Sagittaire SGT-10X,Sagittaire,SGT-10X,18,BattleMech,95,1794,3084
6835,Sagittaire SGT-14D,Sagittaire,SGT-14D,18,BattleMech,95,1960,3134
9398,Sagittaire SGT-14R,Sagittaire,SGT-14R,18,BattleMech,95,2626,3149
4967,Sagittaire SGT-8R,Sagittaire,SGT-8R,18,BattleMech,95,2088,3063
8271,Sagittaire SGT-8R (Jamison),Sagittaire,SGT-8R (Jamison),18,BattleMech,95,0,Unknown
5717,Sagittaire SGT-9D,Sagittaire,SGT-9D,18,BattleMech,95,2064,3074
2769,Sagittarii SGT-2R,Sagittarii,SGT-2R,17,Aerospace,45,1311,3084
2770,Sagittarii SGT-3R,Sagittarii,SGT-3R,17,Aerospace,45,1488,3085
6817,Sagittarii SGT-4R,Sagittarii,SGT-4R,17,Aerospace,45,1228,3133
2771,Sai S-3,Sai,S-3,17,Aerospace,40,959,3045
2772,Sai S-4,Sai,S-4,17,Aerospace,40,1005,3061
2773,Sai S-4C,Sai,S-4C,17,Aerospace,40,1778,3052
2774,Sai S-4X,Sai,S-4X,17,Aerospace,40,830,3048
2775,Sai S-7,Sai,S-7,17,Aerospace,40,834,3065
2776,Sai S-8,Sai,S-8,17,Aerospace,40,1304,3069
2780,Saladin Assault Hover Tank  ,Saladin Assault Hover Tank, ,19,Combat Vehicle,35,596,2942
2777,Saladin Assault Hover Tank (Armor),Saladin Assault Hover Tank,(Armor),19,Combat Vehicle,35,594,2960
2778,Saladin Assault Hover Tank (Clan Cargo),Saladin Assault Hover Tank,(Clan Cargo),19,Combat Vehicle,35,150,3050
2779,Saladin Assault Hover Tank (LB-X),Saladin Assault Hover Tank,(LB-X),19,Combat Vehicle,35,760,3061
2781,Saladin Assault Hover Tank (Ultra),Saladin Assault Hover Tank,(Ultra),19,Combat Vehicle,35,808,3064
5567,Saladin Assault Hover Tank Ifrit,Saladin Assault Hover Tank,Ifrit,19,Combat Vehicle,35,955,3080
6371,Saladin Mk II HCV  ,Saladin Mk II HCV, ,19,Combat Vehicle,35,862,3137
6372,Saladin Mk II HCV (BC3),Saladin Mk II HCV,(BC3),19,Combat Vehicle,35,793,3138
2787,Salamander Battle Armor (Anti-Infantry) (Sqd4),Salamander Battle Armor,(Anti-Infantry) (Sqd4),21,Infantry,1,293,3070
8582,Salamander Battle Armor (Anti-Infantry) (Sqd5),Salamander Battle Armor,(Anti-Infantry) (Sqd5),21,Infantry,1,394,3070
8946,Salamander Battle Armor (Anti-Infantry) (Sqd6),Salamander Battle Armor,(Anti-Infantry) (Sqd6),21,Infantry,1,506,3070
2788,Salamander Battle Armor (Laser) (Sqd4),Salamander Battle Armor,(Laser) (Sqd4),21,Infantry,1,292,3064
8583,Salamander Battle Armor (Laser) (Sqd5),Salamander Battle Armor,(Laser) (Sqd5),21,Infantry,1,394,3064
8947,Salamander Battle Armor (Laser) (Sqd6),Salamander Battle Armor,(Laser) (Sqd6),21,Infantry,1,506,3064
9211,Salamander Battle Armor (Sqd3),Salamander Battle Armor,(Sqd3),21,Infantry,1,191,3058
2789,Salamander Battle Armor (Sqd4),Salamander Battle Armor,(Sqd4),21,Infantry,1,276,3058
8584,Salamander Battle Armor (Sqd5),Salamander Battle Armor,(Sqd5),21,Infantry,1,372,3058
8948,Salamander Battle Armor (Sqd6),Salamander Battle Armor,(Sqd6),21,Infantry,1,479,3058
2782,Salamander PPR-5S,Salamander,PPR-5S,18,BattleMech,80,1769,3055
2783,Salamander PPR-5T,Salamander,PPR-5T,18,BattleMech,80,1589,3056
2784,Salamander PPR-6S,Salamander,PPR-6S,18,BattleMech,80,1714,3058
2785,Salamander PPR-6T,Salamander,PPR-6T,18,BattleMech,80,1681,3060
2786,Salamander PPR-7S,Salamander,PPR-7S,18,BattleMech,80,2023,3064
6860,Salamander PPR-7T,Salamander,PPR-7T,18,BattleMech,80,1647,3111
4969,Salrilla Exoskeleton  PEX-2F [Salvage Arm] (Sqd4),Salrilla Exoskeleton, PEX-2F [Salvage Arm] (Sqd4),21,Infantry,0.4,37,3058
8666,Salrilla Exoskeleton  PEX-2F [Salvage Arm] (Sqd5),Salrilla Exoskeleton, PEX-2F [Salvage Arm] (Sqd5),21,Infantry,0.4,50,3058
9030,Salrilla Exoskeleton  PEX-2F [Salvage Arm] (Sqd6),Salrilla Exoskeleton, PEX-2F [Salvage Arm] (Sqd6),21,Infantry,0.4,65,3058
7212,Salrilla Exoskeleton PEX-2F [Mine Clearance] (Sqd4),Salrilla Exoskeleton,PEX-2F [Mine Clearance] (Sqd4),21,Infantry,0.4,37,3058
8814,Salrilla Exoskeleton PEX-2F [Mine Clearance] (Sqd5),Salrilla Exoskeleton,PEX-2F [Mine Clearance] (Sqd5),21,Infantry,0.4,50,3058
9177,Salrilla Exoskeleton PEX-2F [Mine Clearance] (Sqd6),Salrilla Exoskeleton,PEX-2F [Mine Clearance] (Sqd6),21,Infantry,0.4,65,3058
4970,Samarkand Carrier (Block I),Samarkand Carrier,(Block I),81,Advanced Aerospace,350000,0,2579
4971,Samarkand Carrier (Block II),Samarkand Carrier,(Block II),81,Advanced Aerospace,350000,0,2668
2790,Samurai SL-25,Samurai,SL-25,17,Aerospace,50,974,2472
2791,Samurai SL-26,Samurai,SL-26,17,Aerospace,50,1385,2620
2792,Samurai SL-27,Samurai,SL-27,17,Aerospace,50,1631,3068
2793,Sand Devil Hover Tank  ,Sand Devil Hover Tank, ,24,Support Vehicle,50,345,2452
2794,"Sangihe Shrike-Thrush ""Nanook""",Sangihe Shrike-Thrush,"""Nanook""",17,Aerospace,25,1592,3068
2796,Saracen Medium Hover Tank  ,Saracen Medium Hover Tank, ,19,Combat Vehicle,35,673,2932
2795,Saracen Medium Hover Tank (MRM),Saracen Medium Hover Tank,(MRM),19,Combat Vehicle,35,676,3062
6373,Saracen Mk II HCV  ,Saracen Mk II HCV, ,19,Combat Vehicle,35,837,3137
6374,Saracen Mk II HCV (BC3),Saracen Mk II HCV,(BC3),19,Combat Vehicle,35,635,3140
6506,Sarath SRTH-1O,Sarath,SRTH-1O,18,BattleMech,50,1630,3122
6507,Sarath SRTH-1OA,Sarath,SRTH-1OA,18,BattleMech,50,1738,3122
6508,Sarath SRTH-1OB,Sarath,SRTH-1OB,18,BattleMech,50,1475,3122
2797,Sarissa MN1-D,Sarissa,MN1-D,18,BattleMech,50,850,3080
4973,Sarissa MN1-K,Sarissa,MN1-K,18,BattleMech,50,0,Unknown
4974,Sarissa MN2-A SecurityMech,Sarissa,MN2-A SecurityMech,20,IndustrialMech,50,771,3082
4975,Sarissa MN2-Ar SecurityMech,Sarissa,MN2-Ar SecurityMech,20,IndustrialMech,50,0,3082
6472,Saroyan Jump Bomber  ,Saroyan Jump Bomber, ,17,Aerospace,25,192,3096
7772,Sasayaku Control Transport  ,Sasayaku Control Transport, ,24,Support Vehicle,25,0,3055
2798,Sasquatch SQS-TH-001,Sasquatch,SQS-TH-001,18,BattleMech,85,1940,3054
2799,Sasquatch SQS-TH-002,Sasquatch,SQS-TH-002,18,BattleMech,85,1993,3065
2800,Sasquatch SQS-TH-003,Sasquatch,SQS-TH-003,18,BattleMech,85,1667,3068
4976,Sassanid  ,Sassanid, ,17,Aerospace,3000,0,2875
4977,Saturn Harvester  ,Saturn Harvester, ,24,Support Vehicle,175,0,2652
7416,Saturn Patrol Ship  ,Saturn Patrol Ship, ,17,Aerospace,1200,1359,2243
4978,Saturnus V Racer  ,Saturnus V Racer, ,24,Support Vehicle,1.5,0,3062
2801,Satyr  ,Satyr, ,23,Protomech,4,133,3060
2802,Satyr 2,Satyr,2,23,Protomech,4,125,3062
2803,Satyr 3,Satyr,3,23,Protomech,4,160,3065
2804,Satyr 4,Satyr,4,23,Protomech,4,107,3074
4979,Satyr XP,Satyr,XP,23,Protomech,4,114,3079
4980,Saurer-Bucher Fire Engine TLF-LL6500 ,Saurer-Bucher Fire Engine,TLF-LL6500 ,24,Support Vehicle,44,0,2400
4982,Savage Coyote A,Savage Coyote,A,18,BattleMech,85,2852,3059
4983,Savage Coyote B,Savage Coyote,B,18,BattleMech,85,2284,3059
4984,Savage Coyote C,Savage Coyote,C,18,BattleMech,85,3189,3064
5705,Savage Coyote J,Savage Coyote,J,18,BattleMech,85,2554,3073
4985,Savage Coyote Prime,Savage Coyote,Prime,18,BattleMech,85,2613,3059
5706,Savage Coyote W,Savage Coyote,W,18,BattleMech,85,2792,3073
5831,Savage Coyote Z,Savage Coyote,Z,18,BattleMech,85,3080,3072
2807,Savannah Master Hovercraft  ,Savannah Master Hovercraft, ,19,Combat Vehicle,5,215,3025
2805,Savannah Master Hovercraft (Interdictor),Savannah Master Hovercraft,(Interdictor),19,Combat Vehicle,5,128,3077
9452,Savannah Master Hovercraft (Reflective),Savannah Master Hovercraft,(Reflective),19,Combat Vehicle,5,294,3094
2806,Savannah Master Hovercraft (SL),Savannah Master Hovercraft,(SL),19,Combat Vehicle,5,131,3033
6546,Savior Repair Vehicle  ,Savior Repair Vehicle, ,24,Support Vehicle,60,152,3059
2811,Saxon APC  ,Saxon APC, ,19,Combat Vehicle,35,435,3070
2808,Saxon APC (HQ),Saxon APC,(HQ),19,Combat Vehicle,35,708,3074
2809,Saxon APC (Laser),Saxon APC,(Laser),19,Combat Vehicle,35,565,3071
2810,Saxon APC (MASH),Saxon APC,(MASH),19,Combat Vehicle,35,436,3071
6659,Scapha Hovertank A,Scapha Hovertank,A,19,Combat Vehicle,40,1399,3123
6660,Scapha Hovertank B,Scapha Hovertank,B,19,Combat Vehicle,40,984,3123
6661,Scapha Hovertank C,Scapha Hovertank,C,19,Combat Vehicle,40,1002,3123
6662,Scapha Hovertank D,Scapha Hovertank,D,19,Combat Vehicle,40,1141,3123
6663,Scapha Hovertank E,Scapha Hovertank,E,19,Combat Vehicle,40,666,3123
6664,Scapha Hovertank F,Scapha Hovertank,F,19,Combat Vehicle,40,794,3123
6665,Scapha Hovertank G,Scapha Hovertank,G,19,Combat Vehicle,40,736,3123
6666,Scapha Hovertank H,Scapha Hovertank,H,19,Combat Vehicle,40,811,3123
6667,Scapha Hovertank I,Scapha Hovertank,I,19,Combat Vehicle,40,2096,3123
6668,Scapha Hovertank J,Scapha Hovertank,J,19,Combat Vehicle,40,1047,3123
6657,Scapha Hovertank Prime,Scapha Hovertank,Prime,19,Combat Vehicle,40,1425,3123
2812,Scarab Medium Drone Fighter  ,Scarab Medium Drone Fighter, ,17,Aerospace,70,1364,3072
4986,Scarab Medium Drone Fighter (Original),Scarab Medium Drone Fighter,(Original),17,Aerospace,0,0,3058
2813,Scarabus SCB-9A,Scarabus,SCB-9A,18,BattleMech,30,846,3053
2814,Scarabus SCB-9T,Scarabus,SCB-9T,18,BattleMech,30,949,3054
6336,Scarecrow UCU-F4,Scarecrow,UCU-F4,18,BattleMech,40,1475,3099
6337,Scarecrow UCU-F4r,Scarecrow,UCU-F4r,18,BattleMech,40,1472,3122
4987,Scavenger SC-V SalvageMech,Scavenger,SC-V SalvageMech,20,IndustrialMech,80,528,2613
7174,Scavenger SC-V-M MilitiaMech,Scavenger,SC-V-M MilitiaMech,20,IndustrialMech,80,672,2990
4991,Schatten Surveillance Airship  ,Schatten Surveillance Airship, ,24,Support Vehicle,380,0,3058
4988,Schatten Surveillance Airship (Intercept),Schatten Surveillance Airship,(Intercept),24,Support Vehicle,380,0,2898
4989,Schatten Surveillance Airship (Original),Schatten Surveillance Airship,(Original),24,Support Vehicle,380,0,2802
4990,Schatten Surveillance Airship (Sealed),Schatten Surveillance Airship,(Sealed),24,Support Vehicle,380,0,2940
8145,Schatten Surveillance Airship (WoB),Schatten Surveillance Airship,(WoB),24,Support Vehicle,380,0,Unknown
6599,Schildkröte Line Tank  ,Schildkröte Line Tank, ,19,Combat Vehicle,50,1009,3122
6600,Schildkröte Line Tank (HPPC),Schildkröte Line Tank,(HPPC),19,Combat Vehicle,50,1057,3133
8054,Schildkröte Line Tank (Light Gauss),Schildkröte Line Tank,(Light Gauss),19,Combat Vehicle,50,954,3136
8055,Schildkröte Line Tank (Plasma),Schildkröte Line Tank,(Plasma),19,Combat Vehicle,50,1104,3138
2815,Schiltron Mobile Fire-Support Platform A,Schiltron Mobile Fire-Support Platform,A,19,Combat Vehicle,80,1456,3059
2816,Schiltron Mobile Fire-Support Platform B,Schiltron Mobile Fire-Support Platform,B,19,Combat Vehicle,80,1439,3059
2817,Schiltron Mobile Fire-Support Platform C,Schiltron Mobile Fire-Support Platform,C,19,Combat Vehicle,80,1078,3059
2818,Schiltron Mobile Fire-Support Platform D,Schiltron Mobile Fire-Support Platform,D,19,Combat Vehicle,80,1603,3063
2819,Schiltron Mobile Fire-Support Platform E,Schiltron Mobile Fire-Support Platform,E,19,Combat Vehicle,80,1120,3068
2820,Schiltron Mobile Fire-Support Platform F,Schiltron Mobile Fire-Support Platform,F,19,Combat Vehicle,80,1466,3072
2821,Schiltron Mobile Fire-Support Platform Prime,Schiltron Mobile Fire-Support Platform,Prime,19,Combat Vehicle,80,1434,3059
6690,Schrack SCK-O,Schrack,SCK-O,17,Aerospace,60,2113,3097
6691,Schrack SCK-OA,Schrack,SCK-OA,17,Aerospace,60,2173,3097
6692,Schrack SCK-OB,Schrack,SCK-OB,17,Aerospace,60,2212,3097
2822,Schrek AC Carrier  ,Schrek AC Carrier, ,19,Combat Vehicle,80,773,2916
9477,Schrek AC Carrier (Lothian),Schrek AC Carrier,(Lothian),19,Combat Vehicle,80,1005,3140
9478,Schrek Gauss Carrier  ,Schrek Gauss Carrier, ,19,Combat Vehicle,80,1203,3119
2823,Schrek II-X PPC Carrier  ,Schrek II-X PPC Carrier, ,19,Combat Vehicle,95,1242,3076
2827,Schrek PPC Carrier  ,Schrek PPC Carrier, ,19,Combat Vehicle,80,935,2813
2824,Schrek PPC Carrier (Anti-Infantry),Schrek PPC Carrier,(Anti-Infantry),19,Combat Vehicle,80,881,2833
2825,Schrek PPC Carrier (Armor),Schrek PPC Carrier,(Armor),19,Combat Vehicle,80,1040,3072
2826,Schrek PPC Carrier (C3M),Schrek PPC Carrier,(C3M),19,Combat Vehicle,80,993,3076
9479,Schrek PPC Carrier (LB-X),Schrek PPC Carrier,(LB-X),19,Combat Vehicle,80,1258,3120
9480,Schrek PPC Carrier (XL),Schrek PPC Carrier,(XL),19,Combat Vehicle,80,1074,3058
2828,Schwerer Gustav  ,Schwerer Gustav, ,18,BattleMech,100,1796,3073
2831,Scimitar Medium Hover Tank  ,Scimitar Medium Hover Tank, ,19,Combat Vehicle,35,532,2937
2829,Scimitar Medium Hover Tank (C3),Scimitar Medium Hover Tank,(C3),19,Combat Vehicle,35,680,3073
2830,Scimitar Medium Hover Tank (Missile),Scimitar Medium Hover Tank,(Missile),19,Combat Vehicle,35,704,2957
2832,Scimitar Medium Hover Tank (TAG),Scimitar Medium Hover Tank,(TAG),19,Combat Vehicle,35,582,3050
6375,Scimitar Mk II HCV  ,Scimitar Mk II HCV, ,19,Combat Vehicle,35,631,3105
6376,Scimitar Mk II HCV (3136 Upgrade),Scimitar Mk II HCV,(3136 Upgrade),19,Combat Vehicle,35,783,3137
6377,Scimitar Mk II HCV (BC3),Scimitar Mk II HCV,(BC3),19,Combat Vehicle,35,665,3138
8316,Scorpion C,Scorpion,C,18,BattleMech,55,2331,3150
5846,Scorpion LAM SCP-X1,Scorpion LAM,SCP-X1,18,BattleMech,55,0,2690
2847,Scorpion Light Tank  ,Scorpion Light Tank, ,19,Combat Vehicle,25,306,2807
9555,Scorpion Light Tank (Armor),Scorpion Light Tank,(Armor),19,Combat Vehicle,25,325,3055
9556,Scorpion Light Tank (Hardened),Scorpion Light Tank,(Hardened),19,Combat Vehicle,25,477,3089
2841,Scorpion Light Tank (LAC),Scorpion Light Tank,(LAC),19,Combat Vehicle,25,289,3072
2842,Scorpion Light Tank (LRM),Scorpion Light Tank,(LRM),19,Combat Vehicle,25,425,2813
2844,Scorpion Light Tank (ML),Scorpion Light Tank,(ML),19,Combat Vehicle,25,320,2875
2845,Scorpion Light Tank (MRM),Scorpion Light Tank,(MRM),19,Combat Vehicle,25,469,3060
2843,Scorpion Light Tank (Minesweeper Prototype),Scorpion Light Tank,(Minesweeper Prototype),19,Combat Vehicle,25,350,3078
4996,Scorpion Light Tank (Minesweeper),Scorpion Light Tank,(Minesweeper),19,Combat Vehicle,25,452,3087
9557,Scorpion Light Tank (RAC),Scorpion Light Tank,(RAC),19,Combat Vehicle,25,385,3063
9558,Scorpion Light Tank (Rifle),Scorpion Light Tank,(Rifle),19,Combat Vehicle,25,338,3088
2846,Scorpion Light Tank (SRM),Scorpion Light Tank,(SRM),19,Combat Vehicle,25,373,2840
9559,Scorpion Light Tank (Thunderbolt),Scorpion Light Tank,(Thunderbolt),19,Combat Vehicle,25,414,3081
9554,Scorpion Light Tank (Ultra),Scorpion Light Tank,(Ultra),19,Combat Vehicle,25,425,3083
9560,Scorpion Light Tank C,Scorpion Light Tank,C,19,Combat Vehicle,25,354,3055
2833,Scorpion SCP-10M,Scorpion,SCP-10M,18,BattleMech,55,1458,3080
2834,Scorpion SCP-12C,Scorpion,SCP-12C,18,BattleMech,55,1259,3067
2835,Scorpion SCP-12K,Scorpion,SCP-12K,18,BattleMech,55,1260,3071
2836,Scorpion SCP-12S,Scorpion,SCP-12S,18,BattleMech,55,1109,3066
8314,Scorpion SCP-1BR,Scorpion,SCP-1BR,18,BattleMech,55,1473,3135
2837,Scorpion SCP-1N,Scorpion,SCP-1N,18,BattleMech,55,1019,2570
4994,Scorpion SCP-1N (Rubinsky),Scorpion,SCP-1N (Rubinsky),18,BattleMech,55,940,3059
8276,Scorpion SCP-1N (Wendall 2),Scorpion,SCP-1N (Wendall 2),18,BattleMech,55,0,3053
2838,Scorpion SCP-1N (Wendall),Scorpion,SCP-1N (Wendall),18,BattleMech,55,1043,3030
2839,Scorpion SCP-1O,Scorpion,SCP-1O,18,BattleMech,55,1098,3049
2840,Scorpion SCP-1TB,Scorpion,SCP-1TB,18,BattleMech,55,1185,3072
8315,Scorpion SCP-2N,Scorpion,SCP-2N,18,BattleMech,55,1562,3133
6626,Scourge SCG-WD1,Scourge,SCG-WD1,18,BattleMech,65,2061,3131
6625,Scourge SCG-WF1,Scourge,SCG-WF1,18,BattleMech,65,2172,3133
8109,Scourge SCG-WX1,Scourge,SCG-WX1,18,BattleMech,65,2480,3132
4997,Scout  ,Scout, ,17,Aerospace,0,0,Unknown
7812,Scout ATV  ,Scout ATV, ,24,Support Vehicle,1,25,2813
2848,Scout Infantry  ,Scout Infantry, ,21,Infantry,3,48,2500
4999,Scout JumpShip  ,Scout JumpShip, ,81,Advanced Aerospace,90000,0,2712
4998,Scout JumpShip (Clan),Scout JumpShip,(Clan),81,Advanced Aerospace,90000,0,Unknown
7320,Screamer LAM SCR-1X-LAM,Screamer LAM,SCR-1X-LAM,18,BattleMech,55,1144,2774
5000,Scylla  ,Scylla, ,18,BattleMech,100,2897,3062
5723,Scylla 2,Scylla,2,18,BattleMech,100,2839,3079
5724,Scylla 3,Scylla,3,18,BattleMech,100,2820,3082
2849,Scytha A,Scytha,A,17,Aerospace,90,3134,2968
2850,Scytha B,Scytha,B,17,Aerospace,90,3517,2968
2851,Scytha C,Scytha,C,17,Aerospace,90,3498,2968
2852,Scytha D,Scytha,D,17,Aerospace,90,3276,3065
5002,Scytha E,Scytha,E,17,Aerospace,90,3553,3073
6808,Scytha F,Scytha,F,17,Aerospace,90,3223,3138
2853,Scytha Prime,Scytha,Prime,17,Aerospace,90,3232,2968
5003,Scytha X,Scytha,X,17,Aerospace,90,2926,Unknown
5004,Scytha XR,Scytha,XR,17,Aerospace,90,3213,3076
5015,Se'irim Medium Battle Armor (Anti-Infantry) (Sqd4),Se'irim Medium Battle Armor,(Anti-Infantry) (Sqd4),21,Infantry,1,241,3072
8667,Se'irim Medium Battle Armor (Anti-Infantry) (Sqd5),Se'irim Medium Battle Armor,(Anti-Infantry) (Sqd5),21,Infantry,1,324,3072
9031,Se'irim Medium Battle Armor (Anti-Infantry) (Sqd6),Se'irim Medium Battle Armor,(Anti-Infantry) (Sqd6),21,Infantry,1,416,3072
5016,Se'irim Medium Battle Armor (Capture Team) (Sqd4),Se'irim Medium Battle Armor,(Capture Team) (Sqd4),21,Infantry,1,257,3073
8668,Se'irim Medium Battle Armor (Capture Team) (Sqd5),Se'irim Medium Battle Armor,(Capture Team) (Sqd5),21,Infantry,1,345,3073
9032,Se'irim Medium Battle Armor (Capture Team) (Sqd6),Se'irim Medium Battle Armor,(Capture Team) (Sqd6),21,Infantry,1,444,3073
5017,Se'irim Medium Battle Armor (Sqd4),Se'irim Medium Battle Armor,(Sqd4),21,Infantry,1,253,3072
8669,Se'irim Medium Battle Armor (Sqd5),Se'irim Medium Battle Armor,(Sqd5),21,Infantry,1,340,3072
9033,Se'irim Medium Battle Armor (Sqd6),Se'irim Medium Battle Armor,(Sqd6),21,Infantry,1,437,3072
6308,Sea Fox Amphibious Armor (Sqd4),Sea Fox Amphibious Armor,(Sqd4),21,Infantry,0.75,130,3116
8733,Sea Fox Amphibious Armor (Sqd5),Sea Fox Amphibious Armor,(Sqd5),21,Infantry,0.75,175,3116
9096,Sea Fox Amphibious Armor (Sqd6),Sea Fox Amphibious Armor,(Sqd6),21,Infantry,0.75,226,3116
2854,Sea Hunter Maritime Tank  ,Sea Hunter Maritime Tank, ,19,Combat Vehicle,35,570,3068
5009,Sea Skimmer Hydrofoil  ,Sea Skimmer Hydrofoil, ,19,Combat Vehicle,25,288,2867
5005,"Sea Skimmer Hydrofoil ""Sniper""",Sea Skimmer Hydrofoil,"""Sniper""",19,Combat Vehicle,25,322,3071
5006,Sea Skimmer Hydrofoil (ELRM),Sea Skimmer Hydrofoil,(ELRM),19,Combat Vehicle,25,556,3081
5007,Sea Skimmer Hydrofoil (SRM2),Sea Skimmer Hydrofoil,(SRM2),19,Combat Vehicle,25,363,2867
5008,Sea Skimmer Hydrofoil (SRM6),Sea Skimmer Hydrofoil,(SRM6),19,Combat Vehicle,25,321,2867
5854,Seabass Flying Submersible  ,Seabass Flying Submersible, ,24,Support Vehicle,20,0,3071
5010,Seabuster Strike Fighter  ,Seabuster Strike Fighter, ,17,Aerospace,50,856,3081
5576,Seabuster Strike Fighter (Early) ,Seabuster Strike Fighter,(Early) ,17,Aerospace,50,764,3075
5011,Seahorse Cargo Sub  ,Seahorse Cargo Sub, ,24,Support Vehicle,250,0,2625
5518,Secondary Missile Hell  ,Secondary Missile Hell, ,97,Building,150,0,Unknown
5012,Security Robot  ,Security Robot, ,19,Combat Vehicle,6,0,2650
5013,Seeker (2815),Seeker,(2815),17,Aerospace,6700,0,2815
5014,Seeker (3054),Seeker,(3054),17,Aerospace,3900,0,3054
6384,Sekhmet Assault Vehicle  ,Sekhmet Assault Vehicle, ,19,Combat Vehicle,65,1606,3113
8056,Sekhmet Assault Vehicle (Streak),Sekhmet Assault Vehicle,(Streak),19,Combat Vehicle,65,2178,3146
6521,Seleucus Infantry Transport  ,Seleucus Infantry Transport, ,17,Aerospace,2600,7306,3100
2856,Sentinel STN-1S,Sentinel,STN-1S,18,BattleMech,40,632,2651
2857,Sentinel STN-3K,Sentinel,STN-3K,18,BattleMech,40,652,2830
2858,Sentinel STN-3KA,Sentinel,STN-3KA,18,BattleMech,40,847,2830
2859,Sentinel STN-3KB,Sentinel,STN-3KB,18,BattleMech,40,823,2830
2860,Sentinel STN-3L,Sentinel,STN-3L,18,BattleMech,40,717,2652
2861,Sentinel STN-3Lb,Sentinel,STN-3Lb,18,BattleMech,40,1260,2715
2862,Sentinel STN-3M,Sentinel,STN-3M,18,BattleMech,40,758,3035
2863,Sentinel STN-4D,Sentinel,STN-4D,18,BattleMech,40,1179,3063
2864,Sentinel STN-5WB,Sentinel,STN-5WB,18,BattleMech,40,999,3070
8160,Sentinel STN-6S,Sentinel,STN-6S,18,BattleMech,40,1089,3135
2865,Sentinel STN-C,Sentinel,STN-C,18,BattleMech,40,689,3065
2866,Sentry SNT-04,Sentry,SNT-04,18,BattleMech,40,1069,3056
2867,Sentry SNT-W5,Sentry,SNT-W5,18,BattleMech,40,1143,3072
2868,Seraph C-SRP-O (Havalah),Seraph,C-SRP-O (Havalah),18,BattleMech,85,1927,3071
2869,Seraph C-SRP-O Invictus,Seraph,C-SRP-O Invictus,18,BattleMech,85,1794,3069
2870,Seraph C-SRP-OA Dominus,Seraph,C-SRP-OA Dominus,18,BattleMech,85,2338,3069
2871,Seraph C-SRP-OB Infernus,Seraph,C-SRP-OB Infernus,18,BattleMech,85,2181,3069
2872,Seraph C-SRP-OC Comminus,Seraph,C-SRP-OC Comminus,18,BattleMech,85,2136,3069
2873,Seraph C-SRP-OD Luminos,Seraph,C-SRP-OD Luminos,18,BattleMech,85,2291,3069
2874,Seraph C-SRP-OE Eminus,Seraph,C-SRP-OE Eminus,18,BattleMech,85,2148,3072
2875,Seraph C-SRP-OR (Ravana),Seraph,C-SRP-OR (Ravana),18,BattleMech,85,1941,3074
2876,Seraph C-SRP-OS Caelestis,Seraph,C-SRP-OS Caelestis,18,BattleMech,85,2788,3075
2877,"Seydlitz (Mary) ""Yari""",Seydlitz,"(Mary) ""Yari""",17,Aerospace,20,620,3069
8014,Seydlitz C,Seydlitz,C,17,Aerospace,20,1691,3140
2878,Seydlitz SYD-21,Seydlitz,SYD-21,17,Aerospace,20,440,2504
2879,"Seydlitz SYD-45X ""Starling""",Seydlitz,"SYD-45X ""Starling""",17,Aerospace,25,695,3073
2880,Seydlitz SYD-Z1,Seydlitz,SYD-Z1,17,Aerospace,20,440,3057
2881,Seydlitz SYD-Z2,Seydlitz,SYD-Z2,17,Aerospace,20,716,2765
2882,Seydlitz SYD-Z2A,Seydlitz,SYD-Z2A,17,Aerospace,20,806,3050
2883,Seydlitz SYD-Z2B,Seydlitz,SYD-Z2B,17,Aerospace,20,906,3062
2884,Seydlitz SYD-Z3,Seydlitz,SYD-Z3,17,Aerospace,20,504,2894
2885,Seydlitz SYD-Z3A,Seydlitz,SYD-Z3A,17,Aerospace,20,514,3063
2886,Seydlitz SYD-Z4,Seydlitz,SYD-Z4,17,Aerospace,20,633,3065
6980,Sha Yu (Bulldog),Sha Yu,(Bulldog),18,BattleMech,40,1379,3068
5026,Sha Yu SYU-2B,Sha Yu,SYU-2B,18,BattleMech,40,1379,3063
5027,Sha Yu SYU-4B,Sha Yu,SYU-4B,18,BattleMech,40,1267,3065
5670,Sha Yu SYU-6B,Sha Yu,SYU-6B,18,BattleMech,40,1422,3070
5800,Shackleton AESV  ,Shackleton AESV, ,24,Support Vehicle,50,298,3093
5029,Shade S-HA-O Invictus,Shade,S-HA-O Invictus,17,Aerospace,35,1324,3072
5030,Shade S-HA-OA Dominus,Shade,S-HA-OA Dominus,17,Aerospace,35,1265,3072
5031,Shade S-HA-OB Infernus,Shade,S-HA-OB Infernus,17,Aerospace,35,1209,3072
5032,Shade S-HA-OC Comminus,Shade,S-HA-OC Comminus,17,Aerospace,35,1186,3072
5033,Shade S-HA-OD Luminos,Shade,S-HA-OD Luminos,17,Aerospace,35,927,3072
5034,Shade S-HA-OE Eminus,Shade,S-HA-OE Eminus,17,Aerospace,35,973,3072
2887,Shadow Cat A,Shadow Cat,A,18,BattleMech,45,2220,3003
2888,Shadow Cat B,Shadow Cat,B,18,BattleMech,45,2420,3003
2889,Shadow Cat C,Shadow Cat,C,18,BattleMech,45,2199,3061
7704,Shadow Cat D,Shadow Cat,D,18,BattleMech,45,2298,3062
6913,Shadow Cat E,Shadow Cat,E,18,BattleMech,45,2084,3098
6912,Shadow Cat F,Shadow Cat,F,18,BattleMech,45,2997,3131
2890,Shadow Cat H,Shadow Cat,H,18,BattleMech,45,2155,3062
7706,Shadow Cat I,Shadow Cat,I,18,BattleMech,45,2408,3136
2894,Shadow Cat II,Shadow Cat II,,18,BattleMech,60,2064,3076
2893,Shadow Cat II 2,Shadow Cat II,2,18,BattleMech,60,2106,3077
6886,Shadow Cat II 3,Shadow Cat II,3,18,BattleMech,60,2387,3089
6885,Shadow Cat II 4,Shadow Cat II,4,18,BattleMech,60,1986,3092
7492,Shadow Cat III A,Shadow Cat III,A,18,BattleMech,45,2005,3111
7493,Shadow Cat III B,Shadow Cat III,B,18,BattleMech,45,2183,3111
7494,Shadow Cat III C,Shadow Cat III,C,18,BattleMech,45,2153,3111
7491,Shadow Cat III Prime,Shadow Cat III,Prime,18,BattleMech,45,2021,3111
2891,Shadow Cat J,Shadow Cat,J,18,BattleMech,45,1802,3071
7707,Shadow Cat M,Shadow Cat,M,18,BattleMech,45,2438,3054
2892,Shadow Cat Prime,Shadow Cat,Prime,18,BattleMech,45,2156,3003
7708,Shadow Cat T,Shadow Cat,T,18,BattleMech,45,1852,3142
7590,Shadow Cat TC,Shadow Cat,TC,18,BattleMech,45,1378,3050
2895,Shadow Hawk C,Shadow Hawk,C,18,BattleMech,55,1309,2826
2911,Shadow Hawk IIC  ,Shadow Hawk IIC, ,18,BattleMech,45,1732,2831
8328,Shadow Hawk IIC 10,Shadow Hawk IIC,10,18,BattleMech,45,1760,3068
8329,Shadow Hawk IIC 11,Shadow Hawk IIC,11,18,BattleMech,45,1692,3141
2912,Shadow Hawk IIC 2,Shadow Hawk IIC,2,18,BattleMech,45,1763,2835
2913,Shadow Hawk IIC 3,Shadow Hawk IIC,3,18,BattleMech,45,1471,3060
2914,Shadow Hawk IIC 4,Shadow Hawk IIC,4,18,BattleMech,45,1698,3060
2915,Shadow Hawk IIC 5,Shadow Hawk IIC,5,18,BattleMech,45,1614,3069
2916,Shadow Hawk IIC 6,Shadow Hawk IIC,6,18,BattleMech,45,1907,3069
2917,Shadow Hawk IIC 7,Shadow Hawk IIC,7,18,BattleMech,45,1999,3080
2918,Shadow Hawk IIC 8,Shadow Hawk IIC,8,18,BattleMech,45,1940,3081
6911,Shadow Hawk IIC 9,Shadow Hawk IIC,9,18,BattleMech,45,1803,3134
5039,Shadow Hawk LAM SHD-X1,Shadow Hawk LAM,SHD-X1,18,BattleMech,55,0,2680
5040,Shadow Hawk LAM SHD-X2,Shadow Hawk LAM,SHD-X2,18,BattleMech,55,0,2684
2896,Shadow Hawk SHD-11CS,Shadow Hawk,SHD-11CS,18,BattleMech,55,1700,3068
5036,Shadow Hawk SHD-11CS2,Shadow Hawk,SHD-11CS2,18,BattleMech,55,1779,3076
2897,Shadow Hawk SHD-12C,Shadow Hawk,SHD-12C,18,BattleMech,55,1574,3079
2898,Shadow Hawk SHD-1R,Shadow Hawk,SHD-1R,18,BattleMech,50,851,2467
2899,Shadow Hawk SHD-2D,Shadow Hawk,SHD-2D,18,BattleMech,55,899,2796
2900,Shadow Hawk SHD-2D2,Shadow Hawk,SHD-2D2,18,BattleMech,55,1049,3049
2901,Shadow Hawk SHD-2H,Shadow Hawk,SHD-2H,18,BattleMech,55,1064,2550
2902,Shadow Hawk SHD-2Hb,Shadow Hawk,SHD-2Hb,18,BattleMech,55,1354,2752
7737,Shadow Hawk SHD-2Ht,Shadow Hawk,SHD-2Ht,18,BattleMech,55,1453,3052
2903,Shadow Hawk SHD-2K,Shadow Hawk,SHD-2K,18,BattleMech,55,1147,2803
5037,Shadow Hawk SHD-3H,Shadow Hawk,SHD-3H,18,BattleMech,55,1043,2752
9538,Shadow Hawk SHD-3H2,Shadow Hawk,SHD-3H2,18,BattleMech,55,1112,2775
2904,Shadow Hawk SHD-3K,Shadow Hawk,SHD-3K,18,BattleMech,55,1591,3075
7785,Shadow Hawk SHD-4H,Shadow Hawk,SHD-4H,18,BattleMech,55,1569,3097
2905,Shadow Hawk SHD-5D,Shadow Hawk,SHD-5D,18,BattleMech,55,1684,3066
5806,Shadow Hawk SHD-5D (Sandy),Shadow Hawk,SHD-5D (Sandy),18,BattleMech,55,1517,3068
2906,Shadow Hawk SHD-5M,Shadow Hawk,SHD-5M,18,BattleMech,55,1430,3048
7787,Shadow Hawk SHD-5R,Shadow Hawk,SHD-5R,18,BattleMech,55,1296,3087
7786,Shadow Hawk SHD-5S,Shadow Hawk,SHD-5S,18,BattleMech,55,1590,3054
7788,Shadow Hawk SHD-6D,Shadow Hawk,SHD-6D,18,BattleMech,55,1371,3141
2907,Shadow Hawk SHD-7CS,Shadow Hawk,SHD-7CS,18,BattleMech,55,1496,3066
7789,Shadow Hawk SHD-7H,Shadow Hawk,SHD-7H,18,BattleMech,55,1394,3101
2908,Shadow Hawk SHD-7M,Shadow Hawk,SHD-7M,18,BattleMech,55,1447,3066
2909,Shadow Hawk SHD-8L,Shadow Hawk,SHD-8L,18,BattleMech,55,1536,3079
2910,Shadow Hawk SHD-9D,Shadow Hawk,SHD-9D,18,BattleMech,55,1313,3070
2921,Shamash Reconnaissance Vehicle  ,Shamash Reconnaissance Vehicle, ,19,Combat Vehicle,11,504,2887
2919,Shamash Reconnaissance Vehicle (Flamer),Shamash Reconnaissance Vehicle,(Flamer),19,Combat Vehicle,11,228,3069
2920,Shamash Reconnaissance Vehicle (Interdictor),Shamash Reconnaissance Vehicle,(Interdictor),19,Combat Vehicle,11,520,3077
6654,Shandra Advanced Scout Vehicle  ,Shandra Advanced Scout Vehicle, ,19,Combat Vehicle,25,417,3089
6699,Shandra Advanced Scout Vehicle (Original),Shandra Advanced Scout Vehicle,(Original),19,Combat Vehicle,25,311,3087
5041,Shedu Assault Battle Armor (Capture Team) (Sqd4),Shedu Assault Battle Armor,(Capture Team) (Sqd4),21,Infantry,2,420,3074
8670,Shedu Assault Battle Armor (Capture Team) (Sqd5),Shedu Assault Battle Armor,(Capture Team) (Sqd5),21,Infantry,2,566,3074
9034,Shedu Assault Battle Armor (Capture Team) (Sqd6),Shedu Assault Battle Armor,(Capture Team) (Sqd6),21,Infantry,2,728,3074
5042,Shedu Assault Battle Armor (PPC) (Sqd4),Shedu Assault Battle Armor,(PPC) (Sqd4),21,Infantry,2,360,3074
8671,Shedu Assault Battle Armor (PPC) (Sqd5),Shedu Assault Battle Armor,(PPC) (Sqd5),21,Infantry,2,485,3074
9035,Shedu Assault Battle Armor (PPC) (Sqd6),Shedu Assault Battle Armor,(PPC) (Sqd6),21,Infantry,2,624,3074
5043,Shedu Assault Battle Armor (Recon) (Sqd4),Shedu Assault Battle Armor,(Recon) (Sqd4),21,Infantry,2,331,3072
8672,Shedu Assault Battle Armor (Recon) (Sqd5),Shedu Assault Battle Armor,(Recon) (Sqd5),21,Infantry,2,445,3072
9036,Shedu Assault Battle Armor (Recon) (Sqd6),Shedu Assault Battle Armor,(Recon) (Sqd6),21,Infantry,2,573,3072
5044,Shedu Assault Battle Armor (Sqd4),Shedu Assault Battle Armor,(Sqd4),21,Infantry,2,376,3072
8673,Shedu Assault Battle Armor (Sqd5),Shedu Assault Battle Armor,(Sqd5),21,Infantry,2,507,3072
9037,Shedu Assault Battle Armor (Sqd6),Shedu Assault Battle Armor,(Sqd6),21,Infantry,2,651,3072
5045,Shedu Assault Battle Armor (Support) (Sqd4),Shedu Assault Battle Armor,(Support) (Sqd4),21,Infantry,2,364,3072
8674,Shedu Assault Battle Armor (Support) (Sqd5),Shedu Assault Battle Armor,(Support) (Sqd5),21,Infantry,2,490,3072
9038,Shedu Assault Battle Armor (Support) (Sqd6),Shedu Assault Battle Armor,(Support) (Sqd6),21,Infantry,2,631,3072
6431,Shen Long Battle Armor [David] (Sqd4),Shen Long Battle Armor,[David] (Sqd4),21,Infantry,1.5,350,3092
6435,Shen Long Battle Armor [Interdictor] (Sqd4),Shen Long Battle Armor,[Interdictor] (Sqd4),21,Infantry,1.5,276,3092
6432,Shen Long Battle Armor [MG] (Sqd4),Shen Long Battle Armor,[MG] (Sqd4),21,Infantry,1.5,314,3092
6433,Shen Long Battle Armor [MRM] (Sqd4),Shen Long Battle Armor,[MRM] (Sqd4),21,Infantry,1.5,352,3092
6436,Shen Long Battle Armor [Pop-Up Mine] (Sqd4),Shen Long Battle Armor,[Pop-Up Mine] (Sqd4),21,Infantry,1.5,241,3092
6434,Shen Long Battle Armor [SRM] (Sqd4),Shen Long Battle Armor,[SRM] (Sqd4),21,Infantry,1.5,404,3092
2922,Shen Yi SHY-3B,Shen Yi,SHY-3B,18,BattleMech,65,1507,3086
6878,Shen Yi SHY-5B,Shen Yi,SHY-5B,18,BattleMech,65,1603,3093
6443,Sheriff Infantry Support Tank  ,Sheriff Infantry Support Tank, ,19,Combat Vehicle,50,810,3098
5050,Sherpa Armored Truck  ,Sherpa Armored Truck, ,24,Support Vehicle,35,0,2430
5046,Sherpa Armored Truck (Fuel Tanker),Sherpa Armored Truck,(Fuel Tanker),24,Support Vehicle,35,0,2430
5047,Sherpa Armored Truck (MASH),Sherpa Armored Truck,(MASH),24,Support Vehicle,35,0,2430
5048,Sherpa Armored Truck (MHQ),Sherpa Armored Truck,(MHQ),24,Support Vehicle,35,0,2430
5049,Sherpa Armored Truck (Mobile Canteen),Sherpa Armored Truck,(Mobile Canteen),24,Support Vehicle,35,0,2430
6519,Shikra SKR-4M,Shikra,SKR-4M,17,Aerospace,90,2849,3101
8060,Shikra SKR-4N,Shikra,SKR-4N,17,Aerospace,90,2754,3144
6378,Shillelagh Missile Tank  ,Shillelagh Missile Tank, ,19,Combat Vehicle,40,669,3093
6379,Shillelagh Missile Tank (Original),Shillelagh Missile Tank,(Original),19,Combat Vehicle,40,584,2859
2927,Shilone  SL-17X,Shilone ,SL-17X,17,Aerospace,65,1933,3075
2923,Shilone SL-17,Shilone,SL-17,17,Aerospace,65,1230,2796
2924,Shilone SL-17AC,Shilone,SL-17AC,17,Aerospace,65,972,2935
2925,Shilone SL-17R,Shilone,SL-17R,17,Aerospace,65,1230,3042
2926,Shilone SL-18,Shilone,SL-18,17,Aerospace,65,1418,3068
6416,Shiro SH-1V,Shiro,SH-1V,18,BattleMech,75,2016,3135
6417,Shiro SH-2P,Shiro,SH-2P,18,BattleMech,75,2570,3135
5051,Shiva SHV-O,Shiva,SHV-O,17,Aerospace,85,1691,3060
5053,Shiva SHV-OA,Shiva,SHV-OA,17,Aerospace,85,2280,3060
5054,Shiva SHV-OB,Shiva,SHV-OB,17,Aerospace,85,1999,3060
5055,Shiva SHV-OC,Shiva,SHV-OC,17,Aerospace,85,2163,3060
5759,Shiva SHV-OD,Shiva,SHV-OD,17,Aerospace,85,2019,3073
2928,Shiva SHV-S,Shiva,SHV-S,17,Aerospace,85,2216,3079
2929,Shockwave SKW-2F,Shockwave,SKW-2F,18,BattleMech,50,1453,3082
2930,Shockwave SKW-4G,Shockwave,SKW-4G,18,BattleMech,50,1449,3083
6903,Shockwave SKW-6H,Shockwave,SKW-6H,18,BattleMech,50,1364,3102
6902,Shockwave SKW-8X,Shockwave,SKW-8X,18,BattleMech,50,1065,3134
5056,Shoden Assault Vehicle  ,Shoden Assault Vehicle, ,19,Combat Vehicle,70,1412,3064
5736,Shoden Assault Vehicle (LB-X),Shoden Assault Vehicle,(LB-X),19,Combat Vehicle,70,1314,3073
5057,Shoden Assault Vehicle (Streak),Shoden Assault Vehicle,(Streak),19,Combat Vehicle,70,1425,3068
2931,Shogun C,Shogun,C,18,BattleMech,85,3032,2850
8002,Shogun C 2,Shogun,C 2,18,BattleMech,85,2914,3139
9463,Shogun C 3,Shogun,C 3,18,BattleMech,85,2935,3139
2932,Shogun SHG-2E,Shogun,SHG-2E,18,BattleMech,85,1823,3005
2933,Shogun SHG-2F,Shogun,SHG-2F,18,BattleMech,85,1804,3029
5058,Shogun SHG-2F (Trisha),Shogun,SHG-2F (Trisha),18,BattleMech,85,1733,3071
2934,Shogun SHG-2H,Shogun,SHG-2H,18,BattleMech,85,2087,2777
8003,Shogun SHG-3E,Shogun,SHG-3E,18,BattleMech,85,1998,3090
2935,Sholagar SL-21,Sholagar,SL-21,17,Aerospace,35,607,2803
2936,Sholagar SL-21L,Sholagar,SL-21L,17,Aerospace,35,735,2911
2937,Sholagar SL-22,Sholagar,SL-22,17,Aerospace,35,830,3070
2938,Sholagar SL-27x,Sholagar,SL-27x,17,Aerospace,35,1322,3069
5059,Shootist (Apollyon),Shootist,(Apollyon),18,BattleMech,70,0,Unknown
2939,Shootist ST-8A,Shootist,ST-8A,18,BattleMech,70,1507,2621
2940,Shootist ST-8C,Shootist,ST-8C,18,BattleMech,70,1528,3062
2941,Shootist ST-9C,Shootist,ST-9C,18,BattleMech,70,1727,3066
6292,Shrike  ,Shrike, ,18,BattleMech,95,2969,3113
9215,"Shrike ""Black Rose""",Shrike,"""Black Rose""",18,BattleMech,95,3487,3134
6293,Shrike 2,Shrike,2,18,BattleMech,95,2846,3115
6294,Shrike 3,Shrike,3,18,BattleMech,95,3698,3116
2942,Shugenja SJA-7D,Shugenja,SJA-7D,18,BattleMech,75,1656,3061
2943,Shugenja SJA-8H,Shugenja,SJA-8H,18,BattleMech,75,1691,3069
7154,Shugosha LAW-QM1 Q-Mech,Shugosha,LAW-QM1 Q-Mech,20,IndustrialMech,20,161,3051
7155,Shugosha LAW-QM2 Q-Mech,Shugosha,LAW-QM2 Q-Mech,20,IndustrialMech,20,157,3051
7156,Shugosha LAW-QM3 Q-Mech,Shugosha,LAW-QM3 Q-Mech,20,IndustrialMech,20,189,3051
7157,Shugosha PTN-LAW LoaderMech,Shugosha,PTN-LAW LoaderMech,20,IndustrialMech,20,102,2627
6440,Shun Transport VTOL  ,Shun Transport VTOL, ,19,Combat Vehicle,40,499,3122
8057,Shun Transport VTOL (Support),Shun Transport VTOL,(Support),19,Combat Vehicle,40,770,3142
5060,Shuttle ST-46,Shuttle,ST-46,17,Aerospace,100,0,2528
5061,Shuttle ST-46C,Shuttle,ST-46C,17,Aerospace,100,0,2897
2944,Silver Fox SVR-5X,Silver Fox,SVR-5X,18,BattleMech,35,1432,3065
2945,Silver Fox SVR-5Y,Silver Fox,SVR-5Y,18,BattleMech,35,1316,3067
5062,Silverback Coastal Cutter  ,Silverback Coastal Cutter, ,24,Support Vehicle,40,0,3058
5063,Silverfin Coastal Cutter  ,Silverfin Coastal Cutter, ,24,Support Vehicle,40,0,2302
5064,Simca Ambulance  ,Simca Ambulance, ,24,Support Vehicle,2.5,0,2607
6649,Simian Battle Armor [Flamer] (Sqd4),Simian Battle Armor,[Flamer] (Sqd4),21,Infantry,1,177,3135
8779,Simian Battle Armor [Flamer] (Sqd5),Simian Battle Armor,[Flamer] (Sqd5),21,Infantry,1,238,3135
9142,Simian Battle Armor [Flamer] (Sqd6),Simian Battle Armor,[Flamer] (Sqd6),21,Infantry,1,307,3135
6650,Simian Battle Armor [HMG] (Sqd4),Simian Battle Armor,[HMG] (Sqd4),21,Infantry,1,185,3135
8780,Simian Battle Armor [HMG] (Sqd5),Simian Battle Armor,[HMG] (Sqd5),21,Infantry,1,249,3135
9143,Simian Battle Armor [HMG] (Sqd6),Simian Battle Armor,[HMG] (Sqd6),21,Infantry,1,320,3135
6648,Simian Battle Armor [LRR] (Sqd4),Simian Battle Armor,[LRR] (Sqd4),21,Infantry,1,233,3135
8778,Simian Battle Armor [LRR] (Sqd5),Simian Battle Armor,[LRR] (Sqd5),21,Infantry,1,314,3135
9141,Simian Battle Armor [LRR] (Sqd6),Simian Battle Armor,[LRR] (Sqd6),21,Infantry,1,404,3135
6647,Simian Battle Armor [SL] (Sqd4),Simian Battle Armor,[SL] (Sqd4),21,Infantry,1,209,3135
8777,Simian Battle Armor [SL] (Sqd5),Simian Battle Armor,[SL] (Sqd5),21,Infantry,1,282,3135
9140,Simian Battle Armor [SL] (Sqd6),Simian Battle Armor,[SL] (Sqd6),21,Infantry,1,362,3135
6693,Simurgh SMG-O,Simurgh,SMG-O,17,Aerospace,85,2921,3109
6694,Simurgh SMG-OA,Simurgh,SMG-OA,17,Aerospace,85,2622,3109
6695,Simurgh SMG-OB,Simurgh,SMG-OB,17,Aerospace,85,2864,3109
2946,Siren  ,Siren, ,23,Protomech,3,86,3059
2947,Siren 2,Siren,2,23,Protomech,3,86,3061
2948,Siren 3,Siren,3,23,Protomech,3,120,3064
2949,Siren 4,Siren,4,23,Protomech,3,88,3068
2950,Siren 5,Siren,5,23,Protomech,3,104,3070
2951,Sirocco SRC-3C,Sirocco,SRC-3C,18,BattleMech,95,2154,3060
2952,Sirocco SRC-5C,Sirocco,SRC-5C,18,BattleMech,95,2107,3060
2953,Sirocco SRC-6C,Sirocco,SRC-6C,18,BattleMech,95,2202,3070
6246,Skadi Swift Attack VTOL  ,Skadi Swift Attack VTOL, ,19,Combat Vehicle,30,923,3099
6247,Skanda Light Tank  ,Skanda Light Tank, ,19,Combat Vehicle,35,1078,3094
8058,Skanda Light Tank (TSEMP),Skanda Light Tank,(TSEMP),19,Combat Vehicle,35,1437,3119
5065,Skimmer   ,Skimmer,  ,19,Combat Vehicle,5,86,2577
2958,Skulker Wheeled Scout Tank  ,Skulker Wheeled Scout Tank, ,19,Combat Vehicle,20,314,2659
5067,"Skulker Wheeled Scout Tank ""Matahari""",Skulker Wheeled Scout Tank,"""Matahari""",19,Combat Vehicle,20,0,3026
2955,Skulker Wheeled Scout Tank (C3M),Skulker Wheeled Scout Tank,(C3M),19,Combat Vehicle,20,230,3077
2956,Skulker Wheeled Scout Tank (MG),Skulker Wheeled Scout Tank,(MG),19,Combat Vehicle,20,252,2897
2957,Skulker Wheeled Scout Tank (SRM),Skulker Wheeled Scout Tank,(SRM),19,Combat Vehicle,20,319,2901
9360,Skulker Wheeled Scout Tank C,Skulker Wheeled Scout Tank,C,19,Combat Vehicle,20,445,3087
5071,Skulker Wheeled Scout Tank Mk. II  ,Skulker Wheeled Scout Tank Mk. II, ,19,Combat Vehicle,20,454,3082
5069,Skulker Wheeled Scout Tank Mk. II (Mission),Skulker Wheeled Scout Tank Mk. II,(Mission),19,Combat Vehicle,20,0,3088
5070,Skulker Wheeled Scout Tank Mk. II (Sealed),Skulker Wheeled Scout Tank Mk. II,(Sealed),19,Combat Vehicle,20,0,3090
5068,Skulker Wheeled Scout Tank X-5,Skulker Wheeled Scout Tank,X-5,19,Combat Vehicle,20,491,3071
5072,Sky Eye News Helicopter  ,Sky Eye News Helicopter, ,24,Support Vehicle,20,0,3061
5073,Skycity-3000 Mobile Aerial Structure  ,Skycity-3000 Mobile Aerial Structure, ,24,Support Vehicle,0,0,Unknown
4682,Skyliner Airliner TC-80,Skyliner Airliner,TC-80,24,Support Vehicle,0,0,3069
5074,Skyward Warning Satellite (Fusion Drive),Skyward Warning Satellite,(Fusion Drive),79,Advanced Support,65,0,2874
5075,Skyward Warning Satellite (HPG),Skyward Warning Satellite,(HPG),79,Advanced Support,65,0,2839
5076,Skyward Warning Satellite Model IX,Skyward Warning Satellite,Model IX,79,Advanced Support,65,0,Unknown
5077,Skyward Warning Satellite Model XII,Skyward Warning Satellite,Model XII,79,Advanced Support,65,0,2821
5078,Slagmaiden SLG-X,Slagmaiden,SLG-X,18,BattleMech,55,1602,3076
2959,Slayer SL-15,Slayer,SL-15,17,Aerospace,80,1288,2770
2960,Slayer SL-15 (Eric),Slayer,SL-15 (Eric),17,Aerospace,80,1941,3069
2961,Slayer SL-15A,Slayer,SL-15A,17,Aerospace,80,1423,2872
2962,Slayer SL-15B,Slayer,SL-15B,17,Aerospace,80,1379,2872
2963,Slayer SL-15C,Slayer,SL-15C,17,Aerospace,80,1321,2872
2964,Slayer SL-15K,Slayer,SL-15K,17,Aerospace,80,1516,3066
2965,Slayer SL-15R,Slayer,SL-15R,17,Aerospace,80,1384,3044
2966,Slayer SL-CX1,Slayer,SL-CX1,17,Aerospace,80,2037,3075
7613,Sleipnir APC Tank  ,Sleipnir APC Tank, ,19,Combat Vehicle,50,505,3002
7614,Sleipnir APC Tank (SRM),Sleipnir APC Tank,(SRM),19,Combat Vehicle,50,553,3004
2967,Sling SL-1G,Sling,SL-1G,18,BattleMech,25,578,2766
2968,Sling SL-1H,Sling,SL-1H,18,BattleMech,25,731,2766
5080,Slipper Hover Sedan LX-Series,Slipper Hover Sedan,LX-Series,24,Support Vehicle,1.5,0,3061
5081,Slipper Hovercruiser PX-Series,Slipper Hovercruiser,PX-Series,24,Support Vehicle,1.5,0,3061
5082,Slipper Hoverwagon ZX-Series,Slipper Hoverwagon,ZX-Series,24,Support Vehicle,1.5,0,3061
6735,"Sloth Battle Armor ""Huntsman"" (Sqd4)",Sloth Battle Armor,"""Huntsman"" (Sqd4)",21,Infantry,1.5,169,3093
2969,Sloth Battle Armor (Interdictor) (Sqd4),Sloth Battle Armor,(Interdictor) (Sqd4),21,Infantry,1.5,227,3075
2970,Sloth Battle Armor (Sqd4),Sloth Battle Armor,(Sqd4),21,Infantry,1.5,180,3050
8586,Sloth Battle Armor (Sqd5),Sloth Battle Armor,(Sqd5),21,Infantry,1.5,243,3050
8950,Sloth Battle Armor (Sqd6),Sloth Battle Armor,(Sqd6),21,Infantry,1.5,312,3050
5083,Small Agricultural Robot  ,Small Agricultural Robot, ,19,Combat Vehicle,40,0,Unknown
5084,Small Factory  ,Small Factory, ,81,Advanced Aerospace,2500,0,2750
5085,Small Habitat  ,Small Habitat, ,81,Advanced Aerospace,120000,0,2750
5086,Small Pressurized Yard  ,Small Pressurized Yard, ,81,Advanced Aerospace,2500,0,2750
5087,Small Unpressurized Yard  ,Small Unpressurized Yard, ,81,Advanced Aerospace,3000,0,2750
5089,Smoke Ultralight Trike  ,Smoke Ultralight Trike, ,24,Support Vehicle,0,0,3067
5088,Smoke Ultralight Trike (Fuel Cell),Smoke Ultralight Trike,(Fuel Cell),24,Support Vehicle,0,0,3068
5090,Smoothdavid PA(L) II (Sqd4),Smoothdavid PA(L),II (Sqd4),21,Infantry,0.4,22,3064
8675,Smoothdavid PA(L) II (Sqd5),Smoothdavid PA(L),II (Sqd5),21,Infantry,0.4,29,3064
9039,Smoothdavid PA(L) II (Sqd6),Smoothdavid PA(L),II (Sqd6),21,Infantry,0.4,38,3064
7201,Smoothdavid PA(L) III (Sqd4),Smoothdavid PA(L),III (Sqd4),21,Infantry,0.4,127,3071
8803,Smoothdavid PA(L) III (Sqd5),Smoothdavid PA(L),III (Sqd5),21,Infantry,0.4,171,3071
9166,Smoothdavid PA(L) III (Sqd6),Smoothdavid PA(L),III (Sqd6),21,Infantry,0.4,219,3071
5091,Smoothgoliath PA(L) II (Sqd4),Smoothgoliath PA(L),II (Sqd4),21,Infantry,0.4,37,3064
8676,Smoothgoliath PA(L) II (Sqd5),Smoothgoliath PA(L),II (Sqd5),21,Infantry,0.4,50,3064
9040,Smoothgoliath PA(L) II (Sqd6),Smoothgoliath PA(L),II (Sqd6),21,Infantry,0.4,65,3064
6982,Snake (Arthur),Snake,(Arthur),18,BattleMech,45,1477,3068
2974,Snake SNK-1V,Snake,SNK-1V,18,BattleMech,45,980,3053
2975,Snake SNK-1V (Alexi),Snake,SNK-1V (Alexi),18,BattleMech,45,1316,3057
2976,Snake SNK-2B,Snake,SNK-2B,18,BattleMech,45,1081,3067
2977,Snake SNK-2Br,Snake,SNK-2Br,18,BattleMech,45,1577,3070
4697,SneakSat Communications Satellite  ,SneakSat Communications Satellite, ,79,Advanced Support,1.1,0,3068
2978,Sniper  ,Sniper, ,21,Infantry,1,26,3055
6327,Sniper Artillery  ,Sniper Artillery, ,19,Combat Vehicle,80,895,3094
5092,Sniper Artillery Tank  ,Sniper Artillery Tank, ,19,Combat Vehicle,0,0,Unknown
6307,Sniper Suit PAB-28 (Sqd4),Sniper Suit,PAB-28 (Sqd4),21,Infantry,0.4,119,3090
8732,Sniper Suit PAB-28 (Sqd5),Sniper Suit,PAB-28 (Sqd5),21,Infantry,0.4,160,3090
9095,Sniper Suit PAB-28 (Sqd6),Sniper Suit,PAB-28 (Sqd6),21,Infantry,0.4,206,3090
2979,Snow Fox  ,Snow Fox, ,18,BattleMech,20,807,3015
7879,Snow Fox (Omni) A,Snow Fox (Omni),A,18,BattleMech,20,831,3111
7880,Snow Fox (Omni) B,Snow Fox (Omni),B,18,BattleMech,20,1249,3111
7878,Snow Fox (Omni) Prime,Snow Fox (Omni),Prime,18,BattleMech,20,1464,3111
2980,Snow Fox 2,Snow Fox,2,18,BattleMech,20,604,3015
2981,Snow Fox 3,Snow Fox,3,18,BattleMech,20,903,3072
5093,Snowden Mining Station  ,Snowden Mining Station, ,81,Advanced Aerospace,51000,0,2575
5094,Snowden Mining Station Mk I,Snowden Mining Station,Mk I,81,Advanced Aerospace,51000,0,2390
7444,Sojourner A,Sojourner,A,18,BattleMech,60,1911,3147
7445,Sojourner B,Sojourner,B,18,BattleMech,60,2397,3147
7446,Sojourner C,Sojourner,C,18,BattleMech,60,2235,3147
7447,Sojourner D,Sojourner,D,18,BattleMech,60,2452,3147
7443,Sojourner Prime,Sojourner,Prime,18,BattleMech,60,2491,3147
5096,Sokar Urban Combat Tank  ,Sokar Urban Combat Tank, ,19,Combat Vehicle,50,599,3084
2982,Sokuryou SKU-181 SurveyMech,Sokuryou,SKU-181 SurveyMech,20,IndustrialMech,25,328,3084
2983,Sokuryou SKU-197 SurveyMech,Sokuryou,SKU-197 SurveyMech,20,IndustrialMech,25,395,3084
2984,Sokuryou SKU-198 SurveyMech,Sokuryou,SKU-198 SurveyMech,20,IndustrialMech,25,581,3085
5097,Solitaire  ,Solitaire, ,18,BattleMech,25,1284,3064
5655,Solitaire 2,Solitaire,2,18,BattleMech,25,1471,3080
6318,Sortek Assault Craft  ,Sortek Assault Craft, ,19,Combat Vehicle,45,937,3098
6319,Sortek Assault Craft (Interdictor),Sortek Assault Craft,(Interdictor),19,Combat Vehicle,45,884,3101
5098,"Sovetskii Soyuz Heavy Cruiser ""Dire Wolf""",Sovetskii Soyuz Heavy Cruiser,"""Dire Wolf""",81,Advanced Aerospace,830000,0,2956
5099,Sovetskii Soyuz Heavy Cruiser (2742),Sovetskii Soyuz Heavy Cruiser,(2742),81,Advanced Aerospace,830000,0,2742
5100,Sovetskii Soyuz Heavy Cruiser (Clan),Sovetskii Soyuz Heavy Cruiser,(Clan),81,Advanced Aerospace,830000,0,2845
6984,Soyal Heavy Cruiser  ,Soyal Heavy Cruiser, ,81,Advanced Aerospace,1500000,130574,2731
5101,Space Hound AM-PRM-SH1 ProspectorMech,Space Hound,AM-PRM-SH1 ProspectorMech,20,IndustrialMech,40,465,3047
2985,Space Marines  ,Space Marines, ,21,Infantry,3,98,2900
5102,SpaceStream  ,SpaceStream, ,17,Aerospace,0,0,Unknown
2986,Spad SPD-502,Spad,SPD-502,17,Aerospace,30,807,2749
2987,Spad SPD-503,Spad,SPD-503,17,Aerospace,30,824,2760
2988,Spad SPD-504,Spad,SPD-504,17,Aerospace,30,1064,3071
2989,Sparrowhawk SPR-6D,Sparrowhawk,SPR-6D,17,Aerospace,30,729,3051
2990,Sparrowhawk SPR-7D,Sparrowhawk,SPR-7D,17,Aerospace,30,959,3062
6818,Sparrowhawk SPR-7Dr,Sparrowhawk,SPR-7Dr,17,Aerospace,30,830,3130
2991,Sparrowhawk SPR-8H,Sparrowhawk,SPR-8H,17,Aerospace,30,466,2906
5103,Sparrowhawk SPR-DH,Sparrowhawk,SPR-DH,17,Aerospace,30,486,3076
2992,Sparrowhawk SPR-H5,Sparrowhawk,SPR-H5,17,Aerospace,30,637,2520
2993,Sparrowhawk SPR-H5K,Sparrowhawk,SPR-H5K,17,Aerospace,30,508,3018
7646,Spartan C,Spartan,C,18,BattleMech,80,2514,2865
2994,Spartan SPT-N1,Spartan,SPT-N1,18,BattleMech,80,1498,2764
2995,Spartan SPT-N2,Spartan,SPT-N2,18,BattleMech,80,1605,2765
2996,Spartan SPT-N3,Spartan,SPT-N3,18,BattleMech,80,1631,3064
9579,Spartan SPT-N4,Spartan,SPT-N4,18,BattleMech,80,2108,3148
2997,Spartan SPT-NF,Spartan,SPT-NF,18,BattleMech,80,1605,2770
2998,Spatha SP1-X,Spatha,SP1-X,18,BattleMech,60,2222,3067
2999,"Spatha SP2-X ""Warlord""",Spatha,"SP2-X ""Warlord""",18,BattleMech,60,1973,3069
3001,SpecOps Paratrooper  ,SpecOps Paratrooper, ,21,Infantry,3,108,3064
3000,Special Forces  ,Special Forces, ,21,Infantry,4,405,3082
5104,Specter Surveillance Plane  ,Specter Surveillance Plane, ,17,Aerospace,0,0,Unknown
3002,Spector SPR-4F,Spector,SPR-4F,18,BattleMech,35,1224,2640
3003,Spector SPR-5F,Spector,SPR-5F,18,BattleMech,35,1183,3053
3004,Spector SPR-5S,Spector,SPR-5S,18,BattleMech,35,1155,3067
9375,Spector SPR-6F,Spector,SPR-6F,18,BattleMech,35,1476,3119
3005,Spector SPR-ST,Spector,SPR-ST,18,BattleMech,35,1438,3068
6523,Spectre Stealth Battle Armor (Sqd4),Spectre Stealth Battle Armor,(Sqd4),21,Infantry,0.75,198,3097
8761,Spectre Stealth Battle Armor (Sqd5),Spectre Stealth Battle Armor,(Sqd5),21,Infantry,0.75,267,3097
9124,Spectre Stealth Battle Armor (Sqd6),Spectre Stealth Battle Armor,(Sqd6),21,Infantry,0.75,343,3097
5105,Speeder  ,Speeder, ,19,Combat Vehicle,5,0,Unknown
3007,Sphinx,Sphinx,,18,BattleMech,75,2883,3078
3006,Sphinx 2,Sphinx,2,18,BattleMech,75,2753,3080
6864,Sphinx 3,Sphinx,3,18,BattleMech,75,3396,3091
6863,Sphinx 4,Sphinx,4,18,BattleMech,75,1952,3091
8174,Spider Construction Station,Spider,Construction Station,81,Advanced Aerospace,0,0,Unknown
6934,Spider SDR-10K,Spider,SDR-10K,18,BattleMech,30,824,3143
3008,Spider SDR-5D,Spider,SDR-5D,18,BattleMech,30,524,2853
3009,Spider SDR-5K,Spider,SDR-5K,18,BattleMech,30,503,2850
3010,Spider SDR-5V,Spider,SDR-5V,18,BattleMech,30,622,2650
3011,Spider SDR-7K,Spider,SDR-7K,18,BattleMech,30,752,3067
3012,Spider SDR-7K2,Spider,SDR-7K2,18,BattleMech,30,884,3068
3013,Spider SDR-7KC,Spider,SDR-7KC,18,BattleMech,30,732,3070
3014,Spider SDR-7Kr,Spider,SDR-7Kr,18,BattleMech,30,775,3074
3015,Spider SDR-7M,Spider,SDR-7M,18,BattleMech,30,621,3051
3016,Spider SDR-8K,Spider,SDR-8K,18,BattleMech,30,1007,3084
3017,Spider SDR-8M,Spider,SDR-8M,18,BattleMech,30,621,3060
3018,Spider SDR-8R,Spider,SDR-8R,18,BattleMech,30,694,3084
3019,Spider SDR-8X,Spider,SDR-8X,18,BattleMech,30,765,3078
6933,Spider SDR-8Xr,Spider,SDR-8Xr,18,BattleMech,30,754,3103
8306,Spider SDR-9M,Spider,SDR-9M,18,BattleMech,30,687,3096
3020,Spider SDR-C,Spider,SDR-C,18,BattleMech,30,616,3054
3021,Spindrift Aquatic SecurityMech SDT-1,Spindrift Aquatic SecurityMech,SDT-1,20,IndustrialMech,30,441,3069
5106,Spindrift Aquatic SecurityMech SDT-1A,Spindrift Aquatic SecurityMech,SDT-1A,20,IndustrialMech,30,465,3083
5107,Spindrift Aquatic SecurityMech SDT-1Ar,Spindrift Aquatic SecurityMech,SDT-1Ar,20,IndustrialMech,30,0,3083
5108,Spirit  ,Spirit, ,18,BattleMech,35,1673,3063
5665,Spirit 2,Spirit,2,18,BattleMech,35,1773,3068
9236,Spirit Walker A,Spirit Walker,A,18,BattleMech,75,1990,2866
9237,Spirit Walker Prime,Spirit Walker,Prime,18,BattleMech,75,2115,2866
3026,Sprint Scout Helicopter  ,Sprint Scout Helicopter, ,19,Combat Vehicle,10,82,3052
3022,Sprint Scout Helicopter (C3),Sprint Scout Helicopter,(C3),19,Combat Vehicle,10,82,3057
3023,Sprint Scout Helicopter (C3i),Sprint Scout Helicopter,(C3i),19,Combat Vehicle,10,71,3068
3024,Sprint Scout Helicopter (Interdictor),Sprint Scout Helicopter,(Interdictor),19,Combat Vehicle,10,139,3076
3025,Sprint Scout Helicopter (Laser),Sprint Scout Helicopter,(Laser),19,Combat Vehicle,10,220,3056
3027,Sprint Scout Helicopter (Troop Transport),Sprint Scout Helicopter,(Troop Transport),19,Combat Vehicle,10,71,3056
5109,Sprite  ,Sprite, ,23,Protomech,15,622,3072
5636,Sprite 2,Sprite,2,23,Protomech,15,590,3072
5637,Sprite 3,Sprite,3,23,Protomech,15,439,Unknown
5111,St. Bernard Express Military Train Tractor  ,St. Bernard Express Military Train Tractor, ,79,Advanced Support,600,0,2651
5112,St. Bernard Express Military Train Trailer (Cargo),St. Bernard Express Military Train Trailer,(Cargo),79,Advanced Support,150,0,2651
5113,St. Bernard Express Military Train Trailer (Escort),St. Bernard Express Military Train Trailer,(Escort),79,Advanced Support,150,0,2651
5114,St. Bernard Express Military Train Trailer (Officer),St. Bernard Express Military Train Trailer,(Officer),79,Advanced Support,150,0,2651
5115,St. Bernard Express Military Train Trailer (Passenger),St. Bernard Express Military Train Trailer,(Passenger),79,Advanced Support,150,0,2651
5116,St. Christopher Cargo Transport C1,St. Christopher Cargo Transport,C1,24,Support Vehicle,25,0,3067
5117,St. Christopher Cargo Transport C2,St. Christopher Cargo Transport,C2,24,Support Vehicle,25,0,3067
5118,St. Florian FLN-366 FireMech,St. Florian,FLN-366 FireMech,20,IndustrialMech,90,833,3063
7826,St. Florian FLN-366-M FireMech MOD,St. Florian,FLN-366-M FireMech MOD,20,IndustrialMech,90,1266,3133
3034,Stag II ST-24G,Stag II,ST-24G,18,BattleMech,45,1625,2823
3033,Stag ST-14G,Stag,ST-14G,18,BattleMech,45,1351,2823
6515,Stalker II STK-9A,Stalker II,STK-9A,18,BattleMech,85,2261,3137
3035,Stalker STK-3F,Stalker,STK-3F,18,BattleMech,85,1559,2594
3036,Stalker STK-3F (Jagawen),Stalker,STK-3F (Jagawen),18,BattleMech,85,1570,3028
5119,Stalker STK-3F (Jamison),Stalker,STK-3F (Jamison),18,BattleMech,85,2707,3054
3037,Stalker STK-3Fb,Stalker,STK-3Fb,18,BattleMech,85,2029,2705
5870,Stalker STK-3Fk,Stalker,STK-3Fk,18,BattleMech,85,0,Unknown
3038,Stalker STK-3H,Stalker,STK-3H,18,BattleMech,85,1624,2638
3039,Stalker STK-4N,Stalker,STK-4N,18,BattleMech,85,1558,2876
5120,Stalker STK-4P,Stalker,STK-4P,18,BattleMech,75,1461,2998
3040,Stalker STK-5M,Stalker,STK-5M,18,BattleMech,85,1655,3050
3041,Stalker STK-5S,Stalker,STK-5S,18,BattleMech,85,1423,3050
5121,Stalker STK-6M,Stalker,STK-6M,18,BattleMech,85,2029,3062
3042,Stalker STK-7C3BS,Stalker,STK-7C3BS,18,BattleMech,85,1712,3075
3043,Stalker STK-7D,Stalker,STK-7D,18,BattleMech,85,1872,3062
3044,Stalker STK-8S,Stalker,STK-8S,18,BattleMech,85,2020,3064
8444,Stalker STK-9F,Stalker,STK-9F,18,BattleMech,85,2469,3142
3045,Stalking Spider  ,Stalking Spider, ,18,BattleMech,50,2232,3059
3046,Stalking Spider 2,Stalking Spider,2,18,BattleMech,50,2056,3060
3047,Stalking Spider 3,Stalking Spider,3,18,BattleMech,50,1643,3072
6553,Stalking Spider II,Stalking Spider II,,18,BattleMech,45,1362,3110
5500,Standard Infantry Outpost (All Eras),Standard Infantry Outpost,(All Eras),97,Building,40,12,2475
399,Star Adder (Blood Asp) A,Star Adder (Blood Asp),A,18,BattleMech,90,3452,3060
400,Star Adder (Blood Asp) B,Star Adder (Blood Asp),B,18,BattleMech,90,2885,3060
401,Star Adder (Blood Asp) C,Star Adder (Blood Asp),C,18,BattleMech,90,2270,3060
402,Star Adder (Blood Asp) D,Star Adder (Blood Asp),D,18,BattleMech,90,2396,3060
403,Star Adder (Blood Asp) E,Star Adder (Blood Asp),E,18,BattleMech,90,3179,3063
404,Star Adder (Blood Asp) F,Star Adder (Blood Asp),F,18,BattleMech,90,2908,3071
405,Star Adder (Blood Asp) G,Star Adder (Blood Asp),G,18,BattleMech,90,3192,3074
9485,Star Adder (Blood Asp) I,Star Adder (Blood Asp),I,18,BattleMech,90,2242,3148
406,Star Adder (Blood Asp) Prime,Star Adder (Blood Asp),Prime,18,BattleMech,90,2654,3060
9486,Star Adder (Blood Asp) T,Star Adder (Blood Asp),T,18,BattleMech,90,3069,3142
8426,Star Crusader A,Star Crusader,A,18,BattleMech,80,2904,3146
8427,Star Crusader B,Star Crusader,B,18,BattleMech,80,2565,3146
8425,Star Crusader Prime,Star Crusader,Prime,18,BattleMech,80,3325,3146
5123,Star Dagger S-2,Star Dagger,S-2,17,Aerospace,30,315,2330
8117,Star Dagger S-2B,Star Dagger,S-2B,17,Aerospace,30,537,2525
5125,Star Lord JumpShip  ,Star Lord JumpShip, ,81,Advanced Aerospace,274000,0,2590
5124,Star Lord JumpShip (Clan),Star Lord JumpShip,(Clan),81,Advanced Aerospace,274000,0,Unknown
8413,Star Python  ,Star Python, ,18,BattleMech,25,1234,3150
5126,Starcorps Industries Muskrat 379,Starcorps Industries Muskrat,379,24,Support Vehicle,0,0,3063
5127,Starcorps Industries Muskrat 379-B,Starcorps Industries Muskrat,379-B,24,Support Vehicle,0,0,3068
3760,Starfire Racer  ,Starfire Racer, ,24,Support Vehicle,0,0,2978
5129,Starfire SF-1X,Starfire,SF-1X,17,Aerospace,55,0,3028
3048,Starslayer STY-2C,Starslayer,STY-2C,18,BattleMech,50,1365,2772
7680,Starslayer STY-2C-EC,Starslayer,STY-2C-EC,18,BattleMech,50,1407,2823
3049,Starslayer STY-3C,Starslayer,STY-3C,18,BattleMech,50,1508,3056
3050,Starslayer STY-3D,Starslayer,STY-3D,18,BattleMech,50,1593,3057
3051,Starslayer STY-3Dr,Starslayer,STY-3Dr,18,BattleMech,50,1781,3075
9315,Starslayer STY-4C,Starslayer,STY-4C,18,BattleMech,50,2218,3145
3052,Stealth STH-1D,Stealth,STH-1D,18,BattleMech,45,1231,3054
3053,Stealth STH-1D (Anna),Stealth,STH-1D (Anna),18,BattleMech,45,1540,3065
3054,Stealth STH-2D,Stealth,STH-2D,18,BattleMech,45,1508,3061
3055,Stealth STH-2D1,Stealth,STH-2D1,18,BattleMech,45,1339,3062
3056,Stealth STH-2D2,Stealth,STH-2D2,18,BattleMech,45,1339,3062
3057,Stealth STH-3S,Stealth,STH-3S,18,BattleMech,45,1577,3067
5130,Stealth STH-5X,Stealth,STH-5X,18,BattleMech,45,2240,3076
6786,Stefan Amaris BattleShip  ,Stefan Amaris BattleShip, ,81,Advanced Aerospace,1040000,0,2764
6637,Sternensturm STM-O,Sternensturm,STM-O,17,Aerospace,40,1405,3098
6638,Sternensturm STM-OA,Sternensturm,STM-OA,17,Aerospace,40,1676,3098
6639,Sternensturm STM-OB,Sternensturm,STM-OB,17,Aerospace,40,1512,3098
5131,Stiletto STO-4A,Stiletto,STO-4A,18,BattleMech,35,859,3059
5132,Stiletto STO-4B,Stiletto,STO-4B,18,BattleMech,35,1164,3063
5666,Stiletto STO-4C,Stiletto,STO-4C,18,BattleMech,35,941,3076
5133,Stiletto STO-6S,Stiletto,STO-6S,18,BattleMech,35,1171,3083
5134,Stiletto STO-6X,Stiletto,STO-6X,18,BattleMech,35,1199,3078
8127,Stinger C,Stinger,C,18,BattleMech,20,592,2832
8128,Stinger C 2,Stinger,C 2,18,BattleMech,20,754,2838
5135,Stinger IIC  ,Stinger IIC, ,18,BattleMech,20,730,3085
5136,Stinger IIC 2,Stinger IIC,2,18,BattleMech,20,0,3086
5137,Stinger LAM C,Stinger LAM,C,18,BattleMech,0,0,3058
5140,Stinger LAM Mk I STG-A1,Stinger LAM Mk I,STG-A1,18,BattleMech,30,0,2688
5138,Stinger LAM STG-A10,Stinger LAM,STG-A10,18,BattleMech,30,0,2927
5139,Stinger LAM STG-A5,Stinger LAM,STG-A5,18,BattleMech,30,0,2701
3058,Stinger STG-3G,Stinger,STG-3G,18,BattleMech,20,497,2581
3059,Stinger STG-3Gb,Stinger,STG-3Gb,18,BattleMech,20,674,2720
3060,Stinger STG-3P,Stinger,STG-3P,18,BattleMech,20,489,3068
3061,Stinger STG-3R,Stinger,STG-3R,18,BattleMech,20,359,2479
8123,Stinger STG-4G,Stinger,STG-4G,18,BattleMech,20,541,3074
3062,Stinger STG-5G,Stinger,STG-5G,18,BattleMech,20,614,3076
3063,Stinger STG-5M,Stinger,STG-5M,18,BattleMech,20,432,3050
3064,Stinger STG-5R,Stinger,STG-5R,18,BattleMech,20,492,3067
3065,Stinger STG-5T,Stinger,STG-5T,18,BattleMech,20,341,3068
8125,Stinger STG-6G,Stinger,STG-6G,18,BattleMech,20,503,3103
3066,Stinger STG-6L,Stinger,STG-6L,18,BattleMech,20,680,3067
8126,Stinger STG-6M,Stinger,STG-6M,18,BattleMech,20,503,3097
8124,Stinger STG-6R,Stinger,STG-6R,18,BattleMech,20,454,3120
3067,Stinger STG-6S,Stinger,STG-6S,18,BattleMech,20,478,3069
3068,Stinger STG-7S,Stinger,STG-7S,18,BattleMech,20,382,3077
3069,Stingray F-90,Stingray,F-90,17,Aerospace,60,1268,2762
3070,Stingray F-90S,Stingray,F-90S,17,Aerospace,60,1108,2911
3071,Stingray F-92,Stingray,F-92,17,Aerospace,60,1537,3050
3072,Stingray F-92 (Michael),Stingray,F-92 (Michael),17,Aerospace,60,1514,3068
3073,Stingray F-94,Stingray,F-94,17,Aerospace,60,1268,3052
3074,Stingray F-95,Stingray,F-95,17,Aerospace,60,1597,3069
6814,Stingray F-96R,Stingray,F-96R,17,Aerospace,60,1357,3132
3075,Stoat Scout Car  ,Stoat Scout Car, ,24,Support Vehicle,15,88,2250
3076,Stooping Hawk A,Stooping Hawk,A,18,BattleMech,55,2319,2970
3077,Stooping Hawk B,Stooping Hawk,B,18,BattleMech,55,2111,2970
3078,Stooping Hawk C,Stooping Hawk,C,18,BattleMech,55,2435,2970
3079,Stooping Hawk D,Stooping Hawk,D,18,BattleMech,55,1838,3060
3080,Stooping Hawk E,Stooping Hawk,E,18,BattleMech,55,1674,3061
3081,Stooping Hawk F,Stooping Hawk,F,18,BattleMech,55,1988,3072
3082,Stooping Hawk G,Stooping Hawk,G,18,BattleMech,55,1657,3073
3083,Stooping Hawk Prime,Stooping Hawk,Prime,18,BattleMech,55,2147,2970
5142,Stork  ,Stork, ,17,Aerospace,0,0,3069
5144,Stork Light Refueling Craft  ,Stork Light Refueling Craft, ,24,Support Vehicle,80,436,2677
5143,Stork Light Refueling Craft (Original),Stork Light Refueling Craft,(Original),24,Support Vehicle,80,329,2623
7649,Storm Giant  ,Storm Giant, ,18,BattleMech,100,2676,2862
5145,Storm Giant 2,Storm Giant,2,18,BattleMech,100,2891,2862
6615,Storm Raider STM-R1,Storm Raider,STM-R1,18,BattleMech,35,593,3097
6616,Storm Raider STM-R2,Storm Raider,STM-R2,18,BattleMech,35,671,3098
6614,Storm Raider STM-R3,Storm Raider,STM-R3,18,BattleMech,35,791,3106
6617,Storm Raider STM-R4,Storm Raider,STM-R4,18,BattleMech,35,732,3108
9415,Stormbird Battle Armor (Jade Falcon) (Sqd5),Stormbird Battle Armor,(Jade Falcon) (Sqd5),21,Infantry,1.5,587,3092
9412,Stormbird Battle Armor (Sqd4),Stormbird Battle Armor,(Sqd4),21,Infantry,1.5,470,3092
9411,Stormbird Battle Armor (Sqd5),Stormbird Battle Armor,(Sqd5),21,Infantry,1.5,633,3092
8205,Stormwolf A,Stormwolf,A,18,BattleMech,50,2655,3149
8206,Stormwolf B,Stormwolf,B,18,BattleMech,50,3286,3149
8207,Stormwolf C,Stormwolf,C,18,BattleMech,50,3261,3149
8208,Stormwolf D,Stormwolf,D,18,BattleMech,50,3122,3149
8204,Stormwolf Prime,Stormwolf,Prime,18,BattleMech,50,2788,3149
5374,Stratos Airliner WK-1000,Stratos Airliner,WK-1000,24,Support Vehicle,0,0,2994
4334,Streak Racer  ,Streak Racer, ,24,Support Vehicle,0,0,3053
3084,Strider SR1-O,Strider,SR1-O,18,BattleMech,40,867,3057
3085,Strider SR1-OA,Strider,SR1-OA,18,BattleMech,40,723,3057
3086,Strider SR1-OB,Strider,SR1-OB,18,BattleMech,40,910,3057
3087,Strider SR1-OC,Strider,SR1-OC,18,BattleMech,40,944,3057
3088,Strider SR1-OD,Strider,SR1-OD,18,BattleMech,40,873,3057
3089,Strider SR1-OE,Strider,SR1-OE,18,BattleMech,40,976,3058
3090,Strider SR1-OF,Strider,SR1-OF,18,BattleMech,40,1032,3060
3091,Strider SR1-OG,Strider,SR1-OG,18,BattleMech,40,883,3070
6917,Strider SR1-OH,Strider,SR1-OH,18,BattleMech,40,1192,3099
6916,Strider SR1-OM,Strider,SR1-OM,18,BattleMech,40,607,3135
3092,Strider SR1-OR,Strider,SR1-OR,18,BattleMech,40,1339,3059
3093,Strider SR1-OX,Strider,SR1-OX,18,BattleMech,40,889,3071
5148,Striga S-STR-O Invictus,Striga,S-STR-O Invictus,17,Aerospace,85,2586,3072
5149,Striga S-STR-OA Dominus,Striga,S-STR-OA Dominus,17,Aerospace,85,2535,3072
5150,Striga S-STR-OB Infernus,Striga,S-STR-OB Infernus,17,Aerospace,85,1871,3072
5151,Striga S-STR-OC Comminus,Striga,S-STR-OC Comminus,17,Aerospace,85,2201,3072
5152,Striga S-STR-OD Luminos,Striga,S-STR-OD Luminos,17,Aerospace,85,2443,3072
5153,Striga S-STR-OE Eminus,Striga,S-STR-OE Eminus,17,Aerospace,85,2055,3072
5585,Strike Falcon Attack VTOL  ,Strike Falcon Attack VTOL, ,24,Support Vehicle,30,284,2371
3105,Striker Light Tank  ,Striker Light Tank, ,19,Combat Vehicle,35,564,3006
3097,"Striker Light Tank ""Wet Striker""",Striker Light Tank,"""Wet Striker""",19,Combat Vehicle,35,573,3070
3098,Striker Light Tank (3053 Upgrade),Striker Light Tank,(3053 Upgrade),19,Combat Vehicle,35,691,3053
3099,Striker Light Tank (3061 Upgrade),Striker Light Tank,(3061 Upgrade),19,Combat Vehicle,35,775,3061
5154,Striker Light Tank (Ammo),Striker Light Tank,(Ammo),19,Combat Vehicle,35,701,3054
3101,Striker Light Tank (LRM),Striker Light Tank,(LRM),19,Combat Vehicle,35,605,3022
3100,Striker Light Tank (Laser),Striker Light Tank,(Laser),19,Combat Vehicle,35,860,3062
3102,Striker Light Tank (Narc),Striker Light Tank,(Narc),19,Combat Vehicle,35,621,3053
3104,Striker Light Tank (SRM),Striker Light Tank,(SRM),19,Combat Vehicle,35,583,3011
3103,Striker Light Tank (Sealed),Striker Light Tank,(Sealed),19,Combat Vehicle,35,590,3077
9563,Striker Light Tank (Stealth),Striker Light Tank,(Stealth),19,Combat Vehicle,35,684,3133
3094,Striker STC-2C,Striker,STC-2C,18,BattleMech,80,1488,2571
3095,Striker STC-2D,Striker,STC-2D,18,BattleMech,80,1644,3056
8004,Striker STC-2L,Striker,STC-2L,18,BattleMech,80,1779,3123
3096,Striker STC-2S,Striker,STC-2S,18,BattleMech,80,1466,2845
7298,Strix Stealth VTOL  ,Strix Stealth VTOL, ,19,Combat Vehicle,30,688,3117
7857,StrongArm SC CV ConstructionMech,StrongArm,SC CV ConstructionMech,20,IndustrialMech,35,315,3094
7858,StrongArm SC CV-M ConstructionMech  MOD,StrongArm,SC CV-M ConstructionMech  MOD,20,IndustrialMech,35,315,3126
7859,StrongArm SC CVI ConstructionMech,StrongArm,SC CVI ConstructionMech,20,IndustrialMech,35,315,3094
3106,Stuka STU-D6,Stuka,STU-D6,17,Aerospace,100,2251,3051
3107,Stuka STU-D7,Stuka,STU-D7,17,Aerospace,100,2596,3070
5155,Stuka STU-K1,Stuka,STU-K1,17,Aerospace,100,0,2530
3108,Stuka STU-K10,Stuka,STU-K10,17,Aerospace,100,1767,2711
3109,Stuka STU-K15,Stuka,STU-K15,17,Aerospace,100,1683,2965
5156,Stuka STU-K2,Stuka,STU-K2,17,Aerospace,100,0,Unknown
3110,Stuka STU-K5,Stuka,STU-K5,17,Aerospace,100,1790,2571
3111,Stuka STU-K5b,Stuka,STU-K5b,17,Aerospace,100,2208,2751
6764,Stuka STU-K5b2,Stuka,STU-K5b2,17,Aerospace,100,0,2709
3112,"SturmFeur ""Kalki"" Cruise Missile Launcher  ","SturmFeur ""Kalki"" Cruise Missile Launcher", ,19,Combat Vehicle,125,803,3068
3115,SturmFeur Heavy Tank  ,SturmFeur Heavy Tank, ,19,Combat Vehicle,85,1400,3018
9372,SturmFeur Heavy Tank (Assault),SturmFeur Heavy Tank,(Assault),19,Combat Vehicle,85,2199,3150
9370,SturmFeur Heavy Tank (Cell),SturmFeur Heavy Tank,(Cell),19,Combat Vehicle,85,1822,3149
3113,SturmFeur Heavy Tank (Heavy Gauss),SturmFeur Heavy Tank,(Heavy Gauss),19,Combat Vehicle,85,1711,3066
5860,SturmFeur Heavy Tank (Moore),SturmFeur Heavy Tank,(Moore),19,Combat Vehicle,85,0,3019
3114,SturmFeur Heavy Tank (SRM),SturmFeur Heavy Tank,(SRM),19,Combat Vehicle,85,1390,3023
9371,SturmFeur Heavy Tank (Steiner),SturmFeur Heavy Tank,(Steiner),19,Combat Vehicle,85,1685,3079
9373,"SturmFeur Heavy Tank (Support) ""Gilmore""",SturmFeur Heavy Tank,"(Support) ""Gilmore""",19,Combat Vehicle,85,1670,3094
6967,SturmFeur Heavy Tank (WoB),SturmFeur Heavy Tank,(WoB),19,Combat Vehicle,85,1578,3075
7191,Sturmblitz Assault Gun  ,Sturmblitz Assault Gun, ,24,Support Vehicle,75,732,2488
8152,Sturmblitz Assault Gun (2500 Upgrade),Sturmblitz Assault Gun,(2500 Upgrade),24,Support Vehicle,75,0,2500
7816,Sturmvogel Gunship WiGE  ,Sturmvogel Gunship WiGE, ,24,Support Vehicle,50,614,3059
7813,Sturmvogel Maritime Patrol WiGE  ,Sturmvogel Maritime Patrol WiGE, ,24,Support Vehicle,50,523,3063
7815,Sturmvogel Maritime Patrol WiGE (LB-10X),Sturmvogel Maritime Patrol WiGE,(LB-10X),24,Support Vehicle,50,624,3059
7814,Sturmvogel Maritime Patrol WiGE (LB-2X),Sturmvogel Maritime Patrol WiGE,(LB-2X),24,Support Vehicle,50,323,3065
5158,Stygian Strike Tank  ,Stygian Strike Tank, ,19,Combat Vehicle,40,960,3062
5157,Stygian Strike Tank (Armor),Stygian Strike Tank,(Armor),19,Combat Vehicle,40,1001,3065
5728,Stygian Strike Tank (WoB),Stygian Strike Tank,(WoB),19,Combat Vehicle,40,714,3068
3116,Submersible Mechanized Infantry  ,Submersible Mechanized Infantry, ,21,Infantry,20,78,2600
7929,SuburbanMech UM-R100,SuburbanMech,UM-R100,18,BattleMech,30,915,3045
7928,SuburbanMech UM-R90,SuburbanMech,UM-R90,18,BattleMech,30,773,3018
5159,Suffren Destroyer  ,Suffren Destroyer, ,81,Advanced Aerospace,540000,0,3062
5160,Sulla (MG),Sulla,(MG),17,Aerospace,45,0,2998
3117,Sulla A,Sulla,A,17,Aerospace,45,1939,2998
3118,Sulla B,Sulla,B,17,Aerospace,45,1801,2998
3119,Sulla C,Sulla,C,17,Aerospace,45,2547,2998
3120,Sulla D,Sulla,D,17,Aerospace,45,1821,3064
5162,Sulla E,Sulla,E,17,Aerospace,45,2066,3069
6816,Sulla F,Sulla,F,17,Aerospace,45,1871,3108
3121,Sulla Prime,Sulla,Prime,17,Aerospace,45,2489,2998
7624,Sun Bear A,Sun Bear,A,18,BattleMech,55,2418,2966
7625,Sun Bear B,Sun Bear,B,18,BattleMech,55,2144,2966
7623,Sun Bear Prime,Sun Bear,Prime,18,BattleMech,55,2022,2966
3122,Sun Cobra  ,Sun Cobra, ,18,BattleMech,55,1677,3074
6893,Sun Cobra 2,Sun Cobra,2,18,BattleMech,55,2394,3093
3123,Sunder SD1-O,Sunder,SD1-O,18,BattleMech,90,1747,3056
3124,Sunder SD1-O (Samual),Sunder,SD1-O (Samual),18,BattleMech,90,1593,3066
3125,Sunder SD1-OA,Sunder,SD1-OA,18,BattleMech,90,2003,3056
3126,Sunder SD1-OB,Sunder,SD1-OB,18,BattleMech,90,1597,3056
3127,Sunder SD1-OC,Sunder,SD1-OC,18,BattleMech,90,1735,3058
3128,Sunder SD1-OD,Sunder,SD1-OD,18,BattleMech,90,1947,3063
3129,Sunder SD1-OE,Sunder,SD1-OE,18,BattleMech,90,1876,3069
6846,Sunder SD1-OF,Sunder,SD1-OF,18,BattleMech,90,1854,3134
6845,Sunder SD1-OG,Sunder,SD1-OG,18,BattleMech,90,2594,3134
3130,Sunder SD1-OR,Sunder,SD1-OR,18,BattleMech,90,2462,3059
3131,Sunder SD1-OX,Sunder,SD1-OX,18,BattleMech,90,1761,3073
5128,Sundiver Speedboat  ,Sundiver Speedboat, ,24,Support Vehicle,0,0,2915
5771,Super-Griffin GRF-2N-X,Super-Griffin,GRF-2N-X,18,BattleMech,60,1310,3020
5770,Super-Wasp WSP-2A-X,Super-Wasp,WSP-2A-X,18,BattleMech,25,635,3020
3132,Supernova  ,Supernova, ,18,BattleMech,90,2801,2846
3133,Supernova 2,Supernova,2,18,BattleMech,90,2741,3062
3134,Supernova 3,Supernova,3,18,BattleMech,90,3448,3064
3135,Supernova 4,Supernova,4,18,BattleMech,90,3158,3067
8132,Supernova 5,Supernova,5,18,BattleMech,90,3075,3144
7307,Surat (Gray Death) Solahma Suit (Sqd4),Surat (Gray Death) Solahma Suit,(Sqd4),21,Infantry,1,265,3090
8822,Surat (Gray Death) Solahma Suit (Sqd5),Surat (Gray Death) Solahma Suit,(Sqd5),21,Infantry,1,357,3090
9185,Surat (Gray Death) Solahma Suit (Sqd6),Surat (Gray Death) Solahma Suit,(Sqd6),21,Infantry,1,459,3090
7884,Surtur SUR-T1,Surtur,SUR-T1,18,BattleMech,55,1203,3139
3136,Surveillance Specialist  ,Surveillance Specialist, ,21,Infantry,14,54,3064
5166,Suvorov Tank,Suvorov Tank,,24,Support Vehicle,0,0,Unknown
5167,Suzaku SU-14,Suzaku,SU-14,17,Aerospace,75,1940,3082
3139,Svantovit Infantry Fighting Vehicle  ,Svantovit Infantry Fighting Vehicle, ,19,Combat Vehicle,35,698,2870
3137,"Svantovit Infantry Fighting Vehicle (ATM) ""Masada""",Svantovit Infantry Fighting Vehicle,"(ATM) ""Masada""",19,Combat Vehicle,35,988,3069
3138,Svantovit Infantry Fighting Vehicle (Original),Svantovit Infantry Fighting Vehicle,(Original),19,Combat Vehicle,35,889,2843
5168,Svartalfa,Svartalfa,,23,Protomech,14,540,3083
8092,Svartalfa 2,Svartalfa,2,23,Protomech,14,631,3086
8035,Svartalfa 3,Svartalfa,3,23,Protomech,14,493,3118
6597,Swallow Attack WiGE  ,Swallow Attack WiGE, ,19,Combat Vehicle,45,1313,3095
6598,Swallow Attack WiGE (Original),Swallow Attack WiGE,(Original),19,Combat Vehicle,45,1408,3092
8059,Swallow Attack WiGE (Spotter),Swallow Attack WiGE,(Spotter),19,Combat Vehicle,45,1153,3135
3885,Swallow SA-10,Swallow,SA-10,24,Support Vehicle,200,0,3035
3140,Swift C,Swift,C,17,Aerospace,25,562,2834
3141,Swift SWF-606,Swift,SWF-606,17,Aerospace,25,298,2682
7326,Swift SWF-606CA (Aaron),Swift,SWF-606CA (Aaron),17,Aerospace,25,633,2756
5169,Swift SWF-606R,Swift,SWF-606R,17,Aerospace,25,166,2850
3145,Swift Wind Scout Car  ,Swift Wind Scout Car, ,19,Combat Vehicle,8,83,2817
3142,Swift Wind Scout Car (ICE - Cargo),Swift Wind Scout Car,(ICE - Cargo),19,Combat Vehicle,8,81,2845
3143,Swift Wind Scout Car (ICE - Speed),Swift Wind Scout Car,(ICE - Speed),19,Combat Vehicle,8,39,2891
3144,Swift Wind Scout Car (ICE),Swift Wind Scout Car,(ICE),19,Combat Vehicle,8,83,2841
3886,Swiftran (Cargo),Swiftran,(Cargo),24,Support Vehicle,25,0,3053
3887,Swiftran (Luxury),Swiftran,(Luxury),24,Support Vehicle,25,0,3053
3888,Swiftran (Passenger),Swiftran,(Passenger),24,Support Vehicle,25,0,3053
3889,Swiftran RTC-215M,Swiftran,RTC-215M,24,Support Vehicle,25,0,3053
8118,Swiftstar Mk. 20,Swiftstar,Mk. 20,17,Aerospace,0,0,Unknown
7181,Swordsman SWD-1,Swordsman,SWD-1,18,BattleMech,40,692,2463
7182,Swordsman SWD-2,Swordsman,SWD-2,18,BattleMech,40,803,2482
8384,"Sylph Battle Armor ""Tinkerbelle"" (Sqd4)",Sylph Battle Armor,"""Tinkerbelle"" (Sqd4)",21,Infantry,0.8,271,3144
5171,Sylph Battle Armor (Enhanced) (Sqd4),Sylph Battle Armor,(Enhanced) (Sqd4),21,Infantry,0.8,164,3085
8678,Sylph Battle Armor (Enhanced) (Sqd5),Sylph Battle Armor,(Enhanced) (Sqd5),21,Infantry,0.8,221,3085
9042,Sylph Battle Armor (Enhanced) (Sqd6),Sylph Battle Armor,(Enhanced) (Sqd6),21,Infantry,0.8,284,3085
3146,Sylph Battle Armor (Sqd4),Sylph Battle Armor,(Sqd4),21,Infantry,0.75,280,3060
8587,Sylph Battle Armor (Sqd5),Sylph Battle Armor,(Sqd5),21,Infantry,0.75,377,3060
8951,Sylph Battle Armor (Sqd6),Sylph Battle Armor,(Sqd6),21,Infantry,0.75,485,3060
3147,Sylph Battle Armor (Upgrade) (Sqd4),Sylph Battle Armor,(Upgrade) (Sqd4),21,Infantry,0.75,213,3065
8588,Sylph Battle Armor (Upgrade) (Sqd5),Sylph Battle Armor,(Upgrade) (Sqd5),21,Infantry,0.75,286,3065
8952,Sylph Battle Armor (Upgrade) (Sqd6),Sylph Battle Armor,(Upgrade) (Sqd6),21,Infantry,0.75,368,3065
5170,Sylph Battle Armor XR (Sqd4),Sylph Battle Armor,XR (Sqd4),21,Infantry,0.75,195,3077
8677,Sylph Battle Armor XR (Sqd5),Sylph Battle Armor,XR (Sqd5),21,Infantry,0.75,263,3077
9041,Sylph Battle Armor XR (Sqd6),Sylph Battle Armor,XR (Sqd6),21,Infantry,0.75,338,3077
5172,Sylvester Transport  ,Sylvester Transport, ,81,Advanced Aerospace,280000,0,2499
3149,TAG Spotter Infantry  ,TAG Spotter Infantry, ,21,Infantry,3,75,3055
5213,TGV Omni Railcar A,TGV Omni Railcar,A,79,Advanced Support,120,0,3062
5214,TGV Omni Railcar B,TGV Omni Railcar,B,79,Advanced Support,120,0,3062
5215,TGV Omni Railcar C,TGV Omni Railcar,C,79,Advanced Support,120,0,3062
5216,TGV Omni Railcar D,TGV Omni Railcar,D,79,Advanced Support,120,0,3062
5217,TGV Omni Railcar Primary,TGV Omni Railcar,Primary,79,Advanced Support,120,0,3062
3148,Tabanid Light Drone Fighter  ,Tabanid Light Drone Fighter, ,17,Aerospace,35,956,3072
5173,Tabanid Light Drone Fighter (Original),Tabanid Light Drone Fighter,(Original),17,Aerospace,0,0,3058
3150,Tai-sho TSH-7S,Tai-sho,TSH-7S,18,BattleMech,85,1774,3061
3151,Tai-sho TSH-8S,Tai-sho,TSH-8S,18,BattleMech,85,2001,3073
3152,Talon TLN-5V,Talon,TLN-5V,18,BattleMech,35,1075,2670
3153,Talon TLN-5W,Talon,TLN-5W,18,BattleMech,35,1175,2760
7677,Talon TLN-5W-EC,Talon,TLN-5W-EC,18,BattleMech,35,1364,2823
3154,Talon TLN-5Z,Talon,TLN-5Z,18,BattleMech,35,1168,3062
3155,Talon TLN-6W,Talon,TLN-6W,18,BattleMech,35,1341,3076
5175,Talos TLS-1B,Talos,TLS-1B,18,BattleMech,50,924,2532
3158,Tamerlane Strike Sled  ,Tamerlane Strike Sled, ,19,Combat Vehicle,20,403,3071
3156,Tamerlane Strike Sled (Flamer),Tamerlane Strike Sled,(Flamer),19,Combat Vehicle,20,436,3074
3157,Tamerlane Strike Sled (RL),Tamerlane Strike Sled,(RL),19,Combat Vehicle,20,484,3073
3159,Tamerlane Strike Sled 2,Tamerlane Strike Sled,2,19,Combat Vehicle,20,359,3073
6652,Taranis Battle Armor (Sqd4),Taranis Battle Armor,(Sqd4),21,Infantry,1.5,419,3123
8782,Taranis Battle Armor (Sqd5),Taranis Battle Armor,(Sqd5),21,Infantry,1.5,564,3123
3160,Tarantula ZPH-1,Tarantula,ZPH-1,18,BattleMech,25,666,3054
3161,Tarantula ZPH-2A,Tarantula,ZPH-2A,18,BattleMech,25,744,3060
3162,Tarantula ZPH-3A,Tarantula,ZPH-3A,18,BattleMech,25,702,3063
3163,Tarantula ZPH-4A,Tarantula,ZPH-4A,18,BattleMech,25,967,3066
6941,Tarantula ZPH-5A,Tarantula,ZPH-5A,18,BattleMech,25,806,3111
3164,Targe TRG-1N,Targe,TRG-1N,18,BattleMech,40,813,3081
3165,Targe TRG-2N,Targe,TRG-2N,18,BattleMech,40,1078,3084
6915,Targe TRG-3M,Targe,TRG-3M,18,BattleMech,40,1233,3109
5524,Target Artillery Spotter Bunker  ,Target Artillery Spotter Bunker, ,97,Building,150,0,Unknown
5176,Tariq-Mounted Platoon (Fed. Rifle),Tariq-Mounted Platoon,(Fed. Rifle),21,Infantry,0,0,2820
5177,Tariq-Mounted Platoon (LRR),Tariq-Mounted Platoon,(LRR),21,Infantry,0,0,2475
5178,"Tariq-Mounted Platoon (Rifle, Ballistic)",Tariq-Mounted Platoon,"(Rifle, Ballistic)",21,Infantry,0,0,2475
5179,Tatsu MIK-O,Tatsu,MIK-O,17,Aerospace,70,1541,3063
5181,Tatsu MIK-OA,Tatsu,MIK-OA,17,Aerospace,70,1864,3063
5182,Tatsu MIK-OB,Tatsu,MIK-OB,17,Aerospace,70,1954,3063
5183,Tatsu MIK-OC,Tatsu,MIK-OC,17,Aerospace,70,1830,3063
5755,Tatsu MIK-OD,Tatsu,MIK-OD,17,Aerospace,70,1666,3072
5756,Tatsu MIK-OE,Tatsu,MIK-OE,17,Aerospace,70,2241,3075
6811,Tatsu MIK-OF,Tatsu,MIK-OF,17,Aerospace,70,1662,3130
5184,Tatsumaki Destroyer  ,Tatsumaki Destroyer, ,81,Advanced Aerospace,0,0,3058
3166,Tau Wraith,Tau Wraith,,21,Infantry,1,48,3065
3167,Tau Zombie  ,Tau Zombie, ,21,Infantry,1,113,3065
3168,Temax Cat Ninjabolt TMC-NB,Temax Cat Ninjabolt,TMC-NB,18,BattleMech,65,1475,3075
8005,Tempest C,Tempest,C,18,BattleMech,65,2179,3140
5190,Tempest Hovercar,Tempest Hovercar,,24,Support Vehicle,0,0,Unknown
5187,Tempest TMP-2M,Tempest,TMP-2M,18,BattleMech,65,0,3046
5188,Tempest TMP-3G,Tempest,TMP-3G,18,BattleMech,65,1810,3056
3169,Tempest TMP-3M,Tempest,TMP-3M,18,BattleMech,65,1786,3055
3170,"Tempest TMP-3M2 ""Storm Tempest""",Tempest,"TMP-3M2 ""Storm Tempest""",18,BattleMech,65,1642,3067
5189,Tempest TMP-3MA,Tempest,TMP-3MA,18,BattleMech,65,1425,3056
8006,Tempest TMP-4M,Tempest,TMP-4M,18,BattleMech,65,1937,3134
7955,"Templar III TLR-2J ""Arthur""",Templar III,"TLR-2J ""Arthur""",18,BattleMech,85,2722,3146
6353,Templar III TLR2-O,Templar III,TLR2-O,18,BattleMech,85,2028,3100
6354,Templar III TLR2-OA,Templar III,TLR2-OA,18,BattleMech,85,1677,3100
6355,Templar III TLR2-OB,Templar III,TLR2-OB,18,BattleMech,85,1918,3100
6356,Templar III TLR2-OC,Templar III,TLR2-OC,18,BattleMech,85,1993,3120
6357,Templar III TLR2-OD,Templar III,TLR2-OD,18,BattleMech,85,2108,3120
5191,Templar TLR1-O,Templar,TLR1-O,18,BattleMech,85,2045,3062
5192,Templar TLR1-O (Grayson),Templar,TLR1-O (Grayson),18,BattleMech,85,1868,3065
5193,Templar TLR1-O (Tancred),Templar,TLR1-O (Tancred),18,BattleMech,85,2273,3067
5195,Templar TLR1-OA,Templar,TLR1-OA,18,BattleMech,85,2070,3062
5196,Templar TLR1-OB,Templar,TLR1-OB,18,BattleMech,85,1806,3062
5197,Templar TLR1-OC,Templar,TLR1-OC,18,BattleMech,85,2063,3062
5707,Templar TLR1-OD,Templar,TLR1-OD,18,BattleMech,85,1840,3063
5708,Templar TLR1-OE,Templar,TLR1-OE,18,BattleMech,85,1865,3064
5709,Templar TLR1-OF,Templar,TLR1-OF,18,BattleMech,85,2029,3068
5710,Templar TLR1-OG,Templar,TLR1-OG,18,BattleMech,85,1632,3069
5711,Templar TLR1-OH,Templar,TLR1-OH,18,BattleMech,85,1958,3080
5712,Templar TLR1-OI,Templar,TLR1-OI,18,BattleMech,85,2202,3080
6852,Templar TLR1-OR,Templar,TLR1-OR,18,BattleMech,85,2423,3134
3171,Templar TLR1-OU,Templar,TLR1-OU,18,BattleMech,85,1747,3078
7637,Templar TRL1-OBLO,Templar,TRL1-OBLO,18,BattleMech,85,2062,3135
5203,Tengu Heavy Battle Armor (SVSP) (Sqd4),Tengu Heavy Battle Armor,(SVSP) (Sqd4),21,Infantry,1.5,268,3074
8683,Tengu Heavy Battle Armor (SVSP) (Sqd5),Tengu Heavy Battle Armor,(SVSP) (Sqd5),21,Infantry,1.5,361,3074
9047,Tengu Heavy Battle Armor (SVSP) (Sqd6),Tengu Heavy Battle Armor,(SVSP) (Sqd6),21,Infantry,1.5,464,3074
5201,Tengu Heavy Battle Armor (Support) [LRR] (Sqd4),Tengu Heavy Battle Armor,(Support) [LRR] (Sqd4),21,Infantry,1.5,270,3070
8682,Tengu Heavy Battle Armor (Support) [LRR] (Sqd5),Tengu Heavy Battle Armor,(Support) [LRR] (Sqd5),21,Infantry,1.5,363,3070
9046,Tengu Heavy Battle Armor (Support) [LRR] (Sqd6),Tengu Heavy Battle Armor,(Support) [LRR] (Sqd6),21,Infantry,1.5,467,3070
5198,Tengu Heavy Battle Armor [C3i] (Sqd4),Tengu Heavy Battle Armor,[C3i] (Sqd4),21,Infantry,1.5,193,3075
8679,Tengu Heavy Battle Armor [C3i] (Sqd5),Tengu Heavy Battle Armor,[C3i] (Sqd5),21,Infantry,1.5,260,3075
9043,Tengu Heavy Battle Armor [C3i] (Sqd6),Tengu Heavy Battle Armor,[C3i] (Sqd6),21,Infantry,1.5,335,3075
5199,Tengu Heavy Battle Armor [ML] (Sqd4),Tengu Heavy Battle Armor,[ML] (Sqd4),21,Infantry,1.5,349,3074
8680,Tengu Heavy Battle Armor [ML] (Sqd5),Tengu Heavy Battle Armor,[ML] (Sqd5),21,Infantry,1.5,470,3074
9044,Tengu Heavy Battle Armor [ML] (Sqd6),Tengu Heavy Battle Armor,[ML] (Sqd6),21,Infantry,1.5,604,3074
5204,Tengu Heavy Battle Armor [Plasma] (Sqd4),Tengu Heavy Battle Armor,[Plasma] (Sqd4),21,Infantry,1.5,250,3070
8684,Tengu Heavy Battle Armor [Plasma] (Sqd5),Tengu Heavy Battle Armor,[Plasma] (Sqd5),21,Infantry,1.5,336,3070
9048,Tengu Heavy Battle Armor [Plasma] (Sqd6),Tengu Heavy Battle Armor,[Plasma] (Sqd6),21,Infantry,1.5,432,3070
5200,Tengu Heavy Battle Armor [RL] (Sqd4),Tengu Heavy Battle Armor,[RL] (Sqd4),21,Infantry,1.5,260,3075
8681,Tengu Heavy Battle Armor [RL] (Sqd5),Tengu Heavy Battle Armor,[RL] (Sqd5),21,Infantry,1.5,350,3075
9045,Tengu Heavy Battle Armor [RL] (Sqd6),Tengu Heavy Battle Armor,[RL] (Sqd6),21,Infantry,1.5,450,3075
5206,Tenmaku Command Trailer,Tenmaku Command Trailer,,19,Combat Vehicle,75,0,3086
6421,Tenshi TN-10-O,Tenshi,TN-10-O,18,BattleMech,95,2542,3101
6422,Tenshi TN-10-OA,Tenshi,TN-10-OA,18,BattleMech,95,1829,3101
6423,Tenshi TN-10-OB,Tenshi,TN-10-OB,18,BattleMech,95,3002,3101
6424,Tenshi TN-10-OR,Tenshi,TN-10-OR,18,BattleMech,95,2237,3101
5207,Teppō Artillery Vehicle  ,Teppō Artillery Vehicle, ,19,Combat Vehicle,150,1874,3086
8377,"Tessen 'TSN-X-4R ""Rapunzel""",Tessen,"'TSN-X-4R ""Rapunzel""",18,BattleMech,50,1474,3137
5208,Tessen TSN-1C,Tessen,TSN-1C,18,BattleMech,50,1162,3061
3172,Tessen TSN-1Cr,Tessen,TSN-1Cr,18,BattleMech,50,1241,3069
5209,Tessen TSN-C3,Tessen,TSN-C3,18,BattleMech,50,1234,3062
5678,Tessen TSN-C3M,Tessen,TSN-C3M,18,BattleMech,50,1547,3077
5549,Tessen TSN-X-4,Tessen,TSN-X-4,18,BattleMech,50,1263,3074
6544,Testudo Siege Tank  ,Testudo Siege Tank, ,19,Combat Vehicle,75,1336,3131
5210,Texas Battleship (2618),Texas Battleship,(2618),81,Advanced Aerospace,1560000,0,2618
5211,Texas Battleship (Clan),Texas Battleship,(Clan),81,Advanced Aerospace,1560000,0,2835
5218,Thanatos TNS-4S,Thanatos,TNS-4S,18,BattleMech,75,1844,3061
3173,Thanatos TNS-4S (Felix),Thanatos,TNS-4S (Felix),18,BattleMech,75,2122,3063
5700,Thanatos TNS-4T,Thanatos,TNS-4T,18,BattleMech,75,1760,3062
5701,Thanatos TNS-6S,Thanatos,TNS-6S,18,BattleMech,75,1936,3081
6487,Thang-Ta APC  ,Thang-Ta APC, ,19,Combat Vehicle,10,241,3079
5219,Tharkad Battlecruiser (2690),Tharkad Battlecruiser,(2690),81,Advanced Aerospace,900000,0,2690
5220,Tharkad Battlecruiser (WoB),Tharkad Battlecruiser,(WoB),81,Advanced Aerospace,900000,0,Unknown
5221,Thera Carrier  ,Thera Carrier, ,81,Advanced Aerospace,960000,200539,3060
5222,Thor (Summoner) (Aidan),Thor (Summoner),(Aidan),18,BattleMech,70,0,Unknown
5223,Thor (Summoner) (Marthe),Thor (Summoner),(Marthe),18,BattleMech,70,0,Unknown
3174,Thor (Summoner) A,Thor (Summoner),A,18,BattleMech,70,2145,2872
6876,Thor (Summoner) AA,Thor (Summoner),AA,18,BattleMech,70,2216,3086
3175,Thor (Summoner) B,Thor (Summoner),B,18,BattleMech,70,2159,2872
3176,Thor (Summoner) C,Thor (Summoner),C,18,BattleMech,70,2379,2872
3177,Thor (Summoner) D,Thor (Summoner),D,18,BattleMech,70,2643,2872
3178,Thor (Summoner) E,Thor (Summoner),E,18,BattleMech,70,2612,3059
5490,Thor (Summoner) F,Thor (Summoner),F,18,BattleMech,70,2186,3054
3179,Thor (Summoner) G,Thor (Summoner),G,18,BattleMech,70,2452,3068
3180,Thor (Summoner) H,Thor (Summoner),H,18,BattleMech,70,2536,3059
3181,Thor (Summoner) HH,Thor (Summoner),HH,18,BattleMech,70,2490,3070
7489,Thor (Summoner) J,Thor (Summoner),J,18,BattleMech,70,2666,3148
3182,Thor (Summoner) M,Thor (Summoner),M,18,BattleMech,70,2251,3051
3183,Thor (Summoner) Prime,Thor (Summoner),Prime,18,BattleMech,70,2298,2872
3184,Thor (Summoner) Q,Thor (Summoner),Q,18,BattleMech,70,2479,3069
7490,Thor (Summoner) T,Thor (Summoner),T,18,BattleMech,70,2355,3142
3185,Thor (Summoner) U,Thor (Summoner),U,18,BattleMech,70,3092,3078
5821,Thor (Summoner) Z,Thor (Summoner),Z,18,BattleMech,70,2783,3072
3189,Thor Artillery Vehicle  ,Thor Artillery Vehicle, ,19,Combat Vehicle,55,608,2680
3186,Thor Artillery Vehicle (AC),Thor Artillery Vehicle,(AC),19,Combat Vehicle,55,664,2801
3187,Thor Artillery Vehicle (C3i),Thor Artillery Vehicle,(C3i),19,Combat Vehicle,55,482,3066
3188,Thor Artillery Vehicle (Clan),Thor Artillery Vehicle,(Clan),19,Combat Vehicle,55,830,2870
6282,Thor II (Grand Summoner) A,Thor II (Grand Summoner),A,18,BattleMech,70,2473,3093
6283,Thor II (Grand Summoner) B,Thor II (Grand Summoner),B,18,BattleMech,70,2354,3093
6284,Thor II (Grand Summoner) C,Thor II (Grand Summoner),C,18,BattleMech,70,2351,3093
6285,Thor II (Grand Summoner) D,Thor II (Grand Summoner),D,18,BattleMech,70,2878,3093
7426,Thor II (Grand Summoner) E,Thor II (Grand Summoner),E,18,BattleMech,70,2638,3093
6281,Thor II (Grand Summoner) Prime,Thor II (Grand Summoner),Prime,18,BattleMech,70,2554,3093
5849,Thorizer  ,Thorizer, ,24,Support Vehicle,35,0,2390
3190,Thorn THE-F,Thorn,THE-F,18,BattleMech,20,510,2490
3191,Thorn THE-N,Thorn,THE-N,18,BattleMech,20,546,2549
3192,Thorn THE-N1,Thorn,THE-N1,18,BattleMech,20,656,3051
3193,Thorn THE-N2,Thorn,THE-N2,18,BattleMech,20,410,3071
3194,Thorn THE-Nb,Thorn,THE-Nb,18,BattleMech,20,740,2743
3195,Thorn THE-S,Thorn,THE-S,18,BattleMech,20,510,3035
3196,Thorn THE-T,Thorn,THE-T,18,BattleMech,20,500,3038
5226,"Three-Man Digging Machine ""Hedgehog"" MiningMech","Three-Man Digging Machine ""Hedgehog""",MiningMech,20,IndustrialMech,100,0,2940
3198,Thresher  ,Thresher, ,18,BattleMech,60,2314,2849
3197,Thresher (Edward),Thresher,(Edward),18,BattleMech,60,2104,3058
3199,Thresher 2,Thresher,2,18,BattleMech,60,2337,2858
7502,Thresher Mk II  ,Thresher Mk II, ,18,BattleMech,60,3364,3149
3200,"Thrush (Maximilian) ""C-1247""",Thrush,"(Maximilian) ""C-1247""",17,Aerospace,25,345,3067
5227,Thrush TR-5,Thrush,TR-5,17,Aerospace,25,0,2510
3201,Thrush TR-7,Thrush,TR-7,17,Aerospace,25,476,2798
3202,Thrush TR-7p,Thrush,TR-7p,17,Aerospace,25,362,3059
3203,Thrush TR-8,Thrush,TR-8,17,Aerospace,25,607,3065
8015,Thrush TR-9,Thrush,TR-9,17,Aerospace,25,1140,3143
3204,Thug THG-10E,Thug,THG-10E,18,BattleMech,80,1501,2835
3205,Thug THG-11E,Thug,THG-11E,18,BattleMech,80,1640,2572
5228,Thug THG-11E (Reich),Thug,THG-11E (Reich),18,BattleMech,80,2612,Unknown
7322,Thug THG-11ECX (Jose),Thug,THG-11ECX (Jose),18,BattleMech,80,1668,2772
3206,Thug THG-11Eb,Thug,THG-11Eb,18,BattleMech,80,1759,2760
3207,Thug THG-12E,Thug,THG-12E,18,BattleMech,80,1751,3067
3208,Thug THG-12K,Thug,THG-12K,18,BattleMech,80,1824,3067
3209,Thug THG-13K,Thug,THG-13K,18,BattleMech,80,2086,3068
8171,Thug THG-13U,Thug,THG-13U,18,BattleMech,80,2545,3137
3210,Thumper Artillery Vehicle  ,Thumper Artillery Vehicle, ,19,Combat Vehicle,60,568,2734
5229,Thumper Artillery Vehicle (Angel),Thumper Artillery Vehicle,(Angel),19,Combat Vehicle,60,758,3089
3211,Thumper Artillery Vehicle Maxwell,Thumper Artillery Vehicle,Maxwell,19,Combat Vehicle,60,758,3079
3212,Thumper Artillery Vehicle TAV-1,Thumper Artillery Vehicle,TAV-1,19,Combat Vehicle,60,731,3072
3213,Thumper Artillery Vehicle TAV-2,Thumper Artillery Vehicle,TAV-2,19,Combat Vehicle,60,682,Unknown
3217,Thunder Fox TFT-A9,Thunder Fox,TFT-A9,18,BattleMech,55,1325,3077
3218,Thunder Fox TFT-C3,Thunder Fox,TFT-C3,18,BattleMech,55,1104,3085
6892,Thunder Fox TFT-F11,Thunder Fox,TFT-F11,18,BattleMech,55,2426,3119
3219,Thunder Fox TFT-L8,Thunder Fox,TFT-L8,18,BattleMech,55,1513,3082
3220,Thunder Hawk TDK-7KMA,Thunder Hawk,TDK-7KMA,18,BattleMech,100,2449,3059
3221,Thunder Hawk TDK-7S,Thunder Hawk,TDK-7S,18,BattleMech,100,2440,3065
3222,Thunder Hawk TDK-7X,Thunder Hawk,TDK-7X,18,BattleMech,100,2577,2771
3223,Thunder Hawk TDK-7Y,Thunder Hawk,TDK-7Y,18,BattleMech,100,2489,3058
9581,Thunder Hawk TDK-7Z,Thunder Hawk,TDK-7Z,18,BattleMech,100,2419,3138
3224,Thunder Stallion  ,Thunder Stallion, ,18,BattleMech,85,2306,2850
3225,"Thunder Stallion 2 ""Fire Stallion""",Thunder Stallion,"2 ""Fire Stallion""",18,BattleMech,85,2575,2877
3226,Thunder Stallion 3,Thunder Stallion,3,18,BattleMech,85,2631,3069
7720,Thunder Stallion 4,Thunder Stallion,4,18,BattleMech,85,2607,3138
3214,Thunder THR-1L,Thunder,THR-1L,18,BattleMech,70,1471,3055
3215,Thunder THR-2L,Thunder,THR-2L,18,BattleMech,70,1951,3063
3216,Thunder THR-3L,Thunder,THR-3L,18,BattleMech,70,1904,3066
5230,Thunder THR-C4,Thunder,THR-C4,18,BattleMech,70,2028,3083
6736,Thunderbird Battle Armor (Upgrade) [ER Laser] (Sqd4),Thunderbird Battle Armor (Upgrade),[ER Laser] (Sqd4),21,Infantry,1.5,367,3089
8791,Thunderbird Battle Armor (Upgrade) [ER Laser] (Sqd5),Thunderbird Battle Armor (Upgrade),[ER Laser] (Sqd5),21,Infantry,1.5,495,3089
6737,Thunderbird Battle Armor (Upgrade) [LB-X] (Sqd4),Thunderbird Battle Armor (Upgrade),[LB-X] (Sqd4),21,Infantry,1.5,323,3089
8792,Thunderbird Battle Armor (Upgrade) [LB-X] (Sqd5),Thunderbird Battle Armor (Upgrade),[LB-X] (Sqd5),21,Infantry,1.5,435,3089
6738,Thunderbird Battle Armor (Upgrade) [Pulse Laser] (Sqd4),Thunderbird Battle Armor (Upgrade),[Pulse Laser] (Sqd4),21,Infantry,1.5,339,3089
8793,Thunderbird Battle Armor (Upgrade) [Pulse Laser] (Sqd5),Thunderbird Battle Armor (Upgrade),[Pulse Laser] (Sqd5),21,Infantry,1.5,457,3089
3228,Thunderbird Battle Armor [AP Gauss] (Sqd4),Thunderbird Battle Armor,[AP Gauss] (Sqd4),21,Infantry,1.5,260,3086
8589,Thunderbird Battle Armor [AP Gauss] (Sqd5),Thunderbird Battle Armor,[AP Gauss] (Sqd5),21,Infantry,1.5,350,3086
3229,Thunderbird Battle Armor [ER Laser] (Sqd4),Thunderbird Battle Armor,[ER Laser] (Sqd4),21,Infantry,1.5,300,3086
8590,Thunderbird Battle Armor [ER Laser] (Sqd5),Thunderbird Battle Armor,[ER Laser] (Sqd5),21,Infantry,1.5,404,3086
3230,Thunderbird Battle Armor [Pulse Laser] (Sqd4),Thunderbird Battle Armor,[Pulse Laser] (Sqd4),21,Infantry,1.5,272,3086
8591,Thunderbird Battle Armor [Pulse Laser] (Sqd5),Thunderbird Battle Armor,[Pulse Laser] (Sqd5),21,Infantry,1.5,366,3086
7357,Thunderbird II Battle Armor (Sqd4),Thunderbird II Battle Armor,(Sqd4),21,Infantry,1.5,345,3133
8823,Thunderbird II Battle Armor (Sqd5),Thunderbird II Battle Armor,(Sqd5),21,Infantry,1.5,464,3133
5231,Thunderbird TRB-D36,Thunderbird,TRB-D36,17,Aerospace,100,1932,2480
3227,Thunderbird TRB-D36b,Thunderbird,TRB-D36b,17,Aerospace,100,2826,2715
5232,Thunderbird TRB-D46,Thunderbird,TRB-D46,17,Aerospace,100,2320,2724
5233,Thunderbird TRB-D50,Thunderbird,TRB-D50,17,Aerospace,100,1828,3065
5234,Thunderbird TRB-D56,Thunderbird,TRB-D56,17,Aerospace,100,2665,3074
5577,Thunderbird TRB-XTS,Thunderbird,TRB-XTS,17,Aerospace,100,2494,Unknown
3231,Thunderbolt C,Thunderbolt,C,18,BattleMech,65,1671,2832
8195,Thunderbolt C 2,Thunderbolt,C 2,18,BattleMech,65,2170,3054
5239,Thunderbolt IIC  ,Thunderbolt IIC, ,18,BattleMech,70,2475,3085
5240,Thunderbolt IIC 2,Thunderbolt IIC,2,18,BattleMech,70,2174,3088
3232,Thunderbolt TDR-10M,Thunderbolt,TDR-10M,18,BattleMech,65,1727,3082
3233,Thunderbolt TDR-10M (Ilyena),Thunderbolt,TDR-10M (Ilyena),18,BattleMech,65,1616,3085
3234,Thunderbolt TDR-10M (Salazar),Thunderbolt,TDR-10M (Salazar),18,BattleMech,65,1763,3085
6877,Thunderbolt TDR-10S,Thunderbolt,TDR-10S,18,BattleMech,65,1766,3086
3235,Thunderbolt TDR-10SE,Thunderbolt,TDR-10SE,18,BattleMech,65,2008,3067
8193,Thunderbolt TDR-11S,Thunderbolt,TDR-11S,18,BattleMech,65,1570,3074
3236,Thunderbolt TDR-11SE,Thunderbolt,TDR-11SE,18,BattleMech,65,1754,3069
8194,Thunderbolt TDR-12R,Thunderbolt,TDR-12R,18,BattleMech,65,1975,3127
3237,Thunderbolt TDR-17S,Thunderbolt,TDR-17S,18,BattleMech,65,1803,3070
5237,Thunderbolt TDR-1C,Thunderbolt,TDR-1C,18,BattleMech,65,1237,2491
7431,Thunderbolt TDR-5D,Thunderbolt,TDR-5D,18,BattleMech,65,1231,2821
7762,Thunderbolt TDR-5L,Thunderbolt,TDR-5L,18,BattleMech,65,0,2823
7763,Thunderbolt TDR-5LS,Thunderbolt,TDR-5LS,18,BattleMech,65,0,2850
3238,Thunderbolt TDR-5S,Thunderbolt,TDR-5S,18,BattleMech,65,1335,2505
3242,Thunderbolt TDR-5S-T (Tallman),Thunderbolt,TDR-5S-T (Tallman),18,BattleMech,65,1447,3025
3240,Thunderbolt TDR-5SE,Thunderbolt,TDR-5SE,18,BattleMech,65,1414,3000
3241,Thunderbolt TDR-5SS,Thunderbolt,TDR-5SS,18,BattleMech,65,1337,2930
3239,Thunderbolt TDR-5Sb,Thunderbolt,TDR-5Sb,18,BattleMech,65,1613,2753
6766,Thunderbolt TDR-5Sb2,Thunderbolt,TDR-5Sb2,18,BattleMech,65,0,2680
5868,Thunderbolt TDR-5Sd,Thunderbolt,TDR-5Sd,18,BattleMech,65,0,Unknown
3243,Thunderbolt TDR-60-RLA,Thunderbolt,TDR-60-RLA,18,BattleMech,65,1975,3072
3244,Thunderbolt TDR-7M,Thunderbolt,TDR-7M,18,BattleMech,65,1495,3049
8190,Thunderbolt TDR-7S,Thunderbolt,TDR-7S,18,BattleMech,65,1582,3091
3245,Thunderbolt TDR-7SE,Thunderbolt,TDR-7SE,18,BattleMech,65,1809,3067
8191,Thunderbolt TDR-8M,Thunderbolt,TDR-8M,18,BattleMech,65,1644,3058
3246,Thunderbolt TDR-9M,Thunderbolt,TDR-9M,18,BattleMech,65,1648,3067
3247,Thunderbolt TDR-9NAIS,Thunderbolt,TDR-9NAIS,18,BattleMech,65,1864,3067
3248,Thunderbolt TDR-9Nr,Thunderbolt,TDR-9Nr,18,BattleMech,65,1635,3072
3249,Thunderbolt TDR-9S,Thunderbolt,TDR-9S,18,BattleMech,65,1494,3050
3250,Thunderbolt TDR-9SE,Thunderbolt,TDR-9SE,18,BattleMech,65,1439,3049
3251,Thunderbolt TDR-9T,Thunderbolt,TDR-9T,18,BattleMech,65,1589,3083
8192,Thunderbolt TDR-9W,Thunderbolt,TDR-9W,18,BattleMech,65,1985,3053
5241,"Ti Ts'ang ""China Doll""",Ti Ts'ang,"""China Doll""",18,BattleMech,60,1739,3067
6884,Ti Ts'ang TSG-10L,Ti Ts'ang,TSG-10L,18,BattleMech,60,1730,3125
3252,Ti Ts'ang TSG-9C,Ti Ts'ang,TSG-9C,18,BattleMech,60,1989,3069
5242,Ti Ts'ang TSG-9DDC,Ti Ts'ang,TSG-9DDC,18,BattleMech,60,2013,3076
3254,Ti Ts'ang TSG-9H,Ti Ts'ang,TSG-9H,18,BattleMech,60,1880,3059
7395,Ti Ts'ang TSG-9H (Jason),Ti Ts'ang,TSG-9H (Jason),18,BattleMech,60,1641,3068
3255,Ti Ts'ang TSG-9J,Ti Ts'ang,TSG-9J,18,BattleMech,60,1909,3060
6822,Tiamat II (3112),Tiamat II,(3112),17,Aerospace,36000,57241,3112
5243,Tiamat Pocket Warship  ,Tiamat Pocket Warship, ,17,Aerospace,36000,50146,3075
6469,Tian-zong TNZ-N1,Tian-zong,TNZ-N1,18,BattleMech,75,2167,3090
6470,Tian-zong TNZ-N2,Tian-zong,TNZ-N2,18,BattleMech,75,1726,3096
7402,Tian-zong TNZ-N2 (Jasminda),Tian-zong,TNZ-N2 (Jasminda),18,BattleMech,75,1826,3111
6468,Tian-zong TNZ-N3,Tian-zong,TNZ-N3,18,BattleMech,75,2072,3140
6552,Tiburon  ,Tiburon, ,18,BattleMech,35,1841,3099
9252,Tiburon 2,Tiburon,2,18,BattleMech,35,1691,3113
8153,Tiger Medium Tank (Prototype),Tiger Medium Tank,(Prototype),19,Combat Vehicle,55,0,Unknown
5244,Tiger Medium Tank T-12,Tiger Medium Tank,T-12,19,Combat Vehicle,55,574,2478
5245,Tigershark  ,Tigershark, ,17,Aerospace,0,0,Unknown
5246,Tigershrike Hovercraft,Tigershrike Hovercraft,,24,Support Vehicle,0,0,Unknown
5247,Tigress Close Patrol Craft TIG-15,Tigress Close Patrol Craft,TIG-15,17,Aerospace,150,0,2790
9357,TinStar Battle Armor (Original) (Sqd4),TinStar Battle Armor,(Original) (Sqd4),21,Infantry,1,382,3086
9358,TinStar Battle Armor (Original) (Sqd5),TinStar Battle Armor,(Original) (Sqd5),21,Infantry,1,515,3086
9359,TinStar Battle Armor (Original) (Sqd6),TinStar Battle Armor,(Original) (Sqd6),21,Infantry,1,662,3086
7700,TinStar Battle Armor (Sqd4),TinStar Battle Armor,(Sqd4),21,Infantry,1,272,3087
9355,TinStar Battle Armor (Sqd5),TinStar Battle Armor,(Sqd5),21,Infantry,1,366,3087
9356,TinStar Battle Armor (Sqd6),TinStar Battle Armor,(Sqd6),21,Infantry,1,471,3087
5248,Titan (2647),Titan,(2647),17,Aerospace,12000,0,2647
5249,Titan (Clan),Titan,(Clan),17,Aerospace,12000,0,2953
3258,Titan II TI-2P,Titan II,TI-2P,18,BattleMech,100,2143,3071
3259,Titan II TI-2PA,Titan II,TI-2PA,18,BattleMech,100,2468,3076
3257,Titan TI-1A,Titan,TI-1A,18,BattleMech,100,1959,2765
6827,Titan TI-1Aj,Titan,TI-1Aj,18,BattleMech,100,2328,3123
6826,Titan TI-1Ar,Titan,TI-1Ar,18,BattleMech,100,2165,3123
3263,Tokugawa Heavy Tank  ,Tokugawa Heavy Tank, ,19,Combat Vehicle,60,912,3053
8217,Tokugawa Heavy Tank (Arrow IV),Tokugawa Heavy Tank,(Arrow IV),19,Combat Vehicle,60,0,Unknown
3260,Tokugawa Heavy Tank (C3),Tokugawa Heavy Tank,(C3),19,Combat Vehicle,60,891,3061
3261,Tokugawa Heavy Tank (MRM),Tokugawa Heavy Tank,(MRM),19,Combat Vehicle,60,941,3062
3262,Tokugawa Heavy Tank (SD2),Tokugawa Heavy Tank,(SD2),19,Combat Vehicle,60,991,3068
3264,Tokugawa Heavy Tank (Streak),Tokugawa Heavy Tank,(Streak),19,Combat Vehicle,60,921,3063
3265,Tokugawa Heavy Tank TKG-150,Tokugawa Heavy Tank,TKG-150,19,Combat Vehicle,60,731,2792
3266,Tokugawa Heavy Tank TKG-151,Tokugawa Heavy Tank,TKG-151,19,Combat Vehicle,60,654,3025
3267,Tokugawa Heavy Tank Yumi,Tokugawa Heavy Tank,Yumi,19,Combat Vehicle,60,1127,3067
7882,Tolva  ,Tolva, ,18,BattleMech,40,1449,3101
6299,Tomahawk A,Tomahawk,A,18,BattleMech,100,2762,3063
6300,Tomahawk B,Tomahawk,B,18,BattleMech,100,3323,3063
6301,Tomahawk C,Tomahawk,C,18,BattleMech,100,2985,3063
3268,Tomahawk C,Tomahawk,C,17,Aerospace,45,1648,2833
3269,Tomahawk CH,Tomahawk,CH,17,Aerospace,45,1589,3064
5558,Tomahawk CX-11,Tomahawk,CX-11,17,Aerospace,45,0,3074
6304,Tomahawk II A,Tomahawk II,A,18,BattleMech,100,2697,3088
6305,Tomahawk II B,Tomahawk II,B,18,BattleMech,100,3513,3088
6306,Tomahawk II C,Tomahawk II,C,18,BattleMech,100,2938,3088
6303,Tomahawk II Prime,Tomahawk II,Prime,18,BattleMech,100,3334,3088
6298,Tomahawk Prime,Tomahawk,Prime,18,BattleMech,100,3101,3063
3270,Tomahawk THK-33,Tomahawk,THK-33,17,Aerospace,45,1069,2642
3271,Tomahawk THK-43,Tomahawk,THK-43,17,Aerospace,45,1038,2646
3272,Tomahawk THK-53,Tomahawk,THK-53,17,Aerospace,45,1105,2650
3273,Tomahawk THK-63,Tomahawk,THK-63,17,Aerospace,45,1038,2680
7688,Tomahawk THK-63-EC,Tomahawk,THK-63-EC,17,Aerospace,45,1038,2818
3274,Tomahawk THK-63CS,Tomahawk,THK-63CS,17,Aerospace,45,1204,3069
5255,Tomahawk THK-63b,Tomahawk,THK-63b,17,Aerospace,45,1481,2751
6763,Tomahawk THK-63b2,Tomahawk,THK-63b2,17,Aerospace,45,0,2714
3275,Tonbo Superheavy Transport,Tonbo Superheavy Transport,,24,Support Vehicle,56,233,3059
5256,Tornado PA(L) G12 (Sqd4),Tornado PA(L) G12,(Sqd4),21,Infantry,0.4,47,3058
8685,Tornado PA(L) G12 (Sqd5),Tornado PA(L) G12,(Sqd5),21,Infantry,0.4,63,3058
9049,Tornado PA(L) G12 (Sqd6),Tornado PA(L) G12,(Sqd6),21,Infantry,0.4,81,3058
5257,Tornado PA(L) G13 [David Light Gauss] (Sqd4),Tornado PA(L) G13,[David Light Gauss] (Sqd4),21,Infantry,0.4,80,3066
8686,Tornado PA(L) G13 [David Light Gauss] (Sqd5),Tornado PA(L) G13,[David Light Gauss] (Sqd5),21,Infantry,0.4,108,3066
9050,Tornado PA(L) G13 [David Light Gauss] (Sqd6),Tornado PA(L) G13,[David Light Gauss] (Sqd6),21,Infantry,0.4,138,3066
5258,Tornado PA(L) G13 [Flamer] (Sqd4),Tornado PA(L) G13,[Flamer] (Sqd4),21,Infantry,0.4,69,3066
8687,Tornado PA(L) G13 [Flamer] (Sqd5),Tornado PA(L) G13,[Flamer] (Sqd5),21,Infantry,0.4,92,3066
9051,Tornado PA(L) G13 [Flamer] (Sqd6),Tornado PA(L) G13,[Flamer] (Sqd6),21,Infantry,0.4,119,3066
5259,Tornado PA(L) G13 [Grenade Launcher] (Sqd4),Tornado PA(L) G13,[Grenade Launcher] (Sqd4),21,Infantry,0.4,52,3066
8688,Tornado PA(L) G13 [Grenade Launcher] (Sqd5),Tornado PA(L) G13,[Grenade Launcher] (Sqd5),21,Infantry,0.4,70,3066
9052,Tornado PA(L) G13 [Grenade Launcher] (Sqd6),Tornado PA(L) G13,[Grenade Launcher] (Sqd6),21,Infantry,0.4,90,3066
5260,Tornado PA(L) G13 [Machine Gun] (Sqd4),Tornado PA(L) G13,[Machine Gun] (Sqd4),21,Infantry,0.4,69,3066
8689,Tornado PA(L) G13 [Machine Gun] (Sqd5),Tornado PA(L) G13,[Machine Gun] (Sqd5),21,Infantry,0.4,92,3066
9053,Tornado PA(L) G13 [Machine Gun] (Sqd6),Tornado PA(L) G13,[Machine Gun] (Sqd6),21,Infantry,0.4,119,3066
5261,Tornado PA(L) G13 [Small Laser] (Sqd4),Tornado PA(L) G13,[Small Laser] (Sqd4),21,Infantry,0.4,91,3066
8690,Tornado PA(L) G13 [Small Laser] (Sqd5),Tornado PA(L) G13,[Small Laser] (Sqd5),21,Infantry,0.4,123,3066
9054,Tornado PA(L) G13 [Small Laser] (Sqd6),Tornado PA(L) G13,[Small Laser] (Sqd6),21,Infantry,0.4,158,3066
5263,Tornado PA(L) G14 (Sqd4),Tornado PA(L) G14,(Sqd4),21,Infantry,0.4,41,3070
8691,Tornado PA(L) G14 (Sqd5),Tornado PA(L) G14,(Sqd5),21,Infantry,0.4,55,3070
9055,Tornado PA(L) G14 (Sqd6),Tornado PA(L) G14,(Sqd6),21,Infantry,0.4,70,3070
5612,Tornado PA(L) G17 (Sqd4),Tornado PA(L) G17,(Sqd4),21,Infantry,0.4,56,3074
8709,Tornado PA(L) G17 (Sqd5),Tornado PA(L) G17,(Sqd5),21,Infantry,0.4,76,3074
9073,Tornado PA(L) G17 (Sqd6),Tornado PA(L) G17,(Sqd6),21,Infantry,0.4,97,3074
5264,"Tornado PA(L) P12 ""Hurricane"" (Sqd4)",Tornado PA(L),"P12 ""Hurricane"" (Sqd4)",21,Infantry,0.4,47,2905
8692,"Tornado PA(L) P12 ""Hurricane"" (Sqd5)",Tornado PA(L),"P12 ""Hurricane"" (Sqd5)",21,Infantry,0.4,64,2905
9056,"Tornado PA(L) P12 ""Hurricane"" (Sqd6)",Tornado PA(L),"P12 ""Hurricane"" (Sqd6)",21,Infantry,0.4,82,2905
5560,"Tornado PA(L) P17 ""Hurricane"" (Sqd4)",Tornado PA(L),"P17 ""Hurricane"" (Sqd4)",21,Infantry,0.4,212,Unknown
8706,"Tornado PA(L) P17 ""Hurricane"" (Sqd5)",Tornado PA(L),"P17 ""Hurricane"" (Sqd5)",21,Infantry,0.4,285,Unknown
9070,"Tornado PA(L) P17 ""Hurricane"" (Sqd6)",Tornado PA(L),"P17 ""Hurricane"" (Sqd6)",21,Infantry,0.4,367,Unknown
3276,Toro TR-A-1,Toro,TR-A-1,18,BattleMech,35,671,2481
3277,Toro TR-A-6,Toro,TR-A-6,18,BattleMech,35,864,2548
9250,Toro TR-B-12,Toro,TR-B-12,18,BattleMech,35,1029,3146
9249,Toro TR-B-9,Toro,TR-B-9,18,BattleMech,35,915,3108
5266,Torrent Heavy Bomber  ,Torrent Heavy Bomber, ,24,Support Vehicle,200,0,2093
5265,Torrent Heavy Bomber (Fire Fighting),Torrent Heavy Bomber,(Fire Fighting),24,Support Vehicle,200,0,2300
5267,Torrent Heavy Bomber ASW,Torrent Heavy Bomber,ASW,24,Support Vehicle,200,0,2111
5268,Torrent Heavy Bomber FC,Torrent Heavy Bomber,FC,24,Support Vehicle,200,0,2115
5269,Torrent Heavy Bomber IC,Torrent Heavy Bomber,IC,24,Support Vehicle,200,0,2118
7359,Tortoise II Battle Armor [C3] (Sqd4),Tortoise II Battle Armor,[C3] (Sqd4),21,Infantry,2,619,3134
8824,Tortoise II Battle Armor [C3] (Sqd5),Tortoise II Battle Armor,[C3] (Sqd5),21,Infantry,2,833,3134
9187,Tortoise II Battle Armor [C3] (Sqd6),Tortoise II Battle Armor,[C3] (Sqd6),21,Infantry,2,1071,3134
7360,Tortoise II Battle Armor [LRM] (Sqd4),Tortoise II Battle Armor,[LRM] (Sqd4),21,Infantry,2,745,3134
8825,Tortoise II Battle Armor [LRM] (Sqd5),Tortoise II Battle Armor,[LRM] (Sqd5),21,Infantry,2,1003,3134
9188,Tortoise II Battle Armor [LRM] (Sqd6),Tortoise II Battle Armor,[LRM] (Sqd6),21,Infantry,2,1289,3134
7361,Tortoise II Battle Armor [SRM] (Sqd4),Tortoise II Battle Armor,[SRM] (Sqd4),21,Infantry,2,788,3134
8826,Tortoise II Battle Armor [SRM] (Sqd5),Tortoise II Battle Armor,[SRM] (Sqd5),21,Infantry,2,1061,3134
9189,Tortoise II Battle Armor [SRM] (Sqd6),Tortoise II Battle Armor,[SRM] (Sqd6),21,Infantry,2,1364,3134
7362,Tortoise II Battle Armor [aSRM] (Sqd4),Tortoise II Battle Armor,[aSRM] (Sqd4),21,Infantry,2,742,3134
8827,Tortoise II Battle Armor [aSRM] (Sqd5),Tortoise II Battle Armor,[aSRM] (Sqd5),21,Infantry,2,998,3134
9190,Tortoise II Battle Armor [aSRM] (Sqd6),Tortoise II Battle Armor,[aSRM] (Sqd6),21,Infantry,2,1284,3134
3278,Toyama TYM-1A,Toyama,TYM-1A,18,BattleMech,75,1714,3057
3279,Toyama TYM-1B,Toyama,TYM-1B,18,BattleMech,75,1788,3070
3280,Toyama TYM-1C,Toyama,TYM-1C,18,BattleMech,75,1727,3072
7811,TrackBike  ,TrackBike, ,24,Support Vehicle,2,19,2544
9228,Tracked Quad  ,Tracked Quad, ,24,Support Vehicle,0,0,Unknown
5270,Tracker Surveillance  ,Tracker Surveillance, ,81,Advanced Aerospace,120000,0,2407
5271,Trader JumpShip,Trader JumpShip,,81,Advanced Aerospace,0,0,Unknown
3282,Trajan Assault Infantry Fighting Vehicle  ,Trajan Assault Infantry Fighting Vehicle, ,19,Combat Vehicle,85,1182,3080
3281,Trajan Assault Infantry Fighting Vehicle (ICE),Trajan Assault Infantry Fighting Vehicle,(ICE),19,Combat Vehicle,85,1043,3076
5273,Tramp JumpShip  ,Tramp JumpShip, ,81,Advanced Aerospace,250000,0,2754
5272,Tramp JumpShip (Lithium-Fusion),Tramp JumpShip,(Lithium-Fusion),81,Advanced Aerospace,250000,0,2755
7799,Tramp JumpShip (SW Downgrade),Tramp JumpShip,(SW Downgrade),81,Advanced Aerospace,250000,0,Unknown
3283,Transgressor TR-13,Transgressor,TR-13,17,Aerospace,75,1467,2890
3284,Transgressor TR-13A,Transgressor,TR-13A,17,Aerospace,75,1664,3052
3285,"Transgressor TR-14 ""AC""",Transgressor,"TR-14 ""AC""",17,Aerospace,75,1179,2906
3286,Transgressor TR-15,Transgressor,TR-15,17,Aerospace,75,2238,3071
3287,Transgressor TR-16,Transgressor,TR-16,17,Aerospace,75,1987,3058
3288,Transit TR-10,Transit,TR-10,17,Aerospace,50,1091,2932
3289,Transit TR-11,Transit,TR-11,17,Aerospace,50,815,2933
3290,Transit TR-12,Transit,TR-12,17,Aerospace,50,1616,3063
5274,Transit TR-13G,Transit,TR-13G,17,Aerospace,50,1522,3081
3291,"Transit TR-13X ""Glare""",Transit,"TR-13X ""Glare""",17,Aerospace,50,1683,3077
8119,Transit TR-9,Transit,TR-9,17,Aerospace,50,1148,Unknown
1706,Transportable Field Repair Unit JI-100 ,Transportable Field Repair Unit,JI-100 ,19,Combat Vehicle,70,199,3074
4403,"Transportable Field Repair Unit JI-50 ""Jifty"" ",Transportable Field Repair Unit,"JI-50 ""Jifty"" ",24,Support Vehicle,60,329,3069
4405,"Transportable Field Repair Unit JI-50 ""Jifty"" (Hoist)",Transportable Field Repair Unit,"JI-50 ""Jifty"" (Hoist)",24,Support Vehicle,60,231,3070
4404,"Transportable Field Repair Unit JI-50 ""Jifty"" (MG)",Transportable Field Repair Unit,"JI-50 ""Jifty"" (MG)",24,Support Vehicle,60,231,3072
4406,"Transportable Field Repair Unit JI-50 ""Jifty"" (ML)",Transportable Field Repair Unit,"JI-50 ""Jifty"" (ML)",24,Support Vehicle,60,304,3074
4407,"Transportable Field Repair Unit JI-50 ""Jifty"" (Q-Vehicle)",Transportable Field Repair Unit,"JI-50 ""Jifty"" (Q-Vehicle)",24,Support Vehicle,60,523,3074
3292,Trebaruna TR-XB,Trebaruna,TR-XB,18,BattleMech,95,2223,3081
6834,Trebaruna TR-XH,Trebaruna,TR-XH,18,BattleMech,95,2453,3115
3293,Trebaruna TR-XJ,Trebaruna,TR-XJ,18,BattleMech,95,2270,3081
3294,Trebaruna TR-XL,Trebaruna,TR-XL,18,BattleMech,95,2244,3081
3295,Trebuchet TBT-3C,Trebuchet,TBT-3C,18,BattleMech,50,1342,2780
3296,Trebuchet TBT-5J,Trebuchet,TBT-5J,18,BattleMech,50,1191,2850
3297,Trebuchet TBT-5N,Trebuchet,TBT-5N,18,BattleMech,50,1191,2799
3298,Trebuchet TBT-5S,Trebuchet,TBT-5S,18,BattleMech,50,984,2864
3299,Trebuchet TBT-7K,Trebuchet,TBT-7K,18,BattleMech,50,996,3025
3300,Trebuchet TBT-7M,Trebuchet,TBT-7M,18,BattleMech,50,1348,3048
8378,"Trebuchet TBT-7MM ""Merida""",Trebuchet,"TBT-7MM ""Merida""",18,BattleMech,50,2028,3140
3301,Trebuchet TBT-8B,Trebuchet,TBT-8B,18,BattleMech,50,1314,3071
3302,Trebuchet TBT-9K,Trebuchet,TBT-9K,18,BattleMech,50,1329,3059
7500,Trebuchet TBT-9N,Trebuchet,TBT-9N,18,BattleMech,50,1550,3136
6901,Trebuchet TBT-9R,Trebuchet,TBT-9R,18,BattleMech,50,2165,3131
5275,Trebuchet TBT-K7R,Trebuchet,TBT-K7R,18,BattleMech,50,1408,3088
5563,Trebuchet TBT-XK7,Trebuchet,TBT-XK7,18,BattleMech,50,1549,3081
6958,Tribune Mobile Tactical Command HQ  ,Tribune Mobile Tactical Command HQ, ,19,Combat Vehicle,30,424,3091
3303,Trident TRN-3T,Trident,TRN-3T,17,Aerospace,20,374,2717
5276,Trident TRN-3Tb,Trident,TRN-3Tb,17,Aerospace,20,538,2718
5277,Trident TRN-3U,Trident,TRN-3U,17,Aerospace,20,385,2812
5278,Trident TRN-3V,Trident,TRN-3V,17,Aerospace,20,637,3069
7810,Trike  ,Trike, ,24,Support Vehicle,0.5,11,2513
3304,Trinity Medium Battle Armor (Asterion Upgrade) [MRR] (Sqd4),Trinity Medium Battle Armor (Asterion Upgrade),[MRR] (Sqd4),21,Infantry,1,251,3073
8592,Trinity Medium Battle Armor (Asterion Upgrade) [MRR] (Sqd5),Trinity Medium Battle Armor (Asterion Upgrade),[MRR] (Sqd5),21,Infantry,1,338,3073
8956,Trinity Medium Battle Armor (Asterion Upgrade) [MRR] (Sqd6),Trinity Medium Battle Armor (Asterion Upgrade),[MRR] (Sqd6),21,Infantry,1,435,3073
3305,Trinity Medium Battle Armor (Asterion Upgrade) [PPC] (Sqd4),Trinity Medium Battle Armor (Asterion Upgrade),[PPC] (Sqd4),21,Infantry,1,231,3073
8593,Trinity Medium Battle Armor (Asterion Upgrade) [PPC] (Sqd5),Trinity Medium Battle Armor (Asterion Upgrade),[PPC] (Sqd5),21,Infantry,1,311,3073
8957,Trinity Medium Battle Armor (Asterion Upgrade) [PPC] (Sqd6),Trinity Medium Battle Armor (Asterion Upgrade),[PPC] (Sqd6),21,Infantry,1,400,3073
5280,Trinity Medium Battle Armor (Asterion) [MRR] (Sqd4),Trinity Medium Battle Armor (Asterion),[MRR] (Sqd4),21,Infantry,1,207,3065
8693,Trinity Medium Battle Armor (Asterion) [MRR] (Sqd5),Trinity Medium Battle Armor (Asterion),[MRR] (Sqd5),21,Infantry,1,279,3065
9057,Trinity Medium Battle Armor (Asterion) [MRR] (Sqd6),Trinity Medium Battle Armor (Asterion),[MRR] (Sqd6),21,Infantry,1,358,3065
5281,Trinity Medium Battle Armor (Asterion) [PPC] (Sqd4),Trinity Medium Battle Armor (Asterion),[PPC] (Sqd4),21,Infantry,1,187,3065
8694,Trinity Medium Battle Armor (Asterion) [PPC] (Sqd5),Trinity Medium Battle Armor (Asterion),[PPC] (Sqd5),21,Infantry,1,252,3065
9058,Trinity Medium Battle Armor (Asterion) [PPC] (Sqd6),Trinity Medium Battle Armor (Asterion),[PPC] (Sqd6),21,Infantry,1,324,3065
5283,Trinity Medium Battle Armor (Theseus RL)  [LRR] (Sqd4),Trinity Medium Battle Armor (Theseus RL) ,[LRR] (Sqd4),21,Infantry,1,203,3069
8695,Trinity Medium Battle Armor (Theseus RL) [LRR] (Sqd5),Trinity Medium Battle Armor (Theseus RL),[LRR] (Sqd5),21,Infantry,1,273,3069
9059,Trinity Medium Battle Armor (Theseus RL) [LRR] (Sqd6),Trinity Medium Battle Armor (Theseus RL),[LRR] (Sqd6),21,Infantry,1,352,3069
3306,"Trinity Medium Battle Armor (Theseus Support) ""Killshot"" (Sqd4)",Trinity Medium Battle Armor (Theseus Support),"""Killshot"" (Sqd4)",21,Infantry,1,191,3073
8594,"Trinity Medium Battle Armor (Theseus Support) ""Killshot"" (Sqd5)",Trinity Medium Battle Armor (Theseus Support),"""Killshot"" (Sqd5)",21,Infantry,1,257,3073
8958,"Trinity Medium Battle Armor (Theseus Support) ""Killshot"" (Sqd6)",Trinity Medium Battle Armor (Theseus Support),"""Killshot"" (Sqd6)",21,Infantry,1,331,3073
5285,Trinity Medium Battle Armor (Theseus) [MRR] (Sqd4),Trinity Medium Battle Armor (Theseus),[MRR] (Sqd4),21,Infantry,1,207,3065
8696,Trinity Medium Battle Armor (Theseus) [MRR] (Sqd5),Trinity Medium Battle Armor (Theseus),[MRR] (Sqd5),21,Infantry,1,279,3065
9060,Trinity Medium Battle Armor (Theseus) [MRR] (Sqd6),Trinity Medium Battle Armor (Theseus),[MRR] (Sqd6),21,Infantry,1,358,3065
3307,Trinity Medium Battle Armor (Ying Long BC3) [David] (Sqd4),Trinity Medium Battle Armor (Ying Long BC3),[David] (Sqd4),21,Infantry,1,172,3078
8595,Trinity Medium Battle Armor (Ying Long BC3) [David] (Sqd5),Trinity Medium Battle Armor (Ying Long BC3),[David] (Sqd5),21,Infantry,1,232,3078
8959,Trinity Medium Battle Armor (Ying Long BC3) [David] (Sqd6),Trinity Medium Battle Armor (Ying Long BC3),[David] (Sqd6),21,Infantry,1,298,3078
5288,Trinity Medium Battle Armor (Ying Long) [Plasma] (Sqd4),Trinity Medium Battle Armor (Ying Long),[Plasma] (Sqd4),21,Infantry,1,212,3065
8697,Trinity Medium Battle Armor (Ying Long) [Plasma] (Sqd5),Trinity Medium Battle Armor (Ying Long),[Plasma] (Sqd5),21,Infantry,1,285,3065
9061,Trinity Medium Battle Armor (Ying Long) [Plasma] (Sqd6),Trinity Medium Battle Armor (Ying Long),[Plasma] (Sqd6),21,Infantry,1,367,3065
3309,Trireme Infantry Transport  ,Trireme Infantry Transport, ,24,Support Vehicle,60,132,3086
3308,Trireme Infantry Transport (CS),Trireme Infantry Transport,(CS),24,Support Vehicle,60,417,3086
7384,Triskelion TRK-4V,Triskelion,TRK-4V,18,BattleMech,75,2837,3146
5290,Triton  ,Triton, ,23,Protomech,8,286,3067
5291,Triton 2,Triton,2,23,Protomech,8,274,3067
5292,Triton 3,Triton,3,23,Protomech,8,276,3069
5293,Triton 4,Triton,4,23,Protomech,8,207,3069
8150,Triton Missile Submarine (Piranha),Triton Missile Submarine,(Piranha),79,Advanced Support,12000,0,Unknown
5295,Triumph (2593),Triumph,(2593),17,Aerospace,8600,0,2593
5298,Troika CMT-3T,Troika,CMT-3T,17,Aerospace,65,1888,3065
3310,Troika CMT-3TV (Viktor),Troika,CMT-3TV (Viktor),17,Aerospace,65,2975,3074
5299,Troika CMT-4U,Troika,CMT-4U,17,Aerospace,65,1790,3066
5754,Troika CMT-6T,Troika,CMT-6T,17,Aerospace,65,1493,3079
6813,Troika CMT-7T,Troika,CMT-7T,17,Aerospace,65,1593,3134
5300,Trojan (Blockade Runner),Trojan,(Blockade Runner),17,Aerospace,3200,0,2745
7407,Trooper TP-1R,Trooper,TP-1R,18,BattleMech,20,236,2475
8220,Trooper VTOL,Trooper VTOL,,19,Combat Vehicle,0,0,Unknown
6641,Trutzburg,Trutzburg,,17,Aerospace,6000,11580,3112
3311,Tsunami TS-P1,Tsunami,TS-P1,18,BattleMech,40,933,3052
3312,Tsunami TS-P1D,Tsunami,TS-P1D,18,BattleMech,40,1298,3063
5779,Tsuru VIP Aircraft  ,Tsuru VIP Aircraft, ,24,Support Vehicle,100,0,3021
3314,Tufana Hovercraft  ,Tufana Hovercraft, ,19,Combat Vehicle,35,583,3079
3313,Tufana Hovercraft (iNarc),Tufana Hovercraft,(iNarc),19,Combat Vehicle,35,756,3083
3315,Tundra Wolf  ,Tundra Wolf, ,18,BattleMech,75,3131,3076
3316,Tundra Wolf 2,Tundra Wolf,2,18,BattleMech,75,3626,3076
3317,Tundra Wolf 3,Tundra Wolf,3,18,BattleMech,75,3292,3076
3318,Tundra Wolf 4,Tundra Wolf,4,18,BattleMech,75,2873,3077
6862,Tundra Wolf 5,Tundra Wolf,5,18,BattleMech,75,2645,3086
5303,Tunnel Rat I Mining Exoskeleton [Armored Glove] (Sqd4),Tunnel Rat I Mining Exoskeleton,[Armored Glove] (Sqd4),21,Infantry,0.4,20,3055
8698,Tunnel Rat I Mining Exoskeleton [Armored Glove] (Sqd5),Tunnel Rat I Mining Exoskeleton,[Armored Glove] (Sqd5),21,Infantry,0.4,27,3055
9062,Tunnel Rat I Mining Exoskeleton [Armored Glove] (Sqd6),Tunnel Rat I Mining Exoskeleton,[Armored Glove] (Sqd6),21,Infantry,0.4,35,3055
7218,Tunnel Rat I Mining Exoskeleton [Industrial Drill] (Sqd4),Tunnel Rat I Mining Exoskeleton,[Industrial Drill] (Sqd4),21,Infantry,0.4,20,3055
8820,Tunnel Rat I Mining Exoskeleton [Industrial Drill] (Sqd5),Tunnel Rat I Mining Exoskeleton,[Industrial Drill] (Sqd5),21,Infantry,0.4,27,3055
9183,Tunnel Rat I Mining Exoskeleton [Industrial Drill] (Sqd6),Tunnel Rat I Mining Exoskeleton,[Industrial Drill] (Sqd6),21,Infantry,0.4,35,3055
5304,Tunnel Rat II Mining Exoskeleton [Armored Glove] (Sqd4),Tunnel Rat II Mining Exoskeleton,[Armored Glove] (Sqd4),21,Infantry,0.4,20,3058
8699,Tunnel Rat II Mining Exoskeleton [Armored Glove] (Sqd5),Tunnel Rat II Mining Exoskeleton,[Armored Glove] (Sqd5),21,Infantry,0.4,27,3058
9063,Tunnel Rat II Mining Exoskeleton [Armored Glove] (Sqd6),Tunnel Rat II Mining Exoskeleton,[Armored Glove] (Sqd6),21,Infantry,0.4,35,3058
7219,Tunnel Rat II Mining Exoskeleton [Industrial Drill] (Sqd4),Tunnel Rat II Mining Exoskeleton,[Industrial Drill] (Sqd4),21,Infantry,0.4,20,3058
8821,Tunnel Rat II Mining Exoskeleton [Industrial Drill] (Sqd5),Tunnel Rat II Mining Exoskeleton,[Industrial Drill] (Sqd5),21,Infantry,0.4,27,3058
9184,Tunnel Rat II Mining Exoskeleton [Industrial Drill] (Sqd6),Tunnel Rat II Mining Exoskeleton,[Industrial Drill] (Sqd6),21,Infantry,0.4,35,3058
5305,Tunnel Rat III Mining Exoskeleton [Armored Glove] (Sqd4),Tunnel Rat III Mining Exoskeleton,[Armored Glove] (Sqd4),21,Infantry,0.4,37,3062
8700,Tunnel Rat III Mining Exoskeleton [Armored Glove] (Sqd5),Tunnel Rat III Mining Exoskeleton,[Armored Glove] (Sqd5),21,Infantry,0.4,50,3062
9064,Tunnel Rat III Mining Exoskeleton [Armored Glove] (Sqd6),Tunnel Rat III Mining Exoskeleton,[Armored Glove] (Sqd6),21,Infantry,0.4,65,3062
7213,Tunnel Rat III Mining Exoskeleton [Industrial Drill] (Sqd4),Tunnel Rat III Mining Exoskeleton,[Industrial Drill] (Sqd4),21,Infantry,0.4,37,3062
8815,Tunnel Rat III Mining Exoskeleton [Industrial Drill] (Sqd5),Tunnel Rat III Mining Exoskeleton,[Industrial Drill] (Sqd5),21,Infantry,0.4,50,3062
9178,Tunnel Rat III Mining Exoskeleton [Industrial Drill] (Sqd6),Tunnel Rat III Mining Exoskeleton,[Industrial Drill] (Sqd6),21,Infantry,0.4,65,3062
7214,Tunnel Rat IV Mining Exoskeleton [Armored Glove/GL] (Sqd4),Tunnel Rat IV Mining Exoskeleton,[Armored Glove/GL] (Sqd4),21,Infantry,0.4,41,3079
8816,Tunnel Rat IV Mining Exoskeleton [Armored Glove/GL] (Sqd5),Tunnel Rat IV Mining Exoskeleton,[Armored Glove/GL] (Sqd5),21,Infantry,0.4,55,3079
9179,Tunnel Rat IV Mining Exoskeleton [Armored Glove/GL] (Sqd6),Tunnel Rat IV Mining Exoskeleton,[Armored Glove/GL] (Sqd6),21,Infantry,0.4,71,3079
7215,Tunnel Rat IV Mining Exoskeleton [Armored Glove/LMG] (Sqd4),Tunnel Rat IV Mining Exoskeleton,[Armored Glove/LMG] (Sqd4),21,Infantry,0.4,54,3079
8817,Tunnel Rat IV Mining Exoskeleton [Armored Glove/LMG] (Sqd5),Tunnel Rat IV Mining Exoskeleton,[Armored Glove/LMG] (Sqd5),21,Infantry,0.4,73,3079
9180,Tunnel Rat IV Mining Exoskeleton [Armored Glove/LMG] (Sqd6),Tunnel Rat IV Mining Exoskeleton,[Armored Glove/LMG] (Sqd6),21,Infantry,0.4,94,3079
7216,Tunnel Rat IV Mining Exoskeleton [Battle Claw/GL] (Sqd4),Tunnel Rat IV Mining Exoskeleton,[Battle Claw/GL] (Sqd4),21,Infantry,0.4,44,3079
8818,Tunnel Rat IV Mining Exoskeleton [Battle Claw/GL] (Sqd5),Tunnel Rat IV Mining Exoskeleton,[Battle Claw/GL] (Sqd5),21,Infantry,0.4,60,3079
9181,Tunnel Rat IV Mining Exoskeleton [Battle Claw/GL] (Sqd6),Tunnel Rat IV Mining Exoskeleton,[Battle Claw/GL] (Sqd6),21,Infantry,0.4,77,3079
7217,Tunnel Rat IV Mining Exoskeleton [Battle Claw/LMG] (Sqd4),Tunnel Rat IV Mining Exoskeleton,[Battle Claw/LMG] (Sqd4),21,Infantry,0.4,71,3079
8819,Tunnel Rat IV Mining Exoskeleton [Battle Claw/LMG] (Sqd5),Tunnel Rat IV Mining Exoskeleton,[Battle Claw/LMG] (Sqd5),21,Infantry,0.4,96,3079
9182,Tunnel Rat IV Mining Exoskeleton [Battle Claw/LMG] (Sqd6),Tunnel Rat IV Mining Exoskeleton,[Battle Claw/LMG] (Sqd6),21,Infantry,0.4,123,3079
3320,Turhan Urban Combat Vehicle  ,Turhan Urban Combat Vehicle, ,19,Combat Vehicle,50,673,2583
3319,Turhan Urban Combat Vehicle (C3),Turhan Urban Combat Vehicle,(C3),19,Combat Vehicle,50,709,3072
5306,Turhan Urban Combat Vehicle (Original),Turhan Urban Combat Vehicle,(Original),19,Combat Vehicle,50,640,2530
3321,Turk A,Turk,A,17,Aerospace,50,1956,3012
3322,Turk B,Turk,B,17,Aerospace,50,1774,3012
3323,Turk C,Turk,C,17,Aerospace,50,2226,3012
3324,Turk D,Turk,D,17,Aerospace,50,2295,3062
5308,Turk E,Turk,E,17,Aerospace,50,1845,3075
3325,Turk Prime,Turk,Prime,17,Aerospace,50,2668,3012
3326,Turkina A,Turkina,A,18,BattleMech,95,2906,3052
3327,Turkina B,Turkina,B,18,BattleMech,95,3420,3052
3328,Turkina C,Turkina,C,18,BattleMech,95,2798,3052
3329,Turkina D,Turkina,D,18,BattleMech,95,3132,3061
3330,Turkina E,Turkina,E,18,BattleMech,95,3147,3070
3331,Turkina H,Turkina,H,18,BattleMech,95,2712,3062
8213,Turkina M,Turkina,M,18,BattleMech,95,2495,3058
3332,Turkina Prime,Turkina,Prime,18,BattleMech,95,2944,3052
8212,Turkina T,Turkina,T,18,BattleMech,95,3080,3142
3333,Turkina U,Turkina,U,18,BattleMech,95,2478,3077
3334,Turkina X,Turkina,X,18,BattleMech,95,3056,3077
5832,Turkina Z,Turkina,Z,18,BattleMech,95,3935,3072
5310,Typhoon TFN-2A,Typhoon,TFN-2A,17,Aerospace,90,1548,2461
5311,Typhoon TFN-3A,Typhoon,TFN-3A,17,Aerospace,90,1367,2469
5312,Typhoon TFN-3M,Typhoon,TFN-3M,17,Aerospace,90,1593,2473
5313,Typhoon TFN-5H,Typhoon,TFN-5H,17,Aerospace,90,1971,3074
3337,Typhoon Urban Assault Vehicle  ,Typhoon Urban Assault Vehicle, ,19,Combat Vehicle,70,1104,3057
3335,Typhoon Urban Assault Vehicle (LB-X),Typhoon Urban Assault Vehicle,(LB-X),19,Combat Vehicle,70,1064,3065
3336,Typhoon Urban Assault Vehicle (RAC),Typhoon Urban Assault Vehicle,(RAC),19,Combat Vehicle,70,1434,3064
3338,Typhoon Urban Assault Vehicle (Tracked),Typhoon Urban Assault Vehicle,(Tracked),19,Combat Vehicle,70,1166,3057
5314,Tyr Infantry Support Tank  ,Tyr Infantry Support Tank, ,19,Combat Vehicle,45,1260,3063
5730,Tyr Infantry Support Tank (Kurita),Tyr Infantry Support Tank,(Kurita),19,Combat Vehicle,45,687,3070
5316,Tyre  ,Tyre, ,17,Aerospace,55,1852,2907
3339,Tyre (Michiko),Tyre,(Michiko),17,Aerospace,55,1834,3064
5317,Tyre 2,Tyre,2,17,Aerospace,55,1837,2912
5315,Tyre 3,Tyre,3,17,Aerospace,55,1499,3086
7412,UTR-588 Recovery Vehicle,UTR-588,Recovery Vehicle,24,Support Vehicle,90,407,2439
5547,Uller (Kit Fox) (Rood),Uller (Kit Fox),(Rood),18,BattleMech,30,0,3071
3340,Uller (Kit Fox) A,Uller (Kit Fox),A,18,BattleMech,30,1310,2890
3341,Uller (Kit Fox) B,Uller (Kit Fox),B,18,BattleMech,30,1087,2890
7632,Uller (Kit Fox) BLO,Uller (Kit Fox),BLO,18,BattleMech,30,988,3138
3342,Uller (Kit Fox) C,Uller (Kit Fox),C,18,BattleMech,30,1147,3050
3343,Uller (Kit Fox) D,Uller (Kit Fox),D,18,BattleMech,30,1142,2890
3344,Uller (Kit Fox) E,Uller (Kit Fox),E,18,BattleMech,30,1415,3059
3345,Uller (Kit Fox) F,Uller (Kit Fox),F,18,BattleMech,30,1219,3069
5486,Uller (Kit Fox) G,Uller (Kit Fox),G,18,BattleMech,30,1368,3054
3346,Uller (Kit Fox) H,Uller (Kit Fox),H,18,BattleMech,30,1214,3059
6932,Uller (Kit Fox) I,Uller (Kit Fox),I,18,BattleMech,30,1936,3101
7744,Uller (Kit Fox) J,Uller (Kit Fox),J,18,BattleMech,30,1178,3060
7745,Uller (Kit Fox) K,Uller (Kit Fox),K,18,BattleMech,30,1109,3088
3347,Uller (Kit Fox) Prime,Uller (Kit Fox),Prime,18,BattleMech,30,1085,2890
6931,Uller (Kit Fox) R,Uller (Kit Fox),R,18,BattleMech,30,1232,3121
3348,Uller (Kit Fox) S,Uller (Kit Fox),S,18,BattleMech,30,1342,3050
7743,Uller (Kit Fox) T,Uller (Kit Fox),T,18,BattleMech,30,1397,3142
3349,Uller (Kit Fox) U,Uller (Kit Fox),U,18,BattleMech,30,1486,3077
7746,Uller (Kit Fox) V,Uller (Kit Fox),V,18,BattleMech,30,974,2921
3350,Uller (Kit Fox) W,Uller (Kit Fox),W,18,BattleMech,30,1431,3051
5319,Uma JumpShip  ,Uma JumpShip, ,81,Advanced Aerospace,0,0,Unknown
5320,Umbra RF-1,Umbra,RF-1,17,Aerospace,30,1319,3082
8383,"Undine Battle Armor ""Sebastian"" (Sqd4)",Undine Battle Armor,"""Sebastian"" (Sqd4)",21,Infantry,1.5,229,3145
3351,Undine Battle Armor (Sqd4),Undine Battle Armor,(Sqd4),21,Infantry,1,203,3059
8596,Undine Battle Armor (Sqd5),Undine Battle Armor,(Sqd5),21,Infantry,1,273,3059
8960,Undine Battle Armor (Sqd6),Undine Battle Armor,(Sqd6),21,Infantry,1,352,3059
3352,Undine Battle Armor (Upgrade) (Sqd4),Undine Battle Armor,(Upgrade) (Sqd4),21,Infantry,1,336,3069
8597,Undine Battle Armor (Upgrade) (Sqd5),Undine Battle Armor,(Upgrade) (Sqd5),21,Infantry,1,452,3069
8961,Undine Battle Armor (Upgrade) (Sqd6),Undine Battle Armor,(Upgrade) (Sqd6),21,Infantry,1,581,3069
5321,Uni ATAE-70 CargoMech,Uni,ATAE-70 CargoMech,20,IndustrialMech,70,533,3050
8101,Uni ATAE-70A ArtilleryMech,Uni,ATAE-70A ArtilleryMech,20,IndustrialMech,70,865,3133
6977,Uni ATAE-70M MiltiaMech,Uni,ATAE-70M MiltiaMech,20,IndustrialMech,70,736,3053
7175,Uni ATAE-70T CargoMech,Uni,ATAE-70T CargoMech,20,IndustrialMech,70,542,3074
5323,Union (2708),Union,(2708),17,Aerospace,3600,3962,2708
5325,Union C,Union,C,17,Aerospace,4700,0,2829
5763,Union-X (3071),Union-X,(3071),17,Aerospace,3700,9300,3071
6677,Uraeus UAE-7R,Uraeus,UAE-7R,18,BattleMech,75,1843,3135
5327,Urban Enforcer IV,Urban Enforcer,IV,24,Support Vehicle,0,0,3027
3361,UrbanMech IIC  ,UrbanMech IIC, ,18,BattleMech,30,798,2849
3362,UrbanMech IIC 2,UrbanMech IIC,2,18,BattleMech,30,855,3070
3353,UrbanMech UM-AIV,UrbanMech,UM-AIV,18,BattleMech,30,603,3072
9498,UrbanMech UM-R27,UrbanMech,UM-R27,18,BattleMech,30,610,3151
5328,UrbanMech UM-R50,UrbanMech,UM-R50,18,BattleMech,30,0,2978
3354,UrbanMech UM-R60,UrbanMech,UM-R60,18,BattleMech,30,504,2675
3355,UrbanMech UM-R60L,UrbanMech,UM-R60L,18,BattleMech,30,470,2925
3356,UrbanMech UM-R63,UrbanMech,UM-R63,18,BattleMech,30,540,3050
3357,UrbanMech UM-R68,UrbanMech,UM-R68,18,BattleMech,30,561,3065
3358,UrbanMech UM-R69,UrbanMech,UM-R69,18,BattleMech,30,589,3063
3359,UrbanMech UM-R70,UrbanMech,UM-R70,18,BattleMech,30,724,3066
3360,UrbanMech UM-R80,UrbanMech,UM-R80,18,BattleMech,30,699,3076
7344,UrbanMech UM-R93,UrbanMech,UM-R93,18,BattleMech,30,894,3130
7453,UrbanMech UM-R96,UrbanMech,UM-R96,18,BattleMech,30,852,3149
6627,Ursa URA-2A,Ursa,URA-2A,18,BattleMech,65,1887,3122
6628,Ursa URA-2C,Ursa,URA-2C,18,BattleMech,65,2570,3125
3363,Ursus  ,Ursus, ,18,BattleMech,50,1778,3059
3364,Ursus 2,Ursus,2,18,BattleMech,50,2054,3074
5329,Ursus 3,Ursus,3,18,BattleMech,50,1284,3079
3365,Ursus II,Ursus II,,18,BattleMech,50,2069,3078
5330,Ursus PR,Ursus,PR,18,BattleMech,50,1194,3074
5331,Uziel UZL-2S,Uziel,UZL-2S,18,BattleMech,50,1352,3063
3366,Uziel UZL-2S (Jacob II),Uziel,UZL-2S (Jacob II),18,BattleMech,50,1271,3071
3367,Uziel UZL-2S (Jacob),Uziel,UZL-2S (Jacob),18,BattleMech,50,1513,3070
5332,Uziel UZL-3S,Uziel,UZL-3S,18,BattleMech,50,1189,3065
5679,Uziel UZL-8S,Uziel,UZL-8S,18,BattleMech,50,1393,3075
5364,V-Twin Outlaw,V-Twin Outlaw,,24,Support Vehicle,0,0,Unknown
3457,VTOL Infantry  ,VTOL Infantry, ,21,Infantry,32,61,3045
6773,Vali Artillery Vehicle  ,Vali Artillery Vehicle, ,19,Combat Vehicle,40,653,2600
6774,Vali Artillery Vehicle (Original),Vali Artillery Vehicle,(Original),19,Combat Vehicle,40,0,2595
3368,Valiant V4-LNT-J3,Valiant,V4-LNT-J3,18,BattleMech,30,926,3074
3369,Valiant V4-LNT-K7,Valiant,V4-LNT-K7,18,BattleMech,30,894,3068
3370,"Valiant VAL-NT-JX ""Hot Knife""",Valiant,"VAL-NT-JX ""Hot Knife""",18,BattleMech,30,989,3076
3371,Valiant VLN-3T,Valiant,VLN-3T,18,BattleMech,30,852,3074
7293,Valiant VLT-3E,Valiant,VLT-3E,18,BattleMech,30,1019,3098
7701,Valkyrie C,Valkyrie,C,18,BattleMech,30,936,3139
3372,Valkyrie VLK-QA,Valkyrie,VLK-QA,18,BattleMech,30,723,2787
3373,Valkyrie VLK-QD,Valkyrie,VLK-QD,18,BattleMech,30,807,3049
3374,Valkyrie VLK-QD1,Valkyrie,VLK-QD1,18,BattleMech,30,878,3067
3375,Valkyrie VLK-QD2,Valkyrie,VLK-QD2,18,BattleMech,30,638,3072
3376,Valkyrie VLK-QD3,Valkyrie,VLK-QD3,18,BattleMech,30,882,3067
3377,Valkyrie VLK-QD4,Valkyrie,VLK-QD4,18,BattleMech,30,657,3085
8104,Valkyrie VLK-QD5,Valkyrie,VLK-QD5,18,BattleMech,30,690,3101
7703,Valkyrie VLK-QD6,Valkyrie,VLK-QD6,18,BattleMech,30,827,3088
6930,Valkyrie VLK-QD8,Valkyrie,VLK-QD8,18,BattleMech,30,787,3102
7702,Valkyrie VLK-QDD,Valkyrie,VLK-QDD,18,BattleMech,30,834,3106
3378,Valkyrie VLK-QF,Valkyrie,VLK-QF,18,BattleMech,30,653,2967
3379,Valkyrie VLK-QS5,Valkyrie,VLK-QS5,18,BattleMech,30,774,3070
3380,Valkyrie VLK-QT2,Valkyrie,VLK-QT2,18,BattleMech,30,863,3081
3381,Valkyrie VLK-QW5,Valkyrie,VLK-QW5,18,BattleMech,30,701,3072
5333,Vampire  ,Vampire, ,17,Aerospace,400,2113,2715
5334,Vampyr SC-V-1 SalvageMech,Vampyr,SC-V-1 SalvageMech,20,IndustrialMech,80,540,3066
3382,Vandal A,Vandal,A,17,Aerospace,30,837,2941
3383,Vandal B,Vandal,B,17,Aerospace,30,878,2941
3384,Vandal C,Vandal,C,17,Aerospace,30,1312,2941
3385,Vandal D,Vandal,D,17,Aerospace,30,1010,3063
5336,Vandal E,Vandal,E,17,Aerospace,30,418,3064
6461,Vandal LI-O,Vandal,LI-O,18,BattleMech,65,1881,3142
6462,Vandal LI-OA,Vandal,LI-OA,18,BattleMech,65,1865,3142
6463,Vandal LI-OB,Vandal,LI-OB,18,BattleMech,65,1666,3142
3386,Vandal Prime,Vandal,Prime,17,Aerospace,30,525,2941
5337,Vanir Assault DropShip  ,Vanir Assault DropShip, ,17,Aerospace,18000,0,3077
5338,Vanquisher VQR-2A,Vanquisher,VQR-2A,18,BattleMech,100,2234,3063
5339,Vanquisher VQR-2B,Vanquisher,VQR-2B,18,BattleMech,100,2073,3067
5340,Vanquisher VQR-5V,Vanquisher,VQR-5V,18,BattleMech,100,2332,3069
5721,Vanquisher VQR-7U,Vanquisher,VQR-7U,18,BattleMech,100,2144,3071
5722,Vanquisher VQR-7V,Vanquisher,VQR-7V,18,BattleMech,100,2420,3071
7342,Vanquisher VQR-7V (Pravuil),Vanquisher,VQR-7V (Pravuil),18,BattleMech,100,2073,3072
7615,Vargr APC Tank  ,Vargr APC Tank, ,19,Combat Vehicle,65,758,2944
7616,Vargr APC Tank (LRM),Vargr APC Tank,(LRM),19,Combat Vehicle,65,827,2945
6768,Vector Combat Support VTOL  ,Vector Combat Support VTOL, ,19,Combat Vehicle,22,512,2732
6771,Vector Combat Support VTOL (Attack),Vector Combat Support VTOL,(Attack),19,Combat Vehicle,22,0,2732
6770,Vector Combat Support VTOL (EW),Vector Combat Support VTOL,(EW),19,Combat Vehicle,22,0,2732
6769,Vector Combat Support VTOL (Scout),Vector Combat Support VTOL,(Scout),19,Combat Vehicle,22,0,2732
3395,Vedette Medium Tank  ,Vedette Medium Tank, ,19,Combat Vehicle,50,475,2943
3387,"Vedette Medium Tank ""Doris' Delight""",Vedette Medium Tank,"""Doris' Delight""",19,Combat Vehicle,50,1219,3065
8299,Vedette Medium Tank (AC/10),Vedette Medium Tank,(AC/10),19,Combat Vehicle,50,649,3027
3388,Vedette Medium Tank (AC2),Vedette Medium Tank,(AC2),19,Combat Vehicle,50,458,2962
9481,Vedette Medium Tank (Armor),Vedette Medium Tank,(Armor),19,Combat Vehicle,50,944,3111
3389,Vedette Medium Tank (Cell),Vedette Medium Tank,(Cell),19,Combat Vehicle,50,731,3075
3390,Vedette Medium Tank (LB-X),Vedette Medium Tank,(LB-X),19,Combat Vehicle,50,552,3069
3391,Vedette Medium Tank (Liao),Vedette Medium Tank,(Liao),19,Combat Vehicle,50,495,2968
3392,Vedette Medium Tank (Light Gauss),Vedette Medium Tank,(Light Gauss),19,Combat Vehicle,50,478,3068
3393,Vedette Medium Tank (NETC),Vedette Medium Tank,(NETC),19,Combat Vehicle,50,545,3056
3394,Vedette Medium Tank (RAC),Vedette Medium Tank,(RAC),19,Combat Vehicle,50,712,3067
3396,Vedette Medium Tank (Ultra),Vedette Medium Tank,(Ultra),19,Combat Vehicle,50,590,3054
3397,Vedette Medium Tank V-G7X,Vedette Medium Tank,V-G7X,19,Combat Vehicle,50,1223,3074
5341,Vedette Medium Tank V7,Vedette Medium Tank,V7,19,Combat Vehicle,50,599,3084
6788,Vedette Medium Tank V9,Vedette Medium Tank,V9,19,Combat Vehicle,50,1146,3105
5625,Vendetta Medium Fighter  ,Vendetta Medium Fighter, ,24,Support Vehicle,60,0,2328
5342,Vengeance (2682),Vengeance,(2682),17,Aerospace,11400,0,2682
5343,Vengeance (3056),Vengeance,(3056),17,Aerospace,11000,0,3056
5578,Vengeance Danai Centrella,Vengeance,Danai Centrella,17,Aerospace,11400,19450,Unknown
3398,Venom SDR-9K,Venom,SDR-9K,18,BattleMech,35,798,3050
3399,Venom SDR-9KA,Venom,SDR-9KA,18,BattleMech,35,865,3056
3400,Venom SDR-9KB,Venom,SDR-9KB,18,BattleMech,35,769,3057
3401,Venom SDR-9KC,Venom,SDR-9KC,18,BattleMech,35,939,3066
8007,Venom SDR-9KE,Venom,SDR-9KE,18,BattleMech,35,803,3108
5345,Venturer Light Cruiser  ,Venturer Light Cruiser, ,81,Advanced Aerospace,0,0,Unknown
5346,Verfolger VR5-R,Verfolger,VR5-R,18,BattleMech,65,1639,3063
5688,Verfolger VR6-C,Verfolger,VR6-C,18,BattleMech,65,1584,3068
5689,Verfolger VR6-T,Verfolger,VR6-T,18,BattleMech,65,1811,3082
5347,Verne Cargo Sub  ,Verne Cargo Sub, ,79,Advanced Support,10000,0,2308
3403,Victor C,Victor,C,18,BattleMech,80,1925,2835
3404,Victor VTR-10D,Victor,VTR-10D,18,BattleMech,80,1894,3064
3405,Victor VTR-10L,Victor,VTR-10L,18,BattleMech,80,2279,3066
5458,Victor VTR-10S,Victor,VTR-10S,18,BattleMech,80,2034,3062
3406,Victor VTR-11D,Victor,VTR-11D,18,BattleMech,80,2021,3065
8259,Victor VTR-12D,Victor,VTR-12D,18,BattleMech,80,1935,3132
3407,Victor VTR-9A,Victor,VTR-9A,18,BattleMech,80,1236,2508
3408,Victor VTR-9A1,Victor,VTR-9A1,18,BattleMech,80,1302,2508
3409,Victor VTR-9B,Victor,VTR-9B,18,BattleMech,80,1378,2510
6969,Victor VTR-9B (Kataga),Victor,VTR-9B (Kataga),18,BattleMech,80,1991,2766
3402,Victor VTR-9B (Li),Victor,VTR-9B (Li),18,BattleMech,80,1625,3028
5864,Victor VTR-9B (Shoji),Victor,VTR-9B (Shoji),18,BattleMech,80,1531,2725
3410,Victor VTR-9D,Victor,VTR-9D,18,BattleMech,80,1717,3049
3411,Victor VTR-9K,Victor,VTR-9K,18,BattleMech,80,1717,3049
3412,Victor VTR-9K2 (St. James),Victor,VTR-9K2 (St. James),18,BattleMech,80,2006,3069
3413,Victor VTR-9Ka,Victor,VTR-9Ka,18,BattleMech,80,1594,3076
3414,Victor VTR-9S,Victor,VTR-9S,18,BattleMech,80,1360,2998
3415,Victor VTR-C,Victor,VTR-C,18,BattleMech,80,1717,3054
3416,Victor VTR-Cr,Victor,VTR-Cr,18,BattleMech,80,1465,3069
5348,Vidar Heavy Defense Tank  ,Vidar Heavy Defense Tank, ,19,Combat Vehicle,75,1396,3085
5349,Vidar Heavy Defense Tank (ER Laser),Vidar Heavy Defense Tank,(ER Laser),19,Combat Vehicle,75,0,3090
5350,Vigilant Corvette  ,Vigilant Corvette, ,81,Advanced Aerospace,140000,0,2320
6634,Viking IIC,Viking IIC,,18,BattleMech,90,2780,3095
3417,Viking VKG-2F,Viking,VKG-2F,18,BattleMech,90,2079,3059
3418,Viking VKG-2G,Viking,VKG-2G,18,BattleMech,90,2152,3060
3419,Viking VKG-3A,Viking,VKG-3A,18,BattleMech,90,1876,3074
3420,Viking VKG-3W,Viking,VKG-3W,18,BattleMech,90,1778,3072
5351,Vincent Corvette Mk 39,Vincent Corvette,Mk 39,81,Advanced Aerospace,420000,14691,2432
5352,Vincent Corvette Mk 42,Vincent Corvette,Mk 42,81,Advanced Aerospace,420000,0,2997
3421,"Vindicator VND-1AA ""Avenging Angel""",Vindicator,"VND-1AA ""Avenging Angel""",18,BattleMech,45,966,2863
3422,Vindicator VND-1R,Vindicator,VND-1R,18,BattleMech,45,1024,2826
3423,Vindicator VND-1R (Vong),Vindicator,VND-1R (Vong),18,BattleMech,45,1024,3020
3424,Vindicator VND-1SIC,Vindicator,VND-1SIC,18,BattleMech,45,1020,3031
3425,Vindicator VND-1X,Vindicator,VND-1X,18,BattleMech,45,1008,2826
3426,Vindicator VND-3L,Vindicator,VND-3L,18,BattleMech,45,1105,3051
3427,Vindicator VND-3LD (Dao),Vindicator,VND-3LD (Dao),18,BattleMech,45,1639,3078
3428,Vindicator VND-3Lr,Vindicator,VND-3Lr,18,BattleMech,45,1045,3077
3429,Vindicator VND-4L,Vindicator,VND-4L,18,BattleMech,45,1411,3063
3430,Vindicator VND-5L,Vindicator,VND-5L,18,BattleMech,45,1484,3060
3431,Vindicator VND-6L,Vindicator,VND-6L,18,BattleMech,45,1739,3068
9266,Vindicator VND-7L,Vindicator,VND-7L,18,BattleMech,45,1566,3147
6503,Violator VT-U1,Violator,VT-U1,18,BattleMech,45,928,3097
6504,Violator VT-U3,Violator,VT-U3,18,BattleMech,45,973,3098
3432,Viper (Black Python)  ,Viper (Black Python), ,18,BattleMech,75,2813,3051
3433,Viper (Black Python) 2,Viper (Black Python),2,18,BattleMech,75,2520,3052
3434,Viper (Black Python) 3,Viper (Black Python),3,18,BattleMech,75,2421,3066
3435,Viper (Black Python) 4,Viper (Black Python),4,18,BattleMech,75,2594,3067
7792,Viper (Black Python) 5,Viper (Black Python),5,18,BattleMech,75,2925,3055
9466,Viper VP-1,Viper,VP-1,18,BattleMech,70,1609,2832
9488,Viper VP-5,Viper,VP-5,18,BattleMech,70,1539,2958
9489,Viper VP-7,Viper,VP-7,18,BattleMech,70,1864,3124
9490,Viper VP-8,Viper,VP-8,18,BattleMech,70,2679,3130
9491,Viper VP-9,Viper,VP-9,18,BattleMech,70,2244,3147
3436,Visigoth A,Visigoth,A,17,Aerospace,60,2987,2948
3437,Visigoth B,Visigoth,B,17,Aerospace,60,2534,2948
3438,Visigoth C,Visigoth,C,17,Aerospace,60,2533,2948
3439,Visigoth D,Visigoth,D,17,Aerospace,60,1810,3066
5354,Visigoth E,Visigoth,E,17,Aerospace,60,3192,3072
3440,Visigoth Prime,Visigoth,Prime,17,Aerospace,60,2139,2948
7638,Vision Quest  ,Vision Quest, ,18,BattleMech,60,2458,2832
7639,Vision Quest 2,Vision Quest,2,18,BattleMech,60,2556,2868
5355,Vision Quest VQ-1NC,Vision Quest,VQ-1NC,18,BattleMech,60,2180,2828
3441,Vixen (Incubus)  ,Vixen (Incubus), ,18,BattleMech,30,1596,2954
3442,Vixen (Incubus) 2,Vixen (Incubus),2,18,BattleMech,30,1913,2960
3443,Vixen (Incubus) 3,Vixen (Incubus),3,18,BattleMech,30,1324,3025
3444,Vixen (Incubus) 4,Vixen (Incubus),4,18,BattleMech,30,1581,3065
3445,Vixen (Incubus) 5,Vixen (Incubus),5,18,BattleMech,30,1364,3065
8008,Vixen (Incubus) 6,Vixen (Incubus),6,18,BattleMech,30,1599,3113
7541,Vixen (Incubus) 7,Vixen (Incubus),7,18,BattleMech,30,1175,2961
7543,Vixen (Incubus) 8,Vixen (Incubus),8,18,BattleMech,30,1557,2962
7544,Vixen (Incubus) 9,Vixen (Incubus),9,18,BattleMech,30,1849,3150
5357,Void Medium Battle Armor (DCA) (Sqd4),Void Medium Battle Armor,(DCA) (Sqd4),21,Infantry,1,195,3068
8702,Void Medium Battle Armor (DCA) (Sqd5),Void Medium Battle Armor,(DCA) (Sqd5),21,Infantry,1,262,3068
9066,Void Medium Battle Armor (DCA) (Sqd6),Void Medium Battle Armor,(DCA) (Sqd6),21,Infantry,1,337,3068
5356,Void Medium Battle Armor (Minelayer) (Sqd4),Void Medium Battle Armor,(Minelayer) (Sqd4),21,Infantry,1,312,3079
8701,Void Medium Battle Armor (Minelayer) (Sqd5),Void Medium Battle Armor,(Minelayer) (Sqd5),21,Infantry,1,423,3079
9065,Void Medium Battle Armor (Minelayer) (Sqd6),Void Medium Battle Armor,(Minelayer) (Sqd6),21,Infantry,1,544,3079
5358,Void Medium Battle Armor (Nova Cat) (Sqd4),Void Medium Battle Armor,(Nova Cat) (Sqd4),21,Infantry,1,254,3068
8703,Void Medium Battle Armor (Nova Cat) (Sqd5),Void Medium Battle Armor,(Nova Cat) (Sqd5),21,Infantry,1,342,3068
9067,Void Medium Battle Armor (Nova Cat) (Sqd6),Void Medium Battle Armor,(Nova Cat) (Sqd6),21,Infantry,1,440,3068
5359,Void Medium Battle Armor (Sqd4),Void Medium Battle Armor,(Sqd4),21,Infantry,1,176,3067
8704,Void Medium Battle Armor (Sqd5),Void Medium Battle Armor,(Sqd5),21,Infantry,1,237,3067
9068,Void Medium Battle Armor (Sqd6),Void Medium Battle Armor,(Sqd6),21,Infantry,1,305,3067
3446,Void Medium Battle Armor Caltrop (Sqd4),Void Medium Battle Armor,Caltrop (Sqd4),21,Infantry,1,425,3078
8598,Void Medium Battle Armor Caltrop (Sqd5),Void Medium Battle Armor,Caltrop (Sqd5),21,Infantry,1,573,3078
8962,Void Medium Battle Armor Caltrop (Sqd6),Void Medium Battle Armor,Caltrop (Sqd6),21,Infantry,1,735,3078
5360,VoidSeeker Mk 39,VoidSeeker,Mk 39,17,Aerospace,0,0,2767
7144,Voidseeker Mk 39-004 Interceptor,Voidseeker,Mk 39-004 Interceptor,17,Aerospace,60,1421,2763
7145,Voidseeker Mk 39-007 Striker,Voidseeker,Mk 39-007 Striker,17,Aerospace,75,1814,2763
8120,Voidseeker Mk 39-009,Voidseeker,Mk 39-009,17,Aerospace,30,0,Unknown
8121,Voidseeker Mk. 39-005,Voidseeker,Mk. 39-005,17,Aerospace,100,0,Unknown
5361,Volga Transport (2709),Volga Transport,(2709),81,Advanced Aerospace,780000,0,2709
5362,Volga Transport (Clan),Volga Transport,(Clan),81,Advanced Aerospace,780000,0,2836
3447,Volkh VKH-1,Volkh,VKH-1,18,BattleMech,45,1635,3063
8107,Volkh VKH-68,Volkh,VKH-68,18,BattleMech,45,1679,3133
3448,Volkh VKH-7,Volkh,VKH-7,18,BattleMech,45,1578,3066
3449,Von Luckner Heavy Tank (Royal),Von Luckner Heavy Tank,(Royal),19,Combat Vehicle,75,1261,2761
3450,Von Luckner Heavy Tank (Star League),Von Luckner Heavy Tank,(Star League),19,Combat Vehicle,75,1216,2683
3451,Von Luckner Heavy Tank VNL-K100,Von Luckner Heavy Tank,VNL-K100,19,Combat Vehicle,75,1001,3002
3452,Von Luckner Heavy Tank VNL-K65N,Von Luckner Heavy Tank,VNL-K65N,19,Combat Vehicle,75,1100,2612
9482,Von Luckner Heavy Tank VNL-K65W,Von Luckner Heavy Tank,VNL-K65W,19,Combat Vehicle,75,1319,3063
3453,Von Luckner Heavy Tank VNL-K70,Von Luckner Heavy Tank,VNL-K70,19,Combat Vehicle,75,1060,3008
3454,Von Luckner Heavy Tank VNL-K75N,Von Luckner Heavy Tank,VNL-K75N,19,Combat Vehicle,75,1350,3062
9483,Von Luckner Heavy Tank VNL-K85N,Von Luckner Heavy Tank,VNL-K85N,19,Combat Vehicle,75,1584,3135
9484,Von Luckner Heavy Tank VNL-K90,Von Luckner Heavy Tank,VNL-K90,19,Combat Vehicle,75,1688,3145
5788,Von Luckner Heavy Tank VNL-X71 (Yakuza),Von Luckner Heavy Tank,VNL-X71 (Yakuza),19,Combat Vehicle,75,1847,3076
3455,Von Rohrs (Hebi) VON 4RH-5,Von Rohrs (Hebi),VON 4RH-5,18,BattleMech,65,1170,2487
3456,Von Rohrs (Hebi) VON 4RH-6,Von Rohrs (Hebi),VON 4RH-6,18,BattleMech,65,1146,Unknown
5363,Voss,Voss,,17,Aerospace,0,0,Unknown
7341,Vulcan (John Carras),Vulcan,(John Carras),18,BattleMech,40,0,3063
3458,Vulcan VL-2T,Vulcan,VL-2T,18,BattleMech,40,642,2777
7797,Vulcan VL-2T (Timms),Vulcan,VL-2T (Timms),18,BattleMech,40,603,3034
8370,"Vulcan VL-5ML ""Aladdin""",Vulcan,"VL-5ML ""Aladdin""",18,BattleMech,40,947,3143
3459,Vulcan VL-5T,Vulcan,VL-5T,18,BattleMech,40,942,2778
3460,Vulcan VLC-3N,Vulcan,VLC-3N,17,Aerospace,80,1067,2525
5365,Vulcan VLC-5N,Vulcan,VLC-5N,17,Aerospace,80,1327,2650
5366,Vulcan VLC-6N,Vulcan,VLC-6N,17,Aerospace,80,2096,2767
5367,Vulcan VLC-8N,Vulcan,VLC-8N,17,Aerospace,80,1766,3074
3461,Vulcan VT-5M,Vulcan,VT-5M,18,BattleMech,40,811,3050
3462,Vulcan VT-5S,Vulcan,VT-5S,18,BattleMech,40,883,3050
3463,Vulcan VT-5Sr,Vulcan,VT-5Sr,18,BattleMech,40,1210,3075
3464,Vulcan VT-6C,Vulcan,VT-6C,18,BattleMech,40,959,3070
3465,Vulcan VT-6M,Vulcan,VT-6M,18,BattleMech,40,959,3069
9427,Vulcan VT-7T,Vulcan,VT-7T,18,BattleMech,40,1499,3091
6346,Vulpes VLP-1D,Vulpes,VLP-1D,18,BattleMech,60,2225,3133
8382,"Vulpes VLP-1DX ""Beast""",Vulpes,"VLP-1DX ""Beast""",18,BattleMech,60,1223,3144
5369,Vulture (2312),Vulture,(2312),17,Aerospace,3500,1497,2312
7340,Vulture (2405),Vulture,(2405),17,Aerospace,3500,2482,2405
5368,Vulture (Cargo),Vulture,(Cargo),17,Aerospace,3500,2482,2420
3466,Vulture (Mad Dog) A,Vulture (Mad Dog),A,18,BattleMech,60,1923,2963
3467,Vulture (Mad Dog) B,Vulture (Mad Dog),B,18,BattleMech,60,2284,2963
3468,Vulture (Mad Dog) C,Vulture (Mad Dog),C,18,BattleMech,60,1892,2963
3469,Vulture (Mad Dog) D,Vulture (Mad Dog),D,18,BattleMech,60,2447,3059
7727,Vulture (Mad Dog) DD,Vulture (Mad Dog),DD,18,BattleMech,60,1970,3050
3470,Vulture (Mad Dog) E,Vulture (Mad Dog),E,18,BattleMech,60,2031,3069
3471,Vulture (Mad Dog) F,Vulture (Mad Dog),F,18,BattleMech,60,2300,3069
6891,Vulture (Mad Dog) G,Vulture (Mad Dog),G,18,BattleMech,60,2503,3093
3472,Vulture (Mad Dog) H,Vulture (Mad Dog),H,18,BattleMech,60,2097,3059
7728,Vulture (Mad Dog) I,Vulture (Mad Dog),I,18,BattleMech,60,2042,3144
3473,Vulture (Mad Dog) Prime,Vulture (Mad Dog),Prime,18,BattleMech,60,2351,2963
7593,Vulture (Mad Dog) S,Vulture (Mad Dog),S,18,BattleMech,60,2676,3052
7726,Vulture (Mad Dog) T,Vulture (Mad Dog),T,18,BattleMech,60,2555,3142
3474,Vulture (Mad Dog) U,Vulture (Mad Dog),U,18,BattleMech,60,2488,3077
7729,Vulture (Mad Dog) V,Vulture (Mad Dog),V,18,BattleMech,60,2182,3098
6272,Vulture Mk III (Mad Dog Mk III) A,Vulture Mk III (Mad Dog Mk III),A,18,BattleMech,60,1880,3109
6273,Vulture Mk III (Mad Dog Mk III) B,Vulture Mk III (Mad Dog Mk III),B,18,BattleMech,60,2572,3109
7633,Vulture Mk III (Mad Dog Mk III) BLO,Vulture Mk III (Mad Dog Mk III),BLO,18,BattleMech,60,2397,3139
6274,Vulture Mk III (Mad Dog Mk III) C,Vulture Mk III (Mad Dog Mk III),C,18,BattleMech,60,2299,3109
6275,Vulture Mk III (Mad Dog Mk III) D,Vulture Mk III (Mad Dog Mk III),D,18,BattleMech,60,2421,3109
6271,Vulture Mk III (Mad Dog Mk III) Prime,Vulture Mk III (Mad Dog Mk III),Prime,18,BattleMech,60,2729,3109
6559,Vulture Mk IV (Mad Dog Mk IV) A,Vulture Mk IV (Mad Dog Mk IV),A,18,BattleMech,60,2177,3137
6560,Vulture Mk IV (Mad Dog Mk IV) B,Vulture Mk IV (Mad Dog Mk IV),B,18,BattleMech,60,2649,3137
6561,Vulture Mk IV (Mad Dog Mk IV) C,Vulture Mk IV (Mad Dog Mk IV),C,18,BattleMech,60,2584,3137
6562,Vulture Mk IV (Mad Dog Mk IV) D,Vulture Mk IV (Mad Dog Mk IV),D,18,BattleMech,60,2346,3137
6558,Vulture Mk IV (Mad Dog Mk IV) Prime,Vulture Mk IV (Mad Dog Mk IV),Prime,18,BattleMech,60,2110,3136
5371,Wagon Wheel Frigate  ,Wagon Wheel Frigate, ,81,Advanced Aerospace,650000,0,2570
7774,Wakamiya Salvage Destroyer  ,Wakamiya Salvage Destroyer, ,79,Advanced Support,50500,48028,2372
3475,Wakazashi  ,Wakazashi, ,18,BattleMech,85,2909,2830
5376,Walrus AAC-60,Walrus,AAC-60,24,Support Vehicle,200,0,3007
5377,Walrus Cargo Hauler  ,Walrus Cargo Hauler, ,17,Aerospace,50,0,2301
5378,Walrus II Cargo Hauler  ,Walrus II Cargo Hauler, ,17,Aerospace,50,0,2374
5379,Waneta S-WN-1LAM,Waneta,S-WN-1LAM,18,BattleMech,55,0,3078
5380,Waneta S-WN-2LAM,Waneta,S-WN-2LAM,18,BattleMech,55,2713,3078
7546,War Crow A,War Crow,A,18,BattleMech,70,3030,3145
7547,War Crow B,War Crow,B,18,BattleMech,70,2787,3145
7548,War Crow C,War Crow,C,18,BattleMech,70,2572,3145
7545,War Crow Prime,War Crow,Prime,18,BattleMech,70,2835,3145
3476,War Dog WR-DG-02FC,War Dog,WR-DG-02FC,18,BattleMech,75,1814,3052
3477,War Dog WR-DG-03FC,War Dog,WR-DG-03FC,18,BattleMech,75,1962,3064
8802,Warg Assault Battle Armor (Reactive) (Sqd5),Warg Assault Battle Armor,(Reactive) (Sqd5),21,Infantry,2,756,3122
3478,Warg Assault Battle Armor (Sqd4),Warg Assault Battle Armor,(Sqd4),21,Infantry,2,486,3086
8599,Warg Assault Battle Armor (Sqd5),Warg Assault Battle Armor,(Sqd5),21,Infantry,2,655,3086
8963,Warg Assault Battle Armor (Sqd6),Warg Assault Battle Armor,(Sqd6),21,Infantry,2,842,3086
3479,Warhammer C,Warhammer,C,18,BattleMech,70,1728,2825
7565,Warhammer C 2,Warhammer,C 2,18,BattleMech,70,2157,3052
7566,Warhammer C 3,Warhammer,C 3,18,BattleMech,70,2772,2862
3500,Warhammer IIC  ,Warhammer IIC, ,18,BattleMech,80,2570,2829
6859,Warhammer IIC 10,Warhammer IIC,10,18,BattleMech,80,2290,3120
6858,Warhammer IIC 11,Warhammer IIC,11,18,BattleMech,80,2021,3124
6857,Warhammer IIC 12,Warhammer IIC,12,18,BattleMech,80,2680,3130
7498,Warhammer IIC 13,Warhammer IIC,13,18,BattleMech,80,2715,3150
3501,Warhammer IIC 2,Warhammer IIC,2,18,BattleMech,80,2482,2920
3502,Warhammer IIC 3,Warhammer IIC,3,18,BattleMech,80,2382,3060
3503,Warhammer IIC 4,Warhammer IIC,4,18,BattleMech,80,2386,3062
3504,Warhammer IIC 5,Warhammer IIC,5,18,BattleMech,80,2185,3070
3505,Warhammer IIC 6,Warhammer IIC,6,18,BattleMech,80,2661,3071
3506,Warhammer IIC 7,Warhammer IIC,7,18,BattleMech,80,2915,3079
3507,Warhammer IIC 8,Warhammer IIC,8,18,BattleMech,80,2380,3079
3508,Warhammer IIC 9,Warhammer IIC,9,18,BattleMech,80,2819,3086
3480,Warhammer WHD-10CT,Warhammer,WHD-10CT,18,BattleMech,70,1758,3085
7564,Warhammer WHM-10K,Warhammer,WHM-10K,18,BattleMech,70,2033,3147
3481,Warhammer WHM-10T,Warhammer,WHM-10T,18,BattleMech,70,1891,3073
3482,Warhammer WHM-11T,Warhammer,WHM-11T,18,BattleMech,70,1698,3084
3483,Warhammer WHM-4L,Warhammer,WHM-4L,18,BattleMech,70,1743,3067
3484,Warhammer WHM-5L,Warhammer,WHM-5L,18,BattleMech,70,1896,3081
3485,Warhammer WHM-6D,Warhammer,WHM-6D,18,BattleMech,70,1471,2835
3486,Warhammer WHM-6K,Warhammer,WHM-6K,18,BattleMech,70,1305,2830
7798,Warhammer WHM-6K (Olesko),Warhammer,WHM-6K (Olesko),18,BattleMech,70,1338,3023
3487,Warhammer WHM-6L,Warhammer,WHM-6L,18,BattleMech,70,1311,2825
5382,Warhammer WHM-6L-DC,Warhammer,WHM-6L-DC,18,BattleMech,70,0,2827
3488,Warhammer WHM-6R,Warhammer,WHM-6R,18,BattleMech,70,1299,2515
5383,Warhammer WHM-6R (Willis),Warhammer,WHM-6R (Willis),18,BattleMech,70,0,3044
5384,Warhammer WHM-6R-DC,Warhammer,WHM-6R-DC,18,BattleMech,70,0,2705
3489,Warhammer WHM-6Rb,Warhammer,WHM-6Rb,18,BattleMech,70,1431,2599
5871,Warhammer WHM-6Rk,Warhammer,WHM-6Rk,18,BattleMech,70,1621,2745
3490,Warhammer WHM-7A,Warhammer,WHM-7A,18,BattleMech,70,1679,2761
7599,Warhammer WHM-7CS,Warhammer,WHM-7CS,18,BattleMech,70,1751,3052
3491,Warhammer WHM-7K,Warhammer,WHM-7K,18,BattleMech,70,1651,3054
3492,Warhammer WHM-7M,Warhammer,WHM-7M,18,BattleMech,70,1487,3047
5385,Warhammer WHM-7M (GioAvanti),Warhammer,WHM-7M (GioAvanti),18,BattleMech,70,0,Unknown
5386,Warhammer WHM-7M-DC,Warhammer,WHM-7M-DC,18,BattleMech,70,1402,3052
3493,Warhammer WHM-7S,Warhammer,WHM-7S,18,BattleMech,70,1477,3050
3494,Warhammer WHM-8D,Warhammer,WHM-8D,18,BattleMech,70,1744,3066
6868,Warhammer WHM-8D2,Warhammer,WHM-8D2,18,BattleMech,70,1654,3087
3495,Warhammer WHM-8K,Warhammer,WHM-8K,18,BattleMech,70,1748,3073
3496,Warhammer WHM-8M,Warhammer,WHM-8M,18,BattleMech,70,1631,3069
7563,Warhammer WHM-8R,Warhammer,WHM-8R,18,BattleMech,70,1697,3090
3497,Warhammer WHM-9D,Warhammer,WHM-9D,18,BattleMech,70,2152,3067
7567,Warhammer WHM-9K,Warhammer,WHM-9K,18,BattleMech,70,1744,3105
3498,Warhammer WHM-9S,Warhammer,WHM-9S,18,BattleMech,70,1653,3067
3499,"Warhammer WHM-X7 ""The Lich""",Warhammer,"WHM-X7 ""The Lich""",18,BattleMech,70,1807,3077
9496,"Warhammer WHM-X7-2 ""The Lich"" ",Warhammer,"WHM-X7-2 ""The Lich"" ",18,BattleMech,70,0,3151
8177,Warlock Prime,Warlock,Prime,18,BattleMech,0,0,Unknown
3509,Warlord BLR-2D,Warlord,BLR-2D,18,BattleMech,80,2041,3070
3510,Warlord BLR-2Dr,Warlord,BLR-2Dr,18,BattleMech,80,2284,3078
3511,Warlord BLR-2G,Warlord,BLR-2G,18,BattleMech,80,2033,3071
5602,Warlord BLR-2XC,Warlord,BLR-2XC,18,BattleMech,75,1844,3075
3512,Warrior Attack Helicopter H-10,Warrior Attack Helicopter,H-10,19,Combat Vehicle,20,180,3070
3513,Warrior Attack Helicopter H-7,Warrior Attack Helicopter,H-7,19,Combat Vehicle,21,295,2957
3514,Warrior Attack Helicopter H-7A,Warrior Attack Helicopter,H-7A,19,Combat Vehicle,21,292,2965
3515,Warrior Attack Helicopter H-7C,Warrior Attack Helicopter,H-7C,19,Combat Vehicle,21,446,2974
9361,Warrior Attack Helicopter H-7F,Warrior Attack Helicopter,H-7F,19,Combat Vehicle,21,303,3143
3516,Warrior Attack Helicopter H-8,Warrior Attack Helicopter,H-8,19,Combat Vehicle,20,419,3054
3517,Warrior Attack Helicopter H-9,Warrior Attack Helicopter,H-9,19,Combat Vehicle,20,484,3068
3518,Warrior Attack Helicopter HX-9,Warrior Attack Helicopter,HX-9,19,Combat Vehicle,20,392,3073
5387,Warrior Stealth Helicopter S-9,Warrior Stealth Helicopter,S-9,19,Combat Vehicle,21,668,3084
6288,Warwolf A,Warwolf,A,18,BattleMech,75,3100,3138
6289,Warwolf B,Warwolf,B,18,BattleMech,75,2518,3138
6290,Warwolf C,Warwolf,C,18,BattleMech,75,2776,3138
6291,Warwolf H,Warwolf,H,18,BattleMech,75,3184,3138
6287,Warwolf Prime,Warwolf,Prime,18,BattleMech,75,2706,3138
7496,Wasp C,Wasp,C,18,BattleMech,20,755,3143
5392,Wasp LAM Mk I WSP-100,Wasp LAM Mk I,WSP-100,18,BattleMech,30,0,2690
5393,Wasp LAM Mk I WSP-100A,Wasp LAM Mk I,WSP-100A,18,BattleMech,30,0,2697
5394,Wasp LAM Mk I WSP-100b,Wasp LAM Mk I,WSP-100b,18,BattleMech,30,0,2703
5389,Wasp LAM WSP-105,Wasp LAM,WSP-105,18,BattleMech,30,0,2701
5390,Wasp LAM WSP-105M,Wasp LAM,WSP-105M,18,BattleMech,30,0,3024
5391,Wasp LAM WSP-110,Wasp LAM,WSP-110,18,BattleMech,30,0,3075
3519,Wasp WSP-1,Wasp,WSP-1,18,BattleMech,20,314,2464
3520,Wasp WSP-1A,Wasp,WSP-1A,18,BattleMech,20,384,2471
3521,Wasp WSP-1D,Wasp,WSP-1D,18,BattleMech,20,403,2823
3522,Wasp WSP-1K,Wasp,WSP-1K,18,BattleMech,20,376,2818
3523,Wasp WSP-1L,Wasp,WSP-1L,18,BattleMech,20,335,2799
3524,Wasp WSP-1S,Wasp,WSP-1S,18,BattleMech,20,423,3049
3525,Wasp WSP-1W,Wasp,WSP-1W,18,BattleMech,20,373,3009
3526,Wasp WSP-3A,Wasp,WSP-3A,18,BattleMech,20,401,3082
6949,Wasp WSP-3K,Wasp,WSP-3K,18,BattleMech,20,477,3110
3527,Wasp WSP-3L,Wasp,WSP-3L,18,BattleMech,20,534,3067
3528,Wasp WSP-3M,Wasp,WSP-3M,18,BattleMech,20,394,3051
6950,Wasp WSP-3P,Wasp,WSP-3P,18,BattleMech,20,537,3086
3529,Wasp WSP-3S,Wasp,WSP-3S,18,BattleMech,20,595,3067
3530,Wasp WSP-3W,Wasp,WSP-3W,18,BattleMech,20,342,3050
8103,Wasp WSP-3X,Wasp,WSP-3X,18,BattleMech,20,521,3088
7497,Wasp WSP-4W,Wasp,WSP-4W,18,BattleMech,20,551,3065
7495,Wasp WSP-5A,Wasp,WSP-5A,18,BattleMech,20,517,3114
3531,Wasp WSP-7MAF,Wasp,WSP-7MAF,18,BattleMech,20,488,3071
3532,Wasp WSP-8T,Wasp,WSP-8T,18,BattleMech,20,439,3075
3533,Watchman WTC-4DM,Watchman,WTC-4DM,18,BattleMech,40,1225,3063
8009,Watchman WTC-4DM2,Watchman,WTC-4DM2,18,BattleMech,40,1063,3145
3534,Watchman WTC-4M,Watchman,WTC-4M,18,BattleMech,40,1067,3055
8371,"Watchman WTC-4MB ""Belle""",Watchman,"WTC-4MB ""Belle""",18,BattleMech,40,1234,3144
7671,Water Elemental Mining Suit (Sqd5),Water Elemental Mining Suit,(Sqd5),21,Infantry,1,142,2842
5395,Waterspout-class Strike Hydrofoil,Waterspout-class Strike Hydrofoil,,19,Combat Vehicle,25,0,Unknown
5396,Wayland Mobile Base  ,Wayland Mobile Base, ,24,Support Vehicle,150,953,2541
5397,Weapons Carrier A (LL),Weapons Carrier A,(LL),19,Combat Vehicle,25,0,2925
5398,Weapons Carrier A (LRM),Weapons Carrier A,(LRM),19,Combat Vehicle,0,0,2924
8304,Weapons/Troop Carrier (LRM),Weapons/Troop Carrier,(LRM),19,Combat Vehicle,20,324,3025
6404,Wendigo A,Wendigo,A,18,BattleMech,50,2072,3135
6405,Wendigo B,Wendigo,B,18,BattleMech,50,2369,3135
6406,Wendigo C,Wendigo,C,18,BattleMech,50,2623,3135
6402,Wendigo Prime,Wendigo,Prime,18,BattleMech,50,2122,3135
6409,Wendigo VP A,Wendigo VP,A,18,BattleMech,50,2414,3134
6408,Wendigo VP Prime,Wendigo VP,Prime,18,BattleMech,50,2360,3134
3535,Werewolf WER-LF-004,Werewolf,WER-LF-004,18,BattleMech,40,802,3056
3536,Werewolf WER-LF-005,Werewolf,WER-LF-005,18,BattleMech,40,1082,3060
5399,Wheeled PPC Carrier  ,Wheeled PPC Carrier, ,19,Combat Vehicle,0,0,Unknown
5401,Wheeled Scout  ,Wheeled Scout, ,19,Combat Vehicle,20,291,2510
7819,Wheeled Scout (Camera),Wheeled Scout,(Camera),19,Combat Vehicle,20,291,2510
7820,Wheeled Scout (Sensors),Wheeled Scout,(Sensors),19,Combat Vehicle,20,291,2596
8156,Wheeler-Class Station (2556),Wheeler-Class Station,(2556),81,Advanced Aerospace,200000,0,2556
8157,Wheeler-Class Station (2802),Wheeler-Class Station,(2802),81,Advanced Aerospace,200000,0,2802
8147,Whippet Light VTOL  ,Whippet Light VTOL, ,24,Support Vehicle,0,0,Unknown
5402,Whirlwind Destroyer (2606),Whirlwind Destroyer,(2606),81,Advanced Aerospace,520000,0,2606
5403,Whirlwind Destroyer (Clan),Whirlwind Destroyer,(Clan),81,Advanced Aerospace,520000,0,2901
9362,Whirlwind Scout Hover Tank  ,Whirlwind Scout Hover Tank, ,19,Combat Vehicle,45,667,2890
9364,Whirlwind Scout Hover Tank (AAA),Whirlwind Scout Hover Tank,(AAA),19,Combat Vehicle,45,811,3064
9363,Whirlwind Scout Hover Tank (IFV),Whirlwind Scout Hover Tank,(IFV),19,Combat Vehicle,45,667,3139
5404,White Flame WHF-3B,White Flame,WHF-3B,18,BattleMech,70,1637,3065
5405,White Flame WHF-3C,White Flame,WHF-3C,18,BattleMech,70,1826,3069
5693,White Flame WHF-4C,White Flame,WHF-4C,18,BattleMech,70,1680,3077
7794,White Raven  ,White Raven, ,18,BattleMech,75,2941,3127
7795,White Raven 2,White Raven,2,18,BattleMech,75,2703,3149
4540,White Wolverine Arctic Crawler  ,White Wolverine Arctic Crawler, ,24,Support Vehicle,8,0,2554
5407,Whitestreak Jetski  ,Whitestreak Jetski, ,24,Support Vehicle,0.1,0,2320
5408,Whitestreak Speedboat  ,Whitestreak Speedboat, ,24,Support Vehicle,0.23,0,2322
8146,Whitestreak Speedboat (MIM),Whitestreak Speedboat,(MIM),24,Support Vehicle,0.23,0,Unknown
3537,Whitworth WTH-0,Whitworth,WTH-0,18,BattleMech,40,863,2754
3538,Whitworth WTH-1,Whitworth,WTH-1,18,BattleMech,40,982,2689
3539,Whitworth WTH-1H,Whitworth,WTH-1H,18,BattleMech,40,993,3066
3540,Whitworth WTH-1S,Whitworth,WTH-1S,18,BattleMech,40,917,2610
3541,Whitworth WTH-2,Whitworth,WTH-2,18,BattleMech,40,936,3050
3542,Whitworth WTH-2A,Whitworth,WTH-2A,18,BattleMech,40,1055,3068
9428,Whitworth WTH-2H,Whitworth,WTH-2H,18,BattleMech,40,1148,3139
3543,Whitworth WTH-3,Whitworth,WTH-3,18,BattleMech,40,882,3069
3544,Whitworth WTH-5S,Whitworth,WTH-5S,18,BattleMech,40,1230,3074
3545,Whitworth WTH-K,Whitworth,WTH-K,18,BattleMech,40,958,3070
3546,Wight WGT-1LAW/SC,Wight,WGT-1LAW/SC,18,BattleMech,35,1142,3069
3547,Wight WGT-1LAW/SC3,Wight,WGT-1LAW/SC3,18,BattleMech,35,1057,3070
3548,Wight WGT-2LAW,Wight,WGT-2LAW,18,BattleMech,35,939,3075
3549,Wight WGT-2LAWC3,Wight,WGT-2LAWC3,18,BattleMech,35,821,3075
3550,Wight WGT-2SC,Wight,WGT-2SC,18,BattleMech,35,1093,3069
3551,Wight WGT-3SC,Wight,WGT-3SC,18,BattleMech,35,1125,3076
5600,"Wight WGT-4NC ""Dezgra""",Wight,"WGT-4NC ""Dezgra""",18,BattleMech,35,1578,3074
5409,Wildfire P1-WF,Wildfire,P1-WF,18,BattleMech,65,1292,3053
5410,Wildkatze WKT-1S,Wildkatze,WKT-1S,17,Aerospace,45,1291,3086
5411,Wildkatze WKT-2S,Wildkatze,WKT-2S,17,Aerospace,45,0,3090
5412,Winchester Cruiser  ,Winchester Cruiser, ,81,Advanced Aerospace,740000,0,2364
5413,Windstreak Z70,Windstreak,Z70,24,Support Vehicle,0,0,3062
3553,Winston Combat Vehicle  ,Winston Combat Vehicle, ,19,Combat Vehicle,70,1551,3086
3552,Winston Combat Vehicle (LAC),Winston Combat Vehicle,(LAC),19,Combat Vehicle,70,1314,3086
6798,Winston Combat Vehicle (Support),Winston Combat Vehicle,(Support),19,Combat Vehicle,70,1830,3107
6799,Winston Combat Vehicle (TSEMP),Winston Combat Vehicle,(TSEMP),19,Combat Vehicle,70,2565,3114
6800,Winston Combat Vehicle (XXL),Winston Combat Vehicle,(XXL),19,Combat Vehicle,70,1621,3133
6594,Winterhawk APC  ,Winterhawk APC, ,19,Combat Vehicle,20,204,3059
3554,Wolf Trap (Tora) WFT-1,Wolf Trap (Tora),WFT-1,18,BattleMech,45,1070,3051
3555,Wolf Trap (Tora) WFT-1 (Daitama),Wolf Trap (Tora),WFT-1 (Daitama),18,BattleMech,45,1290,3060
3556,Wolf Trap (Tora) WFT-2,Wolf Trap (Tora),WFT-2,18,BattleMech,45,1227,3071
5415,Wolf Trap (Tora) WFT-2B,Wolf Trap (Tora),WFT-2B,18,BattleMech,45,1439,3080
3557,"Wolf Trap (Tora) WFT-2X ""Bear Trap""",Wolf Trap (Tora),"WFT-2X ""Bear Trap""",18,BattleMech,45,1211,3075
3558,Wolf Trap (Tora) WFT-B,Wolf Trap (Tora),WFT-B,18,BattleMech,45,1021,3069
3559,Wolf Trap (Tora) WFT-C,Wolf Trap (Tora),WFT-C,18,BattleMech,45,1001,3060
7425,Wolfhound (Lucian Finn),Wolfhound,(Lucian Finn),18,BattleMech,35,1941,3062
3570,"Wolfhound IIC ""Grinner""",Wolfhound IIC,"""Grinner""",18,BattleMech,35,1579,3051
3560,Wolfhound WLF-1,Wolfhound,WLF-1,18,BattleMech,35,949,3028
5416,Wolfhound WLF-1 (Allard),Wolfhound,WLF-1 (Allard),18,BattleMech,35,1941,3062
3561,Wolfhound WLF-1A,Wolfhound,WLF-1A,18,BattleMech,35,967,3028
3562,Wolfhound WLF-1B,Wolfhound,WLF-1B,18,BattleMech,35,967,3028
3563,Wolfhound WLF-2,Wolfhound,WLF-2,18,BattleMech,35,1061,3052
5417,Wolfhound WLF-2H,Wolfhound,WLF-2H,18,BattleMech,35,1511,3082
3564,Wolfhound WLF-2X,Wolfhound,WLF-2X,18,BattleMech,35,1812,3072
3565,Wolfhound WLF-3M,Wolfhound,WLF-3M,18,BattleMech,35,786,3077
3566,Wolfhound WLF-3S,Wolfhound,WLF-3S,18,BattleMech,35,1176,3064
3567,Wolfhound WLF-4W,Wolfhound,WLF-4W,18,BattleMech,35,1090,3069
3568,Wolfhound WLF-4WA,Wolfhound,WLF-4WA,18,BattleMech,35,1050,3071
3569,Wolfhound WLF-5,Wolfhound,WLF-5,18,BattleMech,35,1290,3079
8223,Wolfhound WLF-6S,Wolfhound,WLF-6S,18,BattleMech,35,1266,3133
5418,Wolverine (Victor),Wolverine,(Victor),18,BattleMech,55,0,3059
3585,Wolverine II WVR-7H,Wolverine II,WVR-7H,18,BattleMech,55,1301,2770
8255,Wolverine WVR-10D,Wolverine,WVR-10D,18,BattleMech,55,1925,3143
8256,Wolverine WVR-10R,Wolverine,WVR-10R,18,BattleMech,55,1791,3115
8257,Wolverine WVR-10V2,Wolverine,WVR-10V2,18,BattleMech,55,1747,3143
8258,Wolverine WVR-11M,Wolverine,WVR-11M,18,BattleMech,55,1778,3122
7406,Wolverine WVR-1R,Wolverine,WVR-1R,18,BattleMech,55,885,2471
7408,Wolverine WVR-3R,Wolverine,WVR-3R,18,BattleMech,55,867,2490
7430,Wolverine WVR-6D,Wolverine,WVR-6D,18,BattleMech,55,1115,2612
3571,Wolverine WVR-6K,Wolverine,WVR-6K,18,BattleMech,55,1248,2598
3572,Wolverine WVR-6M,Wolverine,WVR-6M,18,BattleMech,55,1291,2816
3573,Wolverine WVR-6R,Wolverine,WVR-6R,18,BattleMech,55,1101,2575
8221,Wolverine WVR-6T,Wolverine,WVR-6T,18,BattleMech,55,0,Unknown
3574,Wolverine WVR-7D,Wolverine,WVR-7D,18,BattleMech,55,1314,3050
3575,Wolverine WVR-7K,Wolverine,WVR-7K,18,BattleMech,55,1331,3050
3576,Wolverine WVR-7M,Wolverine,WVR-7M,18,BattleMech,55,1673,3050
8253,Wolverine WVR-7M2,Wolverine,WVR-7M2,18,BattleMech,55,1752,3072
3577,Wolverine WVR-8C,Wolverine,WVR-8C,18,BattleMech,55,1447,3067
3578,Wolverine WVR-8D,Wolverine,WVR-8D,18,BattleMech,55,1547,3066
3579,Wolverine WVR-8K,Wolverine,WVR-8K,18,BattleMech,55,1576,3064
3580,Wolverine WVR-9D,Wolverine,WVR-9D,18,BattleMech,55,1369,3066
3581,Wolverine WVR-9K,Wolverine,WVR-9K,18,BattleMech,55,1419,3074
3582,Wolverine WVR-9M,Wolverine,WVR-9M,18,BattleMech,55,1617,3073
8254,Wolverine WVR-9R,Wolverine,WVR-9R,18,BattleMech,55,1481,3089
3583,Wolverine WVR-9W,Wolverine,WVR-9W,18,BattleMech,55,1404,3073
3584,Wolverine WVR-9W2,Wolverine,WVR-9W2,18,BattleMech,55,1480,3077
3586,Woodsman A,Woodsman,A,18,BattleMech,75,2741,2866
5422,Woodsman Arrow IV,Woodsman,Arrow IV,18,BattleMech,75,0,Unknown
7643,Woodsman B,Woodsman,B,18,BattleMech,75,2414,2866
7644,Woodsman C,Woodsman,C,18,BattleMech,75,2230,3149
7645,Woodsman D,Woodsman,D,18,BattleMech,75,1902,3149
3587,Woodsman Prime,Woodsman,Prime,18,BattleMech,75,2623,2866
8726,Wraith Battle Armor (Anti-Infantry) (Sqd5),Wraith Battle Armor,(Anti-Infantry) (Sqd5),21,Infantry,1,391,3116
9089,Wraith Battle Armor (Anti-Infantry) (Sqd6),Wraith Battle Armor,(Anti-Infantry) (Sqd6),21,Infantry,1,502,3116
8725,Wraith Battle Armor (Sqd5),Wraith Battle Armor,(Sqd5),21,Infantry,1,392,3116
9088,Wraith Battle Armor (Sqd6),Wraith Battle Armor,(Sqd6),21,Infantry,1,503,3116
3588,Wraith TR1,Wraith,TR1,18,BattleMech,55,1287,3055
3589,Wraith TR2,Wraith,TR2,18,BattleMech,55,1485,3057
8381,"Wraith TR2-P ""Pocahontas""",Wraith,"TR2-P ""Pocahontas""",18,BattleMech,55,2051,3141
3590,"Wraith TR2-X ""Alexander""",Wraith,"TR2-X ""Alexander""",18,BattleMech,55,1816,3076
3591,Wraith TR3,Wraith,TR3,18,BattleMech,55,1310,3065
9269,Wraith TR5,Wraith,TR5,18,BattleMech,55,1581,3140
6257,Wulfen A,Wulfen,A,18,BattleMech,30,1615,3137
6258,Wulfen B,Wulfen,B,18,BattleMech,30,1806,3137
6259,Wulfen C,Wulfen,C,18,BattleMech,30,1334,3137
6260,Wulfen D,Wulfen,D,18,BattleMech,30,859,3137
6261,Wulfen E,Wulfen,E,18,BattleMech,30,1839,3137
6262,Wulfen H,Wulfen,H,18,BattleMech,30,1556,3137
6256,Wulfen Prime,Wulfen,Prime,18,BattleMech,30,983,3137
3592,Wusun A,Wusun,A,17,Aerospace,55,2372,3084
3593,Wusun B,Wusun,B,17,Aerospace,55,2453,3084
3594,Wusun C,Wusun,C,17,Aerospace,55,2368,3084
6815,Wusun D,Wusun,D,17,Aerospace,55,2362,3121
3595,Wusun Prime,Wusun,Prime,17,Aerospace,55,2453,3084
7319,Wyvern City WVE-5UX,Wyvern City,WVE-5UX,18,BattleMech,45,1273,2685
3601,Wyvern IIC  ,Wyvern IIC, ,18,BattleMech,45,1624,2843
3602,Wyvern IIC 2,Wyvern IIC,2,18,BattleMech,45,1537,3071
3596,Wyvern WVE-10N,Wyvern,WVE-10N,18,BattleMech,45,1199,3065
3597,Wyvern WVE-5N,Wyvern,WVE-5N,18,BattleMech,45,1089,2660
3598,Wyvern WVE-5Nb,Wyvern,WVE-5Nb,18,BattleMech,45,1006,2660
5875,Wyvern WVE-5Nsl,Wyvern,WVE-5Nsl,18,BattleMech,45,0,Unknown
3599,Wyvern WVE-6N,Wyvern,WVE-6N,18,BattleMech,45,1005,2821
3600,Wyvern WVE-9N,Wyvern,WVE-9N,18,BattleMech,45,1067,3052
6640,Würger  ,Würger, ,17,Aerospace,160,2284,3099
3607,XCT Marine  ,XCT Marine, ,21,Infantry,3,145,2500
3603,Xanthos XNT-2O,Xanthos,XNT-2O,18,BattleMech,100,1300,2564
3604,Xanthos XNT-3O,Xanthos,XNT-3O,18,BattleMech,100,1948,2579
3605,Xanthos XNT-4O,Xanthos,XNT-4O,18,BattleMech,100,2548,3068
3606,Xanthos XNT-5O,Xanthos,XNT-5O,18,BattleMech,100,2146,3076
6825,Xanthos XNT-6O,Xanthos,XNT-6O,18,BattleMech,100,2300,3094
6824,Xanthos XNT-7O,Xanthos,XNT-7O,18,BattleMech,100,2620,3119
3608,Xenoplanetary Infantry  ,Xenoplanetary Infantry, ,21,Infantry,3,80,3054
5425,Xerxes  ,Xerxes, ,17,Aerospace,85,2350,2827
5426,Xerxes 2,Xerxes,2,17,Aerospace,85,2479,3069
5760,Xerxes 3,Xerxes,3,17,Aerospace,85,2743,3070
6484,Xiphos Assault Battle Armor A (Sqd4),Xiphos Assault Battle Armor,A (Sqd4),21,Infantry,2,397,3116
8758,Xiphos Assault Battle Armor A (Sqd5),Xiphos Assault Battle Armor,A (Sqd5),21,Infantry,2,535,3116
9121,Xiphos Assault Battle Armor A (Sqd6),Xiphos Assault Battle Armor,A (Sqd6),21,Infantry,2,688,3116
6485,Xiphos Assault Battle Armor B (Sqd4),Xiphos Assault Battle Armor,B (Sqd4),21,Infantry,2,357,3116
8759,Xiphos Assault Battle Armor B (Sqd5),Xiphos Assault Battle Armor,B (Sqd5),21,Infantry,2,480,3116
9122,Xiphos Assault Battle Armor B (Sqd6),Xiphos Assault Battle Armor,B (Sqd6),21,Infantry,2,617,3116
6486,Xiphos Assault Battle Armor C (Sqd4),Xiphos Assault Battle Armor,C (Sqd4),21,Infantry,2,357,3116
8760,Xiphos Assault Battle Armor C (Sqd5),Xiphos Assault Battle Armor,C (Sqd5),21,Infantry,2,480,3116
9123,Xiphos Assault Battle Armor C (Sqd6),Xiphos Assault Battle Armor,C (Sqd6),21,Infantry,2,617,3116
5427,Yamato Battleship  ,Yamato Battleship, ,81,Advanced Aerospace,0,0,Unknown
5428,Yan Stutter  ,Yan Stutter, ,24,Support Vehicle,0,0,3011
3609,Yao Lien YOL-4C,Yao Lien,YOL-4C,18,BattleMech,55,1586,3086
3612,Yasha VTOL  ,Yasha VTOL, ,19,Combat Vehicle,30,799,3085
3610,"Yasha VTOL ""Spectre""",Yasha VTOL,"""Spectre""",19,Combat Vehicle,30,677,3085
3611,Yasha VTOL (Interdictor),Yasha VTOL,(Interdictor),19,Combat Vehicle,30,631,3085
3617,Yellow Jacket Gunship  ,Yellow Jacket Gunship, ,19,Combat Vehicle,30,782,3058
3613,Yellow Jacket Gunship (Ammo),Yellow Jacket Gunship,(Ammo),19,Combat Vehicle,30,803,3058
3614,Yellow Jacket Gunship (Arrow IV),Yellow Jacket Gunship,(Arrow IV),19,Combat Vehicle,30,612,3067
3615,Yellow Jacket Gunship (PPC),Yellow Jacket Gunship,(PPC),19,Combat Vehicle,30,582,3076
3616,Yellow Jacket Gunship (RAC),Yellow Jacket Gunship,(RAC),19,Combat Vehicle,30,797,3066
3618,Yeoman YMN-10-OR,Yeoman,YMN-10-OR,18,BattleMech,60,1319,3070
3619,Yeoman YMN-6Y,Yeoman,YMN-6Y,18,BattleMech,60,1344,3060
6455,Yinghuochong YHC-3E,Yinghuochong,YHC-3E,18,BattleMech,35,1401,3137
6456,Yinghuochong YHC-3Y,Yinghuochong,YHC-3Y,18,BattleMech,35,1548,3137
3620,Ymir BWP-2B,Ymir,BWP-2B,18,BattleMech,90,1289,2475
5429,Ymir BWP-2E,Ymir,BWP-2E,18,BattleMech,90,1393,2478
3622,Ymir BWP-3A,Ymir,BWP-3A,18,BattleMech,90,1491,2733
3623,Ymir BWP-X1,Ymir,BWP-X1,18,BattleMech,90,1194,2462
5430,York Destroyer/Carrier  ,York Destroyer/Carrier, ,81,Advanced Aerospace,600000,0,2947
5544,Yu Huang (Carson),Yu Huang,(Carson),18,BattleMech,90,2464,Unknown
3624,Yu Huang Y-H10G,Yu Huang,Y-H10G,18,BattleMech,90,2433,3060
3625,Yu Huang Y-H11G,Yu Huang,Y-H11G,18,BattleMech,90,2131,3075
8010,Yu Huang Y-H12GC,Yu Huang,Y-H12GC,18,BattleMech,90,2298,3146
3626,Yu Huang Y-H9G,Yu Huang,Y-H9G,18,BattleMech,90,2074,3060
3627,Yu Huang Y-H9GB,Yu Huang,Y-H9GB,18,BattleMech,90,2039,3068
3628,Yu Huang Y-H9GC,Yu Huang,Y-H9GC,18,BattleMech,90,2017,3067
5431,Yurei S-YR-1LAM,Yurei,S-YR-1LAM,18,BattleMech,40,2106,3077
6473,Yùn Y-2,Yùn,Y-2,17,Aerospace,40,953,3107
6444,Zahn Heavy Transport  ,Zahn Heavy Transport, ,19,Combat Vehicle,65,792,3108
5432,Zanadu Air Bus  ,Zanadu Air Bus, ,24,Support Vehicle,80,0,3004
5433,Zechetinu Corvette  ,Zechetinu Corvette, ,81,Advanced Aerospace,180000,0,3058
5434,Zechetinu II Corvette  ,Zechetinu II Corvette, ,81,Advanced Aerospace,180000,34084,3059
3632,Zephyr Hovertank  ,Zephyr Hovertank, ,19,Combat Vehicle,40,904,2621
3629,Zephyr Hovertank (C3i),Zephyr Hovertank,(C3i),19,Combat Vehicle,40,820,3062
3630,Zephyr Hovertank (LRM),Zephyr Hovertank,(LRM),19,Combat Vehicle,40,867,3063
7301,Zephyr Hovertank (OmniDrone) A,Zephyr Hovertank (OmniDrone),A,19,Combat Vehicle,40,686,3096
7302,Zephyr Hovertank (OmniDrone) B,Zephyr Hovertank (OmniDrone),B,19,Combat Vehicle,40,509,3096
7303,Zephyr Hovertank (OmniDrone) C,Zephyr Hovertank (OmniDrone),C,19,Combat Vehicle,40,478,3096
7300,Zephyr Hovertank (OmniDrone) Prime,Zephyr Hovertank (OmniDrone),Prime,19,Combat Vehicle,40,676,3096
3631,Zephyr Hovertank (Royal),Zephyr Hovertank,(Royal),19,Combat Vehicle,40,811,2621
5435,Zephyr Hovertank (SRM2),Zephyr Hovertank,(SRM2),19,Combat Vehicle,40,896,2620
7674,Zephyr Hovertank EC,Zephyr Hovertank,EC,19,Combat Vehicle,40,967,2820
3634,Zephyros Infantry Support Vehicle  ,Zephyros Infantry Support Vehicle, ,19,Combat Vehicle,25,840,3084
3633,Zephyros Infantry Support Vehicle (Dual Turret),Zephyros Infantry Support Vehicle,(Dual Turret),19,Combat Vehicle,25,844,3086
3635,Zero ZRO-114,Zero,ZRO-114,17,Aerospace,35,881,2703
3636,Zero ZRO-115,Zero,ZRO-115,17,Aerospace,35,985,3055
3637,Zero ZRO-116b,Zero,ZRO-116b,17,Aerospace,35,1044,2707
5557,Zero ZRO-CX-3,Zero,ZRO-CX-3,17,Aerospace,35,0,3073
3638,Zeus (Leonidas),Zeus,(Leonidas),18,BattleMech,80,1878,3056
3639,Zeus ZEU-10WB,Zeus,ZEU-10WB,18,BattleMech,80,2075,3070
7455,Zeus ZEU-11S,Zeus,ZEU-11S,18,BattleMech,80,2280,3130
3640,Zeus ZEU-5S,Zeus,ZEU-5S,18,BattleMech,80,1474,2788
3641,Zeus ZEU-5T,Zeus,ZEU-5T,18,BattleMech,80,1729,2787
7432,Zeus ZEU-6A,Zeus,ZEU-6A,18,BattleMech,80,1405,2940
3642,Zeus ZEU-6S,Zeus,ZEU-6S,18,BattleMech,80,1348,2898
5437,Zeus ZEU-6S-DC,Zeus,ZEU-6S-DC,18,BattleMech,80,0,3001
5436,Zeus ZEU-6S1,Zeus,ZEU-6S1,18,BattleMech,80,0,3001
3643,Zeus ZEU-6T,Zeus,ZEU-6T,18,BattleMech,80,1436,3026
5772,Zeus ZEU-6Y,Zeus,ZEU-6Y,18,BattleMech,80,1323,2922
3644,Zeus ZEU-9S,Zeus,ZEU-9S,18,BattleMech,80,1639,3048
5438,Zeus ZEU-9S-DC,Zeus,ZEU-9S-DC,18,BattleMech,80,1612,3049
5459,Zeus ZEU-9S2,Zeus,ZEU-9S2,18,BattleMech,80,1769,3051
3645,Zeus ZEU-9T,Zeus,ZEU-9T,18,BattleMech,80,1835,3062
3646,Zeus-X ZEU-9WD,Zeus-X,ZEU-9WD,18,BattleMech,80,1716,3067
3647,Zeus-X ZEU-9WD (Stacy),Zeus-X,ZEU-9WD (Stacy),18,BattleMech,80,1921,3070
6631,Zeus-X ZEU-X,Zeus-X,ZEU-X,18,BattleMech,80,2119,3054
6632,Zeus-X ZEU-X2,Zeus-X,ZEU-X2,18,BattleMech,80,1915,3069
6633,Zeus-X ZEU-X3,Zeus-X,ZEU-X3,18,BattleMech,80,2178,3089
6630,Zeus-X ZEU-X4,Zeus-X,ZEU-X4,18,BattleMech,80,2193,3119
6474,Zhen Niao  ,Zhen Niao, ,17,Aerospace,140,1148,3101
3650,Zhukov Heavy Tank  ,Zhukov Heavy Tank, ,19,Combat Vehicle,75,920,3030
3648,Zhukov Heavy Tank (LB-X),Zhukov Heavy Tank,(LB-X),19,Combat Vehicle,75,956,3073
3649,Zhukov Heavy Tank (Liao),Zhukov Heavy Tank,(Liao),19,Combat Vehicle,75,1021,3076
3651,Zhukov Heavy Tank (WoB),Zhukov Heavy Tank,(WoB),19,Combat Vehicle,75,939,3072
6322,Zibler Fast Strike Tank A,Zibler Fast Strike Tank,A,19,Combat Vehicle,50,664,3096
6323,Zibler Fast Strike Tank B,Zibler Fast Strike Tank,B,19,Combat Vehicle,50,1072,3096
6324,Zibler Fast Strike Tank C,Zibler Fast Strike Tank,C,19,Combat Vehicle,50,1017,3096
6325,Zibler Fast Strike Tank D,Zibler Fast Strike Tank,D,19,Combat Vehicle,50,1021,3096
6321,Zibler Fast Strike Tank Prime,Zibler Fast Strike Tank,Prime,19,Combat Vehicle,50,1205,3096
3654,Zorya Light Tank  ,Zorya Light Tank, ,19,Combat Vehicle,35,562,2842
3653,Zorya Light Tank (ATM),Zorya Light Tank,(ATM),19,Combat Vehicle,35,693,3068
3652,Zorya Light Tank (Ammo),Zorya Light Tank,(Ammo),19,Combat Vehicle,35,575,2842
6370,Zou Heavy Battle Armor (C3) (Sqd4),Zou Heavy Battle Armor,(C3) (Sqd4),21,Infantry,1.5,290,3113
6369,Zou Heavy Battle Armor (Sqd4),Zou Heavy Battle Armor,(Sqd4),21,Infantry,1.5,381,3113
3655,Zugvogel Omni Support Aircraft A,Zugvogel Omni Support Aircraft,A,24,Support Vehicle,200,712,3083
3656,Zugvogel Omni Support Aircraft B,Zugvogel Omni Support Aircraft,B,24,Support Vehicle,200,570,3083
3657,Zugvogel Omni Support Aircraft C,Zugvogel Omni Support Aircraft,C,24,Support Vehicle,200,570,3083
3658,Zugvogel Omni Support Aircraft D,Zugvogel Omni Support Aircraft,D,24,Support Vehicle,200,2022,3083
3659,Zugvogel Omni Support Aircraft E,Zugvogel Omni Support Aircraft,E,24,Support Vehicle,200,1028,3083
6807,Zugvogel Omni Support Aircraft F,Zugvogel Omni Support Aircraft,F,24,Support Vehicle,200,2894,3095
3660,Zugvogel Omni Support Aircraft Prime,Zugvogel Omni Support Aircraft,Prime,24,Support Vehicle,200,1211,3083
5778,Şoarece Superheavy MBT  ,Şoarece Superheavy MBT, ,19,Combat Vehicle,175,2285,2881
